# Blender 5.1.2
# www.blender.org
mtllib stage.mtl
o stage.001
v 0.267552 -0.000002 -13.619129
v -1.620537 -0.000002 -13.619129
v -3.426107 -0.000002 -13.619129
v -5.070246 -0.000002 -13.619129
v -6.481099 -0.000002 -13.619143
v -7.836044 -0.000002 -13.619143
v 8.102818 -0.000002 -13.619143
v 7.016212 -0.000002 -13.619129
v 5.605363 -0.000002 -13.619129
v 3.961226 -0.000002 -13.619129
v 2.155659 -0.000002 -13.619129
v -10.035687 -0.000002 -13.619143
v -11.037884 -0.000002 -13.619143
v -11.996280 -0.000002 -13.619143
v -12.868989 -0.000002 -13.619143
v -13.617871 -0.000002 -13.619143
v -13.676434 0.000000 3.530556
v -9.033481 -0.000002 -13.619143
v 10.034117 -0.000002 -13.619143
v 9.031920 -0.000002 -13.619143
v 13.680594 0.000000 3.530560
v 13.616304 -0.000002 -13.619143
v 12.867426 -0.000002 -13.619143
v 11.994718 -0.000002 -13.619143
v 11.036324 -0.000002 -13.619143
v 0.267552 1.136898 -13.619129
v -1.620537 1.136898 -13.619129
v -3.426107 1.136898 -13.619129
v -5.070246 1.136898 -13.619129
v -6.481099 1.136898 -13.619143
v -7.836044 1.136898 -13.619143
v -7.540440 1.136900 10.155648
v -6.236115 1.136901 11.700124
v -4.877975 1.136901 12.922998
v -3.295264 1.136901 13.836777
v -1.557154 1.136901 14.401524
v 0.260392 1.136901 14.592555
v 2.077938 1.136901 14.401523
v 3.816049 1.136901 13.836777
v 5.398760 1.136901 12.922997
v 6.756899 1.136901 11.700123
v 7.802913 1.136900 10.155647
v 8.102818 1.136898 -13.619143
v 7.016212 1.136898 -13.619129
v 5.605363 1.136898 -13.619129
v 3.961226 1.136898 -13.619129
v 2.155659 1.136898 -13.619129
v -10.035687 1.136898 -13.619143
v -11.037884 1.136898 -13.619143
v -11.996280 1.136898 -13.619143
v -12.868989 1.136898 -13.619143
v -13.617871 1.136898 -13.619143
v -13.676434 1.136900 3.530556
v -14.070994 1.136900 4.416756
v -14.272684 1.136900 5.365625
v -14.272684 1.136900 6.335692
v -14.070994 1.136900 7.284561
v -13.676433 1.136900 8.170762
v -13.106242 1.136900 8.955563
v -12.385341 1.136900 9.604664
v -11.545238 1.136900 10.089698
v -10.622649 1.136901 10.389464
v -9.657897 1.136901 10.490865
v -8.693143 1.136901 10.389464
v -9.033481 1.136898 -13.619143
v 10.034117 1.136898 -13.619143
v 9.031920 1.136898 -13.619143
v 8.697304 1.136901 10.389464
v 9.662056 1.136901 10.490865
v 10.626809 1.136901 10.389464
v 11.549398 1.136900 10.089697
v 12.389501 1.136900 9.604664
v 13.110401 1.136900 8.955562
v 13.680593 1.136900 8.170761
v 14.075153 1.136900 7.284561
v 14.276842 1.136900 6.335693
v 14.276843 1.136900 5.365627
v 14.075155 1.136900 4.416759
v 13.680594 1.136900 3.530560
v 13.616304 1.136898 -13.619143
v 12.867426 1.136898 -13.619143
v 11.994718 1.136898 -13.619143
v 11.036324 1.136898 -13.619143
v 8.849162 0.757934 10.540008
v 9.662056 0.757934 10.625447
v 10.654791 0.757934 10.521106
v 11.604138 0.757934 10.212644
v 12.468606 0.757934 9.713543
v 13.210415 0.757934 9.045615
v 13.797144 0.757934 8.238052
v 14.075153 0.757934 7.284561
v 14.410687 0.757934 6.349761
v 14.410688 0.757933 5.351560
v -13.617871 0.757931 -13.619143
v 14.230652 0.757933 4.504555
v -13.676434 0.757933 3.530556
v 13.680594 0.757933 3.530560
v -14.221696 0.757933 4.481992
v -7.540440 0.757934 10.155648
v 13.616304 0.757931 -13.619143
v -14.272684 0.757933 5.365625
v -6.232774 0.757934 11.883239
v -14.272684 0.757934 6.335692
v -4.957080 0.757934 13.031878
v -14.070994 0.757934 7.284561
v -3.350004 0.757934 13.959723
v -13.792984 0.757934 8.238053
v -1.585135 0.757935 14.533165
v -13.206256 0.757934 9.045616
v 0.260392 0.757935 14.727138
v -12.385341 0.757934 9.604664
v 2.077938 0.757935 14.401523
v -11.545238 0.757934 10.089698
v 3.816049 0.757934 13.836777
v -10.622649 0.757934 10.389464
v 5.477866 0.757934 13.031877
v -9.657897 0.757934 10.490865
v 6.723410 0.757934 11.910383
v -8.806061 0.757934 10.535915
v 7.802913 0.757934 10.155647
v 8.826018 0.000001 11.742177
v 8.960137 0.378968 11.611540
v -7.196207 0.000002 12.630216
v -7.979519 0.000001 11.418208
v -5.663685 0.000002 14.004436
v -3.838961 0.000002 15.057940
v -1.835075 0.000002 15.709043
v 0.260393 0.000002 15.929285
v 2.355860 0.000002 15.709042
v 4.359746 0.000002 15.057940
v 6.184471 0.000002 14.004436
v 7.493597 0.000002 12.822919
v 8.111362 0.000001 11.713443
v -15.051554 0.000000 3.996289
v -13.667415 0.000000 2.458973
v -15.483762 0.000001 5.225898
v -15.602091 0.000001 6.475420
v -15.342300 0.000001 7.697635
v -14.834075 0.000001 8.839127
v -14.099627 0.000001 9.850010
v -13.171050 0.000001 10.686102
v -12.088934 0.000001 11.310862
v -10.900571 0.000001 11.696984
v -9.657897 0.000001 11.827595
v -8.490182 0.000001 11.710697
v 9.662056 0.000001 11.827595
v 10.904731 0.000001 11.696984
v 12.093096 0.000001 11.310861
v 13.175211 0.000001 10.686101
v 14.103786 0.000001 9.850009
v 14.838235 0.000001 8.839126
v 15.346459 0.000001 7.697634
v 15.606249 0.000001 6.475421
v 15.440696 0.000001 5.157424
v 14.972062 0.000000 4.145949
v 13.676935 0.000000 2.986864
v 9.661846 0.378968 11.683233
v 10.874712 0.378968 11.555757
v 12.034369 0.378968 11.178960
v 13.090344 0.378968 10.569293
v 13.996488 0.378968 9.753398
v 14.713196 0.378967 8.766934
v 15.209143 0.378967 7.653017
v 15.460756 0.378967 6.469271
v 15.301009 0.378967 5.197503
v 14.892373 0.378967 4.315522
v -13.667415 0.378967 2.458973
v 13.676935 0.378967 2.986864
v -14.962667 0.378967 4.176426
v -7.979519 0.378968 11.418208
v -15.342466 0.378967 5.256933
v -6.985648 0.378968 12.626158
v -15.457066 0.378967 6.467070
v -5.578947 0.378968 13.887554
v -15.204984 0.378967 7.653018
v -3.780236 0.378968 14.926040
v -14.709036 0.378967 8.766935
v -1.805056 0.378968 15.567815
v -13.992329 0.378968 9.753399
v 0.260393 0.378968 15.784902
v -13.086184 0.378968 10.569293
v 2.325841 0.378968 15.567814
v -12.030208 0.378968 11.178961
v 4.301020 0.378968 14.926040
v -10.870552 0.378968 11.555757
v 6.099531 0.378968 13.887670
v -9.657540 0.378968 11.683249
v 7.296148 0.378968 12.807694
v -8.655090 0.378968 11.582896
v 8.104226 0.378968 11.726258
v 8.931988 0.378968 11.239483
v 8.896648 0.757934 10.956909
v 9.661946 0.757934 11.036079
v 9.662174 0.378968 11.315022
v 10.740164 0.757934 10.922754
v 10.798163 0.378968 11.195623
v 11.771152 0.757934 10.587766
v 11.884619 0.378968 10.842613
v 12.709964 0.757934 10.045743
v 12.873936 0.378968 10.271430
v 13.515567 0.757934 9.320374
v 13.722878 0.378968 9.507038
v 14.152753 0.757934 8.443362
v 14.394343 0.378967 8.582845
v 14.721668 0.757934 7.494627
v 14.858985 0.378967 7.539244
v 14.952904 0.757934 6.406751
v 15.098181 0.378967 6.413919
v 14.821498 0.757933 5.226093
v 14.962401 0.378967 5.193973
v 14.405298 0.757933 4.444077
v 14.674416 0.378967 4.373106
v -13.667174 0.757933 2.726176
v -13.667174 0.378967 2.726176
v 13.677522 0.757933 3.254066
v 13.677522 0.378967 3.254066
v -14.359940 0.757933 4.398314
v -14.615689 0.378967 4.289879
v -7.763731 0.757934 10.797715
v -7.763731 0.378968 10.797715
v -14.830417 0.757933 5.294568
v -14.971334 0.378967 5.261812
v -6.528195 0.757934 12.169429
v -6.720674 0.378968 12.369464
v -14.948746 0.757934 6.406750
v -15.093948 0.378967 6.414267
v -5.277543 0.757934 13.472957
v -5.362340 0.378968 13.589805
v -14.717509 0.757934 7.494627
v -14.854826 0.378967 7.539244
v -3.571758 0.757935 14.457792
v -3.630484 0.378968 14.589693
v -14.148593 0.757934 8.443363
v -14.390183 0.378967 8.582846
v -1.670508 0.757935 14.934813
v -1.728508 0.378968 15.207683
v -13.511408 0.757934 9.320374
v -13.718719 0.378968 9.507039
v 0.260392 0.757935 15.137758
v 0.260393 0.378968 15.416724
v -12.784908 0.757934 10.154623
v -12.869775 0.378968 10.271432
v 2.219274 0.757935 15.066453
v 2.249293 0.378968 15.207681
v -11.821732 0.757934 10.710712
v -11.880458 0.378968 10.842613
v 4.092543 0.757935 14.457792
v 4.151268 0.378968 14.589693
v -10.763985 0.757934 11.054396
v -10.794003 0.378968 11.195623
v 5.798328 0.757934 13.472956
v 5.884095 0.378968 13.589244
v -9.657897 0.757934 11.170650
v -9.658095 0.378968 11.315013
v 6.925600 0.757934 12.261994
v 7.051797 0.378968 12.507179
v -8.743596 0.757934 10.942550
v -8.711127 0.378968 11.218113
v 7.942902 0.757934 10.948960
v 7.934718 0.378968 10.957937
v 13.648449 -0.000001 -9.805493
v 13.648449 1.136898 -9.805493
v 13.648449 0.757932 -9.805492
v -13.647152 -0.000001 -9.805495
v -13.647152 1.136898 -9.805495
v -13.647152 0.757932 -9.805495
v -9.657897 0.378968 11.827595
v -8.490182 0.378968 11.710697
v 6.184471 0.378968 14.004436
v 7.493597 0.378968 12.822919
v -10.900571 0.378968 11.696984
v 4.359746 0.378968 15.057940
v -12.088934 0.378968 11.310862
v 2.355860 0.378968 15.709042
v -13.171050 0.378968 10.686102
v 0.260393 0.378968 15.929285
v -14.099627 0.378968 9.850010
v -1.835075 0.378968 15.709043
v -14.834075 0.378967 8.839127
v -3.838961 0.378968 15.057940
v -15.342300 0.378967 7.697635
v -5.663685 0.378968 14.004436
v -15.602091 0.378967 6.475420
v -7.196207 0.378968 12.630216
v -15.483762 0.378967 5.225898
v -15.051554 0.378967 3.996289
v 15.440696 0.378967 5.157424
v 14.972062 0.378967 4.145949
v 15.606249 0.378967 6.475421
v 15.346459 0.378967 7.697634
v 14.838235 0.378967 8.839126
v 14.103786 0.378968 9.850009
v 13.175211 0.378968 10.686101
v 12.093096 0.378968 11.310861
v 10.904731 0.378968 11.696984
v 9.662056 0.378968 11.827595
v 8.826018 0.378968 11.742177
v -9.657897 0.378968 11.170650
v -8.589929 0.378968 11.061369
v 5.798328 0.378968 13.472956
v 7.066563 0.378968 12.297731
v -10.763985 0.378968 11.054396
v 4.092543 0.378968 14.457792
v -11.821732 0.378968 10.710712
v 2.219274 0.378968 15.066453
v -12.784908 0.378968 10.154623
v 0.260392 0.378968 15.272341
v -13.611422 0.378968 9.410428
v -1.698489 0.378968 15.066455
v -14.265144 0.378967 8.510654
v -3.571758 0.378968 14.457792
v -14.717509 0.378967 7.494627
v -5.277543 0.378968 13.472957
v -14.948746 0.378967 6.406750
v -6.724364 0.378968 12.173117
v -14.830417 0.378967 5.294568
v -14.429752 0.378967 4.199603
v 14.821498 0.378967 5.226093
v 14.487466 0.378967 4.273979
v 14.952904 0.378967 6.406751
v 14.721668 0.378967 7.494627
v 14.269304 0.378967 8.510653
v 13.615581 0.378968 9.410427
v 12.789069 0.378968 10.154622
v 11.825892 0.378968 10.710712
v 10.768145 0.378968 11.054396
v 9.662056 0.378968 11.170650
v 8.775841 0.378968 11.078971
v -6.724364 0.757934 12.173117
v -6.236115 0.757934 11.700124
v 6.756899 0.757934 11.700123
v 7.095170 0.757934 12.288382
v -9.657897 0.757934 10.625447
v -8.693143 0.757934 10.389464
v 5.398760 0.757934 12.922997
v -10.650630 0.757934 10.521106
v 3.870788 0.757934 13.959723
v -11.599977 0.757934 10.212645
v 2.105920 0.757935 14.533164
v -12.464446 0.757934 9.713543
v 0.260392 0.757935 14.592555
v -13.106242 0.757934 8.955563
v -1.557154 0.757935 14.401524
v -13.676433 0.757934 8.170762
v -3.295264 0.757934 13.836777
v -14.198990 0.757934 7.326149
v -4.877975 0.757934 12.922998
v -14.406529 0.757934 6.349760
v -14.406529 0.757933 5.351557
v -14.070994 0.757933 4.416756
v 14.276843 0.757933 5.365627
v 14.075155 0.757933 4.416759
v 14.276842 0.757934 6.335693
v 14.203149 0.757934 7.326149
v 13.680593 0.757934 8.170761
v 13.110401 0.757934 8.955562
v 12.389501 0.757934 9.604664
v 11.549398 0.757934 10.089697
v 10.626809 0.757934 10.389464
v 9.662056 0.757934 10.490865
v 8.697304 0.757934 10.389464
v -9.657712 0.757934 11.036088
v -8.589929 0.757934 11.061369
v 5.718804 0.757934 13.364318
v -10.736004 0.757934 10.922754
v 4.037803 0.757935 14.334846
v -11.766992 0.757934 10.587766
v 2.191292 0.757935 14.934812
v -12.705803 0.757934 10.045744
v 0.260392 0.757935 15.272341
v -13.611422 0.757934 9.410428
v -1.698489 0.757935 15.066455
v -14.265144 0.757934 8.510654
v -3.517019 0.757935 14.334846
v -14.589514 0.757934 7.453039
v -5.198502 0.757934 13.364040
v -14.813400 0.757934 6.399743
v -14.699064 0.757933 5.325099
v -14.429752 0.757933 4.199603
v 14.690159 0.757933 5.256033
v 14.487466 0.757933 4.273979
v 14.817489 0.757934 6.400070
v 14.593673 0.757934 7.453039
v 14.269304 0.757934 8.510653
v 13.615581 0.757934 9.410427
v 12.789069 0.757934 10.154622
v 11.825892 0.757934 10.710712
v 10.768145 0.757934 11.054396
v 9.662056 0.757934 11.170650
v 8.775841 0.757934 11.078971
v -11.814811 11.908401 -11.892135
v -11.094918 11.069765 -11.892135
v -11.835554 11.881598 -11.869096
v -11.115661 11.042961 -11.869096
v -11.835554 11.881598 -11.823021
v -11.115661 11.042961 -11.823021
v -11.814811 11.908401 -11.799986
v -11.094918 11.069765 -11.799986
v -11.794067 11.935204 -11.823021
v -11.074175 11.096567 -11.823021
v -11.794067 11.935204 -11.869096
v -11.074175 11.096567 -11.869096
v -11.025866 11.902017 -11.878933
v -11.022996 11.051391 -11.878933
v -11.055948 11.901878 -11.854185
v -11.053079 11.051252 -11.854185
v -11.055948 11.901878 -11.804681
v -11.053079 11.051252 -11.804681
v -11.025866 11.902017 -11.779933
v -11.022996 11.051391 -11.779933
v -10.995784 11.902154 -11.804681
v -10.992913 11.051527 -11.804681
v -10.995784 11.902154 -11.854185
v -10.992913 11.051527 -11.854185
v -11.025892 11.880836 -12.772746
v -11.022969 11.090985 -12.772746
v -11.056519 11.880696 -12.747551
v -11.053596 11.090845 -12.747551
v -11.056519 11.880696 -12.697156
v -11.053596 11.090845 -12.697156
v -11.025892 11.880836 -12.671957
v -11.022969 11.090985 -12.671957
v -10.995266 11.880975 -12.697156
v -10.992344 11.091125 -12.697156
v -10.995266 11.880975 -12.747551
v -10.992344 11.091125 -12.747551
v -11.025866 11.079779 -11.870135
v -11.022996 11.079779 -12.693105
v -11.055948 11.055029 -11.870272
v -11.053079 11.055029 -12.693241
v -11.055948 11.005529 -11.870272
v -11.053079 11.005529 -12.693241
v -11.025866 10.980780 -11.870135
v -11.022996 10.980780 -12.693105
v -10.995784 11.005529 -11.869999
v -10.992913 11.005529 -12.692966
v -10.995784 11.055029 -11.869999
v -10.992913 11.055029 -12.692966
v -11.025892 11.970011 -11.881701
v -11.022969 11.970011 -12.680180
v -11.056519 11.944813 -11.881843
v -11.053596 11.944813 -12.680318
v -11.056519 11.894418 -11.881843
v -11.053596 11.894418 -12.680318
v -11.025892 11.869221 -11.881701
v -11.022969 11.869221 -12.680180
v -10.995266 11.894418 -11.881561
v -10.992344 11.894418 -12.680038
v -10.995266 11.944813 -11.881561
v -10.992344 11.944813 -12.680038
v -11.814811 11.908401 -12.777633
v -11.094918 11.069765 -12.777633
v -11.835554 11.881598 -12.754593
v -11.115661 11.042961 -12.754593
v -11.835554 11.881598 -12.708518
v -11.115661 11.042961 -12.708518
v -11.814811 11.908401 -12.685483
v -11.094918 11.069765 -12.685483
v -11.794067 11.935204 -12.708518
v -11.074175 11.096567 -12.708518
v -11.794067 11.935204 -12.754593
v -11.074175 11.096567 -12.754593
v -11.814811 11.085390 -11.869488
v -11.094918 11.085390 -12.708126
v -11.835554 11.062353 -11.896293
v -11.115661 11.062353 -12.734927
v -11.835554 11.016279 -11.896293
v -11.115661 11.016279 -12.734927
v -11.814811 10.993241 -11.869488
v -11.094918 10.993240 -12.708126
v -11.794067 11.016279 -11.842687
v -11.074175 11.016279 -12.681323
v -11.794067 11.062353 -11.842687
v -11.074175 11.062353 -12.681323
v -11.814811 11.972537 -11.869488
v -11.094918 11.972537 -12.708126
v -11.835554 11.949500 -11.896293
v -11.115661 11.949500 -12.734927
v -11.835554 11.903425 -11.896293
v -11.115661 11.903425 -12.734927
v -11.814811 11.880387 -11.869488
v -11.094918 11.880387 -12.708126
v -11.794067 11.903425 -11.842687
v -11.074175 11.903425 -12.681321
v -11.794067 11.949500 -11.842687
v -11.074175 11.949500 -12.681321
v -10.908053 11.908401 -11.892135
v -10.188160 11.069765 -11.892135
v -10.928797 11.881598 -11.869096
v -10.208904 11.042961 -11.869096
v -10.928797 11.881598 -11.823021
v -10.208904 11.042961 -11.823021
v -10.908053 11.908401 -11.799986
v -10.188160 11.069765 -11.799986
v -10.887310 11.935204 -11.823021
v -10.167417 11.096567 -11.823021
v -10.887310 11.935204 -11.869096
v -10.167417 11.096567 -11.869096
v -10.119109 11.902017 -11.878933
v -10.116239 11.051391 -11.878933
v -10.149191 11.901878 -11.854185
v -10.146321 11.051252 -11.854185
v -10.149191 11.901878 -11.804681
v -10.146321 11.051252 -11.804681
v -10.119109 11.902017 -11.779933
v -10.116239 11.051391 -11.779933
v -10.089025 11.902154 -11.804681
v -10.086156 11.051527 -11.804681
v -10.089025 11.902154 -11.854185
v -10.086156 11.051527 -11.854185
v -10.119134 11.880836 -12.772746
v -10.116213 11.090985 -12.772746
v -10.149761 11.880696 -12.747551
v -10.146838 11.090845 -12.747551
v -10.149761 11.880696 -12.697156
v -10.146838 11.090845 -12.697156
v -10.119134 11.880836 -12.671957
v -10.116213 11.090985 -12.671957
v -10.088509 11.880975 -12.697156
v -10.085587 11.091125 -12.697156
v -10.088509 11.880975 -12.747551
v -10.085587 11.091125 -12.747551
v -10.119109 11.079779 -11.870135
v -10.116239 11.079779 -12.693105
v -10.149191 11.055029 -11.870272
v -10.146321 11.055029 -12.693241
v -10.149191 11.005529 -11.870272
v -10.146321 11.005529 -12.693241
v -10.119109 10.980780 -11.870135
v -10.116239 10.980780 -12.693105
v -10.089025 11.005529 -11.869999
v -10.086156 11.005529 -12.692966
v -10.089025 11.055029 -11.869999
v -10.086156 11.055029 -12.692966
v -10.119134 11.970011 -11.881701
v -10.116213 11.970011 -12.680180
v -10.149761 11.944813 -11.881843
v -10.146838 11.944813 -12.680318
v -10.149761 11.894418 -11.881843
v -10.146838 11.894418 -12.680318
v -10.119134 11.869221 -11.881701
v -10.116213 11.869221 -12.680180
v -10.088509 11.894418 -11.881561
v -10.085587 11.894418 -12.680038
v -10.088509 11.944813 -11.881561
v -10.085587 11.944813 -12.680038
v -10.908053 11.908401 -12.777633
v -10.188160 11.069765 -12.777633
v -10.928797 11.881598 -12.754593
v -10.208904 11.042961 -12.754593
v -10.928797 11.881598 -12.708518
v -10.208904 11.042961 -12.708518
v -10.908053 11.908401 -12.685483
v -10.188160 11.069765 -12.685483
v -10.887310 11.935204 -12.708518
v -10.167417 11.096567 -12.708518
v -10.887310 11.935204 -12.754593
v -10.167417 11.096567 -12.754593
v -10.908053 11.085390 -11.869488
v -10.188160 11.085390 -12.708126
v -10.928797 11.062353 -11.896293
v -10.208904 11.062353 -12.734927
v -10.928797 11.016279 -11.896293
v -10.208904 11.016279 -12.734927
v -10.908053 10.993241 -11.869488
v -10.188160 10.993240 -12.708126
v -10.887310 11.016279 -11.842687
v -10.167417 11.016279 -12.681323
v -10.887310 11.062353 -11.842687
v -10.167417 11.062353 -12.681323
v -10.908053 11.972537 -11.869488
v -10.188160 11.972537 -12.708126
v -10.928797 11.949500 -11.896293
v -10.208904 11.949500 -12.734927
v -10.928797 11.903425 -11.896293
v -10.208904 11.903425 -12.734927
v -10.908053 11.880387 -11.869488
v -10.188160 11.880387 -12.708126
v -10.887310 11.903425 -11.842687
v -10.167417 11.903425 -12.681321
v -10.887310 11.949500 -11.842687
v -10.167417 11.949500 -12.681321
v -10.001296 11.908401 -11.892135
v -9.281404 11.069765 -11.892135
v -10.022039 11.881598 -11.869096
v -9.302147 11.042961 -11.869096
v -10.022039 11.881598 -11.823021
v -9.302147 11.042961 -11.823021
v -10.001296 11.908401 -11.799986
v -9.281404 11.069765 -11.799986
v -9.980553 11.935204 -11.823021
v -9.260660 11.096567 -11.823021
v -9.980553 11.935204 -11.869096
v -9.260660 11.096567 -11.869096
v -9.212351 11.902017 -11.878933
v -9.209481 11.051391 -11.878933
v -9.242434 11.901878 -11.854185
v -9.239563 11.051252 -11.854185
v -9.242434 11.901878 -11.804681
v -9.239563 11.051252 -11.804681
v -9.212351 11.902017 -11.779933
v -9.209481 11.051391 -11.779933
v -9.182269 11.902154 -11.804681
v -9.179399 11.051527 -11.804681
v -9.182269 11.902154 -11.854185
v -9.179399 11.051527 -11.854185
v -9.212378 11.880836 -12.772746
v -9.209455 11.090985 -12.772746
v -9.243003 11.880696 -12.747551
v -9.240082 11.090845 -12.747551
v -9.243003 11.880696 -12.697156
v -9.240082 11.090845 -12.697156
v -9.212378 11.880836 -12.671957
v -9.209455 11.090985 -12.671957
v -9.181750 11.880975 -12.697156
v -9.178829 11.091125 -12.697156
v -9.181750 11.880975 -12.747551
v -9.178829 11.091125 -12.747551
v -9.212351 11.079779 -11.870135
v -9.209481 11.079779 -12.693105
v -9.242434 11.055029 -11.870272
v -9.239563 11.055029 -12.693241
v -9.242434 11.005529 -11.870272
v -9.239563 11.005529 -12.693241
v -9.212351 10.980780 -11.870135
v -9.209481 10.980780 -12.693105
v -9.182269 11.005529 -11.869999
v -9.179399 11.005529 -12.692966
v -9.182269 11.055029 -11.869999
v -9.179399 11.055029 -12.692966
v -9.212378 11.970011 -11.881701
v -9.209455 11.970011 -12.680180
v -9.243003 11.944813 -11.881843
v -9.240082 11.944813 -12.680318
v -9.243003 11.894418 -11.881843
v -9.240082 11.894418 -12.680318
v -9.212378 11.869221 -11.881701
v -9.209455 11.869221 -12.680180
v -9.181750 11.894418 -11.881561
v -9.178829 11.894418 -12.680038
v -9.181750 11.944813 -11.881561
v -9.178829 11.944813 -12.680038
v -10.001296 11.908401 -12.777633
v -9.281404 11.069765 -12.777633
v -10.022039 11.881598 -12.754593
v -9.302147 11.042961 -12.754593
v -10.022039 11.881598 -12.708518
v -9.302147 11.042961 -12.708518
v -10.001296 11.908401 -12.685483
v -9.281404 11.069765 -12.685483
v -9.980553 11.935204 -12.708518
v -9.260660 11.096567 -12.708518
v -9.980553 11.935204 -12.754593
v -9.260660 11.096567 -12.754593
v -10.001296 11.085390 -11.869488
v -9.281404 11.085390 -12.708126
v -10.022039 11.062353 -11.896293
v -9.302147 11.062353 -12.734927
v -10.022039 11.016279 -11.896293
v -9.302147 11.016279 -12.734927
v -10.001296 10.993241 -11.869488
v -9.281404 10.993240 -12.708126
v -9.980553 11.016279 -11.842687
v -9.260660 11.016279 -12.681323
v -9.980553 11.062353 -11.842687
v -9.260660 11.062353 -12.681323
v -10.001296 11.972537 -11.869488
v -9.281404 11.972537 -12.708126
v -10.022039 11.949500 -11.896293
v -9.302147 11.949500 -12.734927
v -10.022039 11.903425 -11.896293
v -9.302147 11.903425 -12.734927
v -10.001296 11.880387 -11.869488
v -9.281404 11.880387 -12.708126
v -9.980553 11.903425 -11.842687
v -9.260660 11.903425 -12.681321
v -9.980553 11.949500 -11.842687
v -9.260660 11.949500 -12.681321
v -9.094539 11.908401 -11.892135
v -8.374645 11.069765 -11.892135
v -9.115282 11.881598 -11.869096
v -8.395390 11.042961 -11.869096
v -9.115282 11.881598 -11.823021
v -8.395390 11.042961 -11.823021
v -9.094539 11.908401 -11.799986
v -8.374645 11.069765 -11.799986
v -9.073795 11.935204 -11.823021
v -8.353902 11.096567 -11.823021
v -9.073795 11.935204 -11.869096
v -8.353902 11.096567 -11.869096
v -8.305594 11.902017 -11.878933
v -8.302723 11.051391 -11.878933
v -8.335676 11.901878 -11.854185
v -8.332807 11.051252 -11.854185
v -8.335676 11.901878 -11.804681
v -8.332807 11.051252 -11.804681
v -8.305594 11.902017 -11.779933
v -8.302723 11.051391 -11.779933
v -8.275512 11.902154 -11.804681
v -8.272641 11.051527 -11.804681
v -8.275512 11.902154 -11.854185
v -8.272641 11.051527 -11.854185
v -8.305619 11.880836 -12.772746
v -8.302698 11.090985 -12.772746
v -8.336246 11.880696 -12.747551
v -8.333323 11.090845 -12.747551
v -8.336246 11.880696 -12.697156
v -8.333323 11.090845 -12.697156
v -8.305619 11.880836 -12.671957
v -8.302698 11.090985 -12.671957
v -8.274993 11.880975 -12.697156
v -8.272071 11.091125 -12.697156
v -8.274993 11.880975 -12.747551
v -8.272071 11.091125 -12.747551
v -8.305594 11.079779 -11.870135
v -8.302723 11.079779 -12.693105
v -8.335676 11.055029 -11.870272
v -8.332807 11.055029 -12.693241
v -8.335676 11.005529 -11.870272
v -8.332807 11.005529 -12.693241
v -8.305594 10.980780 -11.870135
v -8.302723 10.980780 -12.693105
v -8.275512 11.005529 -11.869999
v -8.272641 11.005529 -12.692966
v -8.275512 11.055029 -11.869999
v -8.272641 11.055029 -12.692966
v -8.305619 11.970011 -11.881701
v -8.302698 11.970011 -12.680180
v -8.336246 11.944813 -11.881843
v -8.333323 11.944813 -12.680318
v -8.336246 11.894418 -11.881843
v -8.333323 11.894418 -12.680318
v -8.305619 11.869221 -11.881701
v -8.302698 11.869221 -12.680180
v -8.274993 11.894418 -11.881561
v -8.272071 11.894418 -12.680038
v -8.274993 11.944813 -11.881561
v -8.272071 11.944813 -12.680038
v -9.094539 11.908401 -12.777633
v -8.374645 11.069765 -12.777633
v -9.115282 11.881598 -12.754593
v -8.395390 11.042961 -12.754593
v -9.115282 11.881598 -12.708518
v -8.395390 11.042961 -12.708518
v -9.094539 11.908401 -12.685483
v -8.374645 11.069765 -12.685483
v -9.073795 11.935204 -12.708518
v -8.353902 11.096567 -12.708518
v -9.073795 11.935204 -12.754593
v -8.353902 11.096567 -12.754593
v -9.094539 11.085390 -11.869488
v -8.374645 11.085390 -12.708126
v -9.115282 11.062353 -11.896293
v -8.395390 11.062353 -12.734927
v -9.115282 11.016279 -11.896293
v -8.395390 11.016279 -12.734927
v -9.094539 10.993241 -11.869488
v -8.374645 10.993240 -12.708126
v -9.073795 11.016279 -11.842687
v -8.353902 11.016279 -12.681323
v -9.073795 11.062353 -11.842687
v -8.353902 11.062353 -12.681323
v -9.094539 11.972537 -11.869488
v -8.374645 11.972537 -12.708126
v -9.115282 11.949500 -11.896293
v -8.395390 11.949500 -12.734927
v -9.115282 11.903425 -11.896293
v -8.395390 11.903425 -12.734927
v -9.094539 11.880387 -11.869488
v -8.374645 11.880387 -12.708126
v -9.073795 11.903425 -11.842687
v -8.353902 11.903425 -12.681321
v -9.073795 11.949500 -11.842687
v -8.353902 11.949500 -12.681321
v -8.187780 11.908401 -11.892135
v -7.467888 11.069765 -11.892135
v -8.208525 11.881598 -11.869096
v -7.488631 11.042961 -11.869096
v -8.208525 11.881598 -11.823021
v -7.488631 11.042961 -11.823021
v -8.187780 11.908401 -11.799986
v -7.467888 11.069765 -11.799986
v -8.167037 11.935204 -11.823021
v -7.447144 11.096567 -11.823021
v -8.167037 11.935204 -11.869096
v -7.447144 11.096567 -11.869096
v -7.398836 11.902017 -11.878933
v -7.395966 11.051391 -11.878933
v -7.428919 11.901878 -11.854185
v -7.426049 11.051252 -11.854185
v -7.428919 11.901878 -11.804681
v -7.426049 11.051252 -11.804681
v -7.398836 11.902017 -11.779933
v -7.395966 11.051391 -11.779933
v -7.368754 11.902154 -11.804681
v -7.365884 11.051527 -11.804681
v -7.368754 11.902154 -11.854185
v -7.365884 11.051527 -11.854185
v -7.398862 11.880836 -12.772746
v -7.395941 11.090985 -12.772746
v -7.429489 11.880696 -12.747551
v -7.426567 11.090845 -12.747551
v -7.429489 11.880696 -12.697156
v -7.426567 11.090845 -12.697156
v -7.398862 11.880836 -12.671957
v -7.395941 11.090985 -12.671957
v -7.368236 11.880975 -12.697156
v -7.365314 11.091125 -12.697156
v -7.368236 11.880975 -12.747551
v -7.365314 11.091125 -12.747551
v -7.398836 11.079779 -11.870135
v -7.395966 11.079779 -12.693105
v -7.428919 11.055029 -11.870272
v -7.426049 11.055029 -12.693241
v -7.428919 11.005529 -11.870272
v -7.426049 11.005529 -12.693241
v -7.398836 10.980780 -11.870135
v -7.395966 10.980780 -12.693105
v -7.368754 11.005529 -11.869999
v -7.365884 11.005529 -12.692966
v -7.368754 11.055029 -11.869999
v -7.365884 11.055029 -12.692966
v -7.398862 11.970011 -11.881701
v -7.395941 11.970011 -12.680180
v -7.429489 11.944813 -11.881843
v -7.426567 11.944813 -12.680318
v -7.429489 11.894418 -11.881843
v -7.426567 11.894418 -12.680318
v -7.398862 11.869221 -11.881701
v -7.395941 11.869221 -12.680180
v -7.368236 11.894418 -11.881561
v -7.365314 11.894418 -12.680038
v -7.368236 11.944813 -11.881561
v -7.365314 11.944813 -12.680038
v -8.187780 11.908401 -12.777633
v -7.467888 11.069765 -12.777633
v -8.208525 11.881598 -12.754593
v -7.488631 11.042961 -12.754593
v -8.208525 11.881598 -12.708518
v -7.488631 11.042961 -12.708518
v -8.187780 11.908401 -12.685483
v -7.467888 11.069765 -12.685483
v -8.167037 11.935204 -12.708518
v -7.447144 11.096567 -12.708518
v -8.167037 11.935204 -12.754593
v -7.447144 11.096567 -12.754593
v -8.187780 11.085390 -11.869488
v -7.467888 11.085390 -12.708126
v -8.208525 11.062353 -11.896293
v -7.488631 11.062353 -12.734927
v -8.208525 11.016279 -11.896293
v -7.488631 11.016279 -12.734927
v -8.187780 10.993241 -11.869488
v -7.467888 10.993240 -12.708126
v -8.167037 11.016279 -11.842687
v -7.447144 11.016279 -12.681323
v -8.167037 11.062353 -11.842687
v -7.447144 11.062353 -12.681323
v -8.187780 11.972537 -11.869488
v -7.467888 11.972537 -12.708126
v -8.208525 11.949500 -11.896293
v -7.488631 11.949500 -12.734927
v -8.208525 11.903425 -11.896293
v -7.488631 11.903425 -12.734927
v -8.187780 11.880387 -11.869488
v -7.467888 11.880387 -12.708126
v -8.167037 11.903425 -11.842687
v -7.447144 11.903425 -12.681321
v -8.167037 11.949500 -11.842687
v -7.447144 11.949500 -12.681321
v -7.281024 11.908401 -11.892135
v -6.561131 11.069765 -11.892135
v -7.301767 11.881598 -11.869096
v -6.581874 11.042961 -11.869096
v -7.301767 11.881598 -11.823021
v -6.581874 11.042961 -11.823021
v -7.281024 11.908401 -11.799986
v -6.561131 11.069765 -11.799986
v -7.260280 11.935204 -11.823021
v -6.540387 11.096568 -11.823021
v -7.260280 11.935204 -11.869096
v -6.540387 11.096568 -11.869096
v -6.492079 11.902018 -11.878933
v -6.489209 11.051391 -11.878933
v -6.522161 11.901878 -11.854185
v -6.519291 11.051254 -11.854185
v -6.522161 11.901878 -11.804681
v -6.519291 11.051254 -11.804681
v -6.492079 11.902018 -11.779933
v -6.489209 11.051391 -11.779933
v -6.461996 11.902154 -11.804681
v -6.459126 11.051527 -11.804681
v -6.461996 11.902154 -11.854185
v -6.459126 11.051527 -11.854185
v -6.492105 11.880836 -12.772746
v -6.489183 11.090985 -12.772746
v -6.522731 11.880697 -12.747551
v -6.519810 11.090847 -12.747551
v -6.522731 11.880697 -12.697156
v -6.519810 11.090847 -12.697156
v -6.492105 11.880836 -12.671957
v -6.489183 11.090985 -12.671957
v -6.461479 11.880977 -12.697156
v -6.458557 11.091125 -12.697156
v -6.461479 11.880977 -12.747551
v -6.458557 11.091125 -12.747551
v -6.492079 11.079779 -11.870135
v -6.489209 11.079779 -12.693105
v -6.522161 11.055029 -11.870272
v -6.519291 11.055029 -12.693241
v -6.522161 11.005529 -11.870272
v -6.519291 11.005529 -12.693241
v -6.492079 10.980780 -11.870135
v -6.489209 10.980780 -12.693105
v -6.461996 11.005529 -11.869999
v -6.459126 11.005529 -12.692966
v -6.461996 11.055029 -11.869999
v -6.459126 11.055029 -12.692966
v -6.492105 11.970011 -11.881701
v -6.489183 11.970011 -12.680180
v -6.522731 11.944815 -11.881843
v -6.519810 11.944815 -12.680318
v -6.522731 11.894418 -11.881843
v -6.519810 11.894418 -12.680318
v -6.492105 11.869221 -11.881701
v -6.489183 11.869221 -12.680180
v -6.461479 11.894418 -11.881561
v -6.458557 11.894418 -12.680038
v -6.461479 11.944815 -11.881561
v -6.458557 11.944815 -12.680038
v -7.281024 11.908401 -12.777633
v -6.561131 11.069765 -12.777633
v -7.301767 11.881598 -12.754593
v -6.581874 11.042961 -12.754593
v -7.301767 11.881598 -12.708518
v -6.581874 11.042961 -12.708518
v -7.281024 11.908401 -12.685483
v -6.561131 11.069765 -12.685483
v -7.260280 11.935204 -12.708518
v -6.540387 11.096568 -12.708518
v -7.260280 11.935204 -12.754593
v -6.540387 11.096568 -12.754593
v -7.281024 11.085390 -11.869488
v -6.561131 11.085390 -12.708126
v -7.301767 11.062353 -11.896293
v -6.581874 11.062353 -12.734927
v -7.301767 11.016279 -11.896293
v -6.581874 11.016279 -12.734927
v -7.281024 10.993241 -11.869488
v -6.561131 10.993240 -12.708126
v -7.260280 11.016279 -11.842687
v -6.540387 11.016279 -12.681323
v -7.260280 11.062353 -11.842687
v -6.540387 11.062354 -12.681323
v -7.281024 11.972537 -11.869488
v -6.561131 11.972537 -12.708126
v -7.301767 11.949500 -11.896293
v -6.581874 11.949500 -12.734927
v -7.301767 11.903425 -11.896293
v -6.581874 11.903425 -12.734927
v -7.281024 11.880387 -11.869488
v -6.561131 11.880387 -12.708126
v -7.260280 11.903425 -11.842687
v -6.540387 11.903426 -12.681321
v -7.260280 11.949500 -11.842687
v -6.540387 11.949500 -12.681321
v -6.374267 11.908401 -11.892135
v -5.654373 11.069766 -11.892135
v -6.395010 11.881598 -11.869096
v -5.675117 11.042963 -11.869096
v -6.395010 11.881598 -11.823021
v -5.675117 11.042963 -11.823021
v -6.374267 11.908401 -11.799986
v -5.654373 11.069766 -11.799986
v -6.353523 11.935205 -11.823021
v -5.633630 11.096568 -11.823021
v -6.353523 11.935205 -11.869096
v -5.633630 11.096568 -11.869096
v -5.585321 11.902018 -11.878933
v -5.582451 11.051392 -11.878933
v -5.615404 11.901880 -11.854185
v -5.612534 11.051254 -11.854185
v -5.615404 11.901880 -11.804681
v -5.612534 11.051254 -11.804681
v -5.585321 11.902018 -11.779933
v -5.582451 11.051392 -11.779933
v -5.555239 11.902156 -11.804681
v -5.552369 11.051528 -11.804681
v -5.555239 11.902156 -11.854185
v -5.552369 11.051528 -11.854185
v -5.585348 11.880836 -12.772746
v -5.582426 11.090986 -12.772746
v -5.615974 11.880697 -12.747551
v -5.613052 11.090847 -12.747551
v -5.615974 11.880697 -12.697156
v -5.613052 11.090847 -12.697156
v -5.585348 11.880836 -12.671957
v -5.582426 11.090986 -12.671957
v -5.554721 11.880977 -12.697156
v -5.551799 11.091125 -12.697156
v -5.554721 11.880977 -12.747551
v -5.551799 11.091125 -12.747551
v -5.585321 11.079780 -11.870135
v -5.582451 11.079780 -12.693105
v -5.615404 11.055030 -11.870272
v -5.612534 11.055030 -12.693241
v -5.615404 11.005529 -11.870272
v -5.612534 11.005529 -12.693241
v -5.585321 10.980780 -11.870135
v -5.582451 10.980780 -12.693105
v -5.555239 11.005529 -11.869999
v -5.552369 11.005529 -12.692966
v -5.555239 11.055030 -11.869999
v -5.552369 11.055030 -12.692966
v -5.585348 11.970011 -11.881701
v -5.582426 11.970011 -12.680180
v -5.615974 11.944815 -11.881843
v -5.613052 11.944815 -12.680318
v -5.615974 11.894418 -11.881843
v -5.613052 11.894418 -12.680318
v -5.585348 11.869221 -11.881701
v -5.582426 11.869221 -12.680180
v -5.554721 11.894418 -11.881561
v -5.551799 11.894418 -12.680038
v -5.554721 11.944815 -11.881561
v -5.551799 11.944815 -12.680038
v -6.374267 11.908401 -12.777633
v -5.654373 11.069766 -12.777633
v -6.395010 11.881598 -12.754593
v -5.675117 11.042963 -12.754593
v -6.395010 11.881598 -12.708518
v -5.675117 11.042963 -12.708518
v -6.374267 11.908401 -12.685483
v -5.654373 11.069766 -12.685483
v -6.353523 11.935205 -12.708518
v -5.633630 11.096568 -12.708518
v -6.353523 11.935205 -12.754593
v -5.633630 11.096568 -12.754593
v -6.374267 11.085392 -11.869488
v -5.654373 11.085392 -12.708126
v -6.395010 11.062354 -11.896293
v -5.675117 11.062354 -12.734927
v -6.395010 11.016279 -11.896293
v -5.675117 11.016279 -12.734927
v -6.374267 10.993242 -11.869488
v -5.654373 10.993241 -12.708126
v -6.353523 11.016279 -11.842687
v -5.633630 11.016279 -12.681323
v -6.353523 11.062354 -11.842687
v -5.633630 11.062354 -12.681323
v -6.374267 11.972537 -11.869488
v -5.654373 11.972537 -12.708126
v -6.395010 11.949500 -11.896293
v -5.675117 11.949500 -12.734927
v -6.395010 11.903426 -11.896293
v -5.675117 11.903426 -12.734927
v -6.374267 11.880388 -11.869488
v -5.654373 11.880388 -12.708126
v -6.353523 11.903426 -11.842687
v -5.633630 11.903426 -12.681321
v -6.353523 11.949500 -11.842687
v -5.633630 11.949500 -12.681321
v -5.467509 11.908401 -11.892135
v -4.747616 11.069766 -11.892135
v -5.488252 11.881598 -11.869096
v -4.768359 11.042963 -11.869096
v -5.488252 11.881598 -11.823021
v -4.768359 11.042963 -11.823021
v -5.467509 11.908401 -11.799986
v -4.747616 11.069766 -11.799986
v -5.446765 11.935205 -11.823021
v -4.726872 11.096568 -11.823021
v -5.446765 11.935205 -11.869096
v -4.726872 11.096568 -11.869096
v -4.678564 11.902018 -11.878933
v -4.675694 11.051392 -11.878933
v -4.708646 11.901880 -11.854185
v -4.705776 11.051254 -11.854185
v -4.708646 11.901880 -11.804681
v -4.705776 11.051254 -11.804681
v -4.678564 11.902018 -11.779933
v -4.675694 11.051392 -11.779933
v -4.648481 11.902156 -11.804681
v -4.645611 11.051528 -11.804681
v -4.648481 11.902156 -11.854185
v -4.645611 11.051528 -11.854185
v -4.678590 11.880836 -12.772746
v -4.675667 11.090986 -12.772746
v -4.709216 11.880697 -12.747551
v -4.706294 11.090847 -12.747551
v -4.709216 11.880697 -12.697156
v -4.706294 11.090847 -12.697156
v -4.678590 11.880836 -12.671957
v -4.675667 11.090986 -12.671957
v -4.647963 11.880977 -12.697156
v -4.645041 11.091125 -12.697156
v -4.647963 11.880977 -12.747551
v -4.645041 11.091125 -12.747551
v -4.678564 11.079780 -11.870135
v -4.675694 11.079780 -12.693105
v -4.708646 11.055030 -11.870272
v -4.705776 11.055030 -12.693241
v -4.708646 11.005529 -11.870272
v -4.705776 11.005529 -12.693241
v -4.678564 10.980780 -11.870135
v -4.675694 10.980780 -12.693105
v -4.648481 11.005529 -11.869999
v -4.645611 11.005529 -12.692966
v -4.648481 11.055030 -11.869999
v -4.645611 11.055030 -12.692966
v -4.678590 11.970011 -11.881701
v -4.675667 11.970011 -12.680180
v -4.709216 11.944815 -11.881843
v -4.706294 11.944815 -12.680318
v -4.709216 11.894418 -11.881843
v -4.706294 11.894418 -12.680318
v -4.678590 11.869221 -11.881701
v -4.675667 11.869221 -12.680180
v -4.647963 11.894418 -11.881561
v -4.645041 11.894418 -12.680038
v -4.647963 11.944815 -11.881561
v -4.645041 11.944815 -12.680038
v -5.467509 11.908401 -12.777633
v -4.747616 11.069766 -12.777633
v -5.488252 11.881598 -12.754593
v -4.768359 11.042963 -12.754593
v -5.488252 11.881598 -12.708518
v -4.768359 11.042963 -12.708518
v -5.467509 11.908401 -12.685483
v -4.747616 11.069766 -12.685483
v -5.446765 11.935205 -12.708518
v -4.726872 11.096568 -12.708518
v -5.446765 11.935205 -12.754593
v -4.726872 11.096568 -12.754593
v -5.467509 11.085392 -11.869488
v -4.747616 11.085392 -12.708126
v -5.488252 11.062354 -11.896293
v -4.768359 11.062354 -12.734927
v -5.488252 11.016279 -11.896293
v -4.768359 11.016279 -12.734927
v -5.467509 10.993242 -11.869488
v -4.747616 10.993241 -12.708126
v -5.446765 11.016279 -11.842687
v -4.726872 11.016279 -12.681323
v -5.446765 11.062354 -11.842687
v -4.726872 11.062354 -12.681323
v -5.467509 11.972537 -11.869488
v -4.747616 11.972537 -12.708126
v -5.488252 11.949500 -11.896293
v -4.768359 11.949500 -12.734927
v -5.488252 11.903426 -11.896293
v -4.768359 11.903426 -12.734927
v -5.467509 11.880388 -11.869488
v -4.747616 11.880388 -12.708126
v -5.446765 11.903426 -11.842687
v -4.726872 11.903426 -12.681321
v -5.446765 11.949500 -11.842687
v -4.726872 11.949500 -12.681321
v -4.560751 11.908401 -11.892135
v -3.840859 11.069766 -11.892135
v -4.581495 11.881598 -11.869096
v -3.861602 11.042963 -11.869096
v -4.581495 11.881598 -11.823021
v -3.861602 11.042963 -11.823021
v -4.560751 11.908401 -11.799986
v -3.840859 11.069766 -11.799986
v -4.540008 11.935205 -11.823021
v -3.820115 11.096568 -11.823021
v -4.540008 11.935205 -11.869096
v -3.820115 11.096568 -11.869096
v -3.771806 11.902018 -11.878933
v -3.768936 11.051392 -11.878933
v -3.801889 11.901880 -11.854185
v -3.799019 11.051254 -11.854185
v -3.801889 11.901880 -11.804681
v -3.799019 11.051254 -11.804681
v -3.771806 11.902018 -11.779933
v -3.768936 11.051392 -11.779933
v -3.741724 11.902156 -11.804681
v -3.738854 11.051528 -11.804681
v -3.741724 11.902156 -11.854185
v -3.738854 11.051528 -11.854185
v -3.771833 11.880836 -12.772746
v -3.768910 11.090986 -12.772746
v -3.802459 11.880697 -12.747551
v -3.799537 11.090847 -12.747551
v -3.802459 11.880697 -12.697156
v -3.799537 11.090847 -12.697156
v -3.771833 11.880836 -12.671957
v -3.768910 11.090986 -12.671957
v -3.741206 11.880977 -12.697156
v -3.738285 11.091125 -12.697156
v -3.741206 11.880977 -12.747551
v -3.738285 11.091125 -12.747551
v -3.771806 11.079780 -11.870135
v -3.768936 11.079780 -12.693105
v -3.801889 11.055030 -11.870272
v -3.799019 11.055030 -12.693241
v -3.801889 11.005529 -11.870272
v -3.799019 11.005529 -12.693241
v -3.771806 10.980780 -11.870135
v -3.768936 10.980780 -12.693105
v -3.741724 11.005529 -11.869999
v -3.738854 11.005529 -12.692966
v -3.741724 11.055030 -11.869999
v -3.738854 11.055030 -12.692966
v -3.771833 11.970011 -11.881701
v -3.768910 11.970011 -12.680180
v -3.802459 11.944815 -11.881843
v -3.799537 11.944815 -12.680318
v -3.802459 11.894418 -11.881843
v -3.799537 11.894418 -12.680318
v -3.771833 11.869221 -11.881701
v -3.768910 11.869221 -12.680180
v -3.741206 11.894418 -11.881561
v -3.738285 11.894418 -12.680038
v -3.741206 11.944815 -11.881561
v -3.738285 11.944815 -12.680038
v -4.560751 11.908401 -12.777633
v -3.840859 11.069766 -12.777633
v -4.581495 11.881598 -12.754593
v -3.861602 11.042963 -12.754593
v -4.581495 11.881598 -12.708518
v -3.861602 11.042963 -12.708518
v -4.560751 11.908401 -12.685483
v -3.840859 11.069766 -12.685483
v -4.540008 11.935205 -12.708518
v -3.820115 11.096568 -12.708518
v -4.540008 11.935205 -12.754593
v -3.820115 11.096568 -12.754593
v -4.560751 11.085392 -11.869488
v -3.840859 11.085392 -12.708126
v -4.581495 11.062354 -11.896293
v -3.861602 11.062354 -12.734927
v -4.581495 11.016279 -11.896293
v -3.861602 11.016279 -12.734927
v -4.560751 10.993242 -11.869488
v -3.840859 10.993241 -12.708126
v -4.540008 11.016279 -11.842687
v -3.820115 11.016279 -12.681323
v -4.540008 11.062354 -11.842687
v -3.820115 11.062354 -12.681323
v -4.560751 11.972537 -11.869488
v -3.840859 11.972537 -12.708126
v -4.581495 11.949500 -11.896293
v -3.861602 11.949500 -12.734927
v -4.581495 11.903426 -11.896293
v -3.861602 11.903426 -12.734927
v -4.560751 11.880388 -11.869488
v -3.840859 11.880388 -12.708126
v -4.540008 11.903426 -11.842687
v -3.820115 11.903426 -12.681321
v -4.540008 11.949500 -11.842687
v -3.820115 11.949500 -12.681321
v -3.653994 11.908401 -11.892135
v -2.934102 11.069766 -11.892135
v -3.674738 11.881598 -11.869096
v -2.954845 11.042963 -11.869096
v -3.674738 11.881598 -11.823021
v -2.954845 11.042963 -11.823021
v -3.653994 11.908401 -11.799986
v -2.934102 11.069766 -11.799986
v -3.633250 11.935205 -11.823021
v -2.913358 11.096568 -11.823021
v -3.633250 11.935205 -11.869096
v -2.913358 11.096568 -11.869096
v -2.865050 11.902018 -11.878933
v -2.862180 11.051392 -11.878933
v -2.895132 11.901880 -11.854185
v -2.892262 11.051254 -11.854185
v -2.895132 11.901880 -11.804681
v -2.892262 11.051254 -11.804681
v -2.865050 11.902018 -11.779933
v -2.862180 11.051392 -11.779933
v -2.834967 11.902156 -11.804681
v -2.832097 11.051528 -11.804681
v -2.834967 11.902156 -11.854185
v -2.832097 11.051528 -11.854185
v -2.865076 11.880836 -12.772746
v -2.862153 11.090986 -12.772746
v -2.895701 11.880697 -12.747551
v -2.892780 11.090847 -12.747551
v -2.895701 11.880697 -12.697156
v -2.892780 11.090847 -12.697156
v -2.865076 11.880836 -12.671957
v -2.862153 11.090986 -12.671957
v -2.834449 11.880977 -12.697156
v -2.831527 11.091125 -12.697156
v -2.834449 11.880977 -12.747551
v -2.831527 11.091125 -12.747551
v -2.865050 11.079780 -11.870135
v -2.862180 11.079780 -12.693105
v -2.895132 11.055030 -11.870272
v -2.892262 11.055030 -12.693241
v -2.895132 11.005529 -11.870272
v -2.892262 11.005529 -12.693241
v -2.865050 10.980780 -11.870135
v -2.862180 10.980780 -12.693105
v -2.834967 11.005529 -11.869999
v -2.832097 11.005529 -12.692966
v -2.834967 11.055030 -11.869999
v -2.832097 11.055030 -12.692966
v -2.865076 11.970011 -11.881701
v -2.862153 11.970011 -12.680180
v -2.895701 11.944815 -11.881843
v -2.892780 11.944815 -12.680318
v -2.895701 11.894418 -11.881843
v -2.892780 11.894418 -12.680318
v -2.865076 11.869221 -11.881701
v -2.862153 11.869221 -12.680180
v -2.834449 11.894418 -11.881561
v -2.831527 11.894418 -12.680038
v -2.834449 11.944815 -11.881561
v -2.831527 11.944815 -12.680038
v -3.653994 11.908401 -12.777633
v -2.934102 11.069766 -12.777633
v -3.674738 11.881598 -12.754593
v -2.954845 11.042963 -12.754593
v -3.674738 11.881598 -12.708518
v -2.954845 11.042963 -12.708518
v -3.653994 11.908401 -12.685483
v -2.934102 11.069766 -12.685483
v -3.633250 11.935205 -12.708518
v -2.913358 11.096568 -12.708518
v -3.633250 11.935205 -12.754593
v -2.913358 11.096568 -12.754593
v -3.653994 11.085392 -11.869488
v -2.934102 11.085392 -12.708126
v -3.674738 11.062354 -11.896293
v -2.954845 11.062354 -12.734927
v -3.674738 11.016279 -11.896293
v -2.954845 11.016279 -12.734927
v -3.653994 10.993242 -11.869488
v -2.934102 10.993241 -12.708126
v -3.633250 11.016279 -11.842687
v -2.913358 11.016279 -12.681323
v -3.633250 11.062354 -11.842687
v -2.913358 11.062354 -12.681323
v -3.653994 11.972537 -11.869488
v -2.934102 11.972537 -12.708126
v -3.674738 11.949500 -11.896293
v -2.954845 11.949500 -12.734927
v -3.674738 11.903426 -11.896293
v -2.954845 11.903426 -12.734927
v -3.653994 11.880388 -11.869488
v -2.934102 11.880388 -12.708126
v -3.633250 11.903426 -11.842687
v -2.913358 11.903426 -12.681321
v -3.633250 11.949500 -11.842687
v -2.913358 11.949500 -12.681321
v -2.747237 11.908401 -11.892135
v -2.027345 11.069766 -11.892135
v -2.767981 11.881598 -11.869096
v -2.048088 11.042963 -11.869096
v -2.767981 11.881598 -11.823021
v -2.048088 11.042963 -11.823021
v -2.747237 11.908401 -11.799986
v -2.027345 11.069766 -11.799986
v -2.726494 11.935205 -11.823021
v -2.006601 11.096568 -11.823021
v -2.726494 11.935205 -11.869096
v -2.006601 11.096568 -11.869096
v -1.958292 11.902018 -11.878933
v -1.955422 11.051392 -11.878933
v -1.988375 11.901880 -11.854185
v -1.985505 11.051254 -11.854185
v -1.988375 11.901880 -11.804681
v -1.985505 11.051254 -11.804681
v -1.958292 11.902018 -11.779933
v -1.955422 11.051392 -11.779933
v -1.928210 11.902156 -11.804681
v -1.925340 11.051528 -11.804681
v -1.928210 11.902156 -11.854185
v -1.925340 11.051528 -11.854185
v -1.958319 11.880836 -12.772746
v -1.955396 11.090986 -12.772746
v -1.988944 11.880697 -12.747551
v -1.986023 11.090847 -12.747551
v -1.988944 11.880697 -12.697156
v -1.986023 11.090847 -12.697156
v -1.958319 11.880836 -12.671957
v -1.955396 11.090986 -12.671957
v -1.927692 11.880977 -12.697156
v -1.924770 11.091125 -12.697156
v -1.927692 11.880977 -12.747551
v -1.924770 11.091125 -12.747551
v -1.958292 11.079780 -11.870135
v -1.955422 11.079780 -12.693105
v -1.988375 11.055030 -11.870272
v -1.985505 11.055030 -12.693241
v -1.988375 11.005529 -11.870272
v -1.985505 11.005529 -12.693241
v -1.958292 10.980780 -11.870135
v -1.955422 10.980780 -12.693105
v -1.928210 11.005529 -11.869999
v -1.925340 11.005529 -12.692966
v -1.928210 11.055030 -11.869999
v -1.925340 11.055030 -12.692966
v -1.958319 11.970011 -11.881701
v -1.955396 11.970011 -12.680180
v -1.988944 11.944815 -11.881843
v -1.986023 11.944815 -12.680318
v -1.988944 11.894418 -11.881843
v -1.986023 11.894418 -12.680318
v -1.958319 11.869221 -11.881701
v -1.955396 11.869221 -12.680180
v -1.927692 11.894418 -11.881561
v -1.924770 11.894418 -12.680038
v -1.927692 11.944815 -11.881561
v -1.924770 11.944815 -12.680038
v -2.747237 11.908401 -12.777633
v -2.027345 11.069766 -12.777633
v -2.767981 11.881598 -12.754593
v -2.048088 11.042963 -12.754593
v -2.767981 11.881598 -12.708518
v -2.048088 11.042963 -12.708518
v -2.747237 11.908401 -12.685483
v -2.027345 11.069766 -12.685483
v -2.726494 11.935205 -12.708518
v -2.006601 11.096568 -12.708518
v -2.726494 11.935205 -12.754593
v -2.006601 11.096568 -12.754593
v -2.747237 11.085392 -11.869488
v -2.027345 11.085392 -12.708126
v -2.767981 11.062354 -11.896293
v -2.048088 11.062354 -12.734927
v -2.767981 11.016279 -11.896293
v -2.048088 11.016279 -12.734927
v -2.747237 10.993242 -11.869488
v -2.027345 10.993241 -12.708126
v -2.726494 11.016279 -11.842687
v -2.006601 11.016279 -12.681323
v -2.726494 11.062354 -11.842687
v -2.006601 11.062354 -12.681323
v -2.747237 11.972537 -11.869488
v -2.027345 11.972537 -12.708126
v -2.767981 11.949500 -11.896293
v -2.048088 11.949500 -12.734927
v -2.767981 11.903426 -11.896293
v -2.048088 11.903426 -12.734927
v -2.747237 11.880388 -11.869488
v -2.027345 11.880388 -12.708126
v -2.726494 11.903426 -11.842687
v -2.006601 11.903426 -12.681321
v -2.726494 11.949500 -11.842687
v -2.006601 11.949500 -12.681321
v -1.840480 11.908401 -11.892135
v -1.120588 11.069766 -11.892135
v -1.861224 11.881598 -11.869096
v -1.141331 11.042963 -11.869096
v -1.861224 11.881598 -11.823021
v -1.141331 11.042963 -11.823021
v -1.840480 11.908401 -11.799986
v -1.120588 11.069766 -11.799986
v -1.819736 11.935205 -11.823021
v -1.099844 11.096568 -11.823021
v -1.819736 11.935205 -11.869096
v -1.099844 11.096568 -11.869096
v -1.051535 11.902018 -11.878933
v -1.048665 11.051392 -11.878933
v -1.081618 11.901880 -11.854185
v -1.078748 11.051254 -11.854185
v -1.081618 11.901880 -11.804681
v -1.078748 11.051254 -11.804681
v -1.051535 11.902018 -11.779933
v -1.048665 11.051392 -11.779933
v -1.021453 11.902156 -11.804681
v -1.018583 11.051528 -11.804681
v -1.021453 11.902156 -11.854185
v -1.018583 11.051528 -11.854185
v -1.051562 11.880836 -12.772746
v -1.048639 11.090986 -12.772746
v -1.082187 11.880697 -12.747551
v -1.079266 11.090847 -12.747551
v -1.082187 11.880697 -12.697156
v -1.079266 11.090847 -12.697156
v -1.051562 11.880836 -12.671957
v -1.048639 11.090986 -12.671957
v -1.020935 11.880977 -12.697156
v -1.018013 11.091125 -12.697156
v -1.020935 11.880977 -12.747551
v -1.018013 11.091125 -12.747551
v -1.051535 11.079780 -11.870135
v -1.048665 11.079780 -12.693105
v -1.081618 11.055030 -11.870272
v -1.078748 11.055030 -12.693241
v -1.081618 11.005529 -11.870272
v -1.078748 11.005529 -12.693241
v -1.051535 10.980780 -11.870135
v -1.048665 10.980780 -12.693105
v -1.021453 11.005529 -11.869999
v -1.018583 11.005529 -12.692966
v -1.021453 11.055030 -11.869999
v -1.018583 11.055030 -12.692966
v -1.051562 11.970011 -11.881701
v -1.048639 11.970011 -12.680180
v -1.082187 11.944815 -11.881843
v -1.079266 11.944815 -12.680318
v -1.082187 11.894418 -11.881843
v -1.079266 11.894418 -12.680318
v -1.051562 11.869221 -11.881701
v -1.048639 11.869221 -12.680180
v -1.020935 11.894418 -11.881561
v -1.018013 11.894418 -12.680038
v -1.020935 11.944815 -11.881561
v -1.018013 11.944815 -12.680038
v -1.840480 11.908401 -12.777633
v -1.120588 11.069766 -12.777633
v -1.861224 11.881598 -12.754593
v -1.141331 11.042963 -12.754593
v -1.861224 11.881598 -12.708518
v -1.141331 11.042963 -12.708518
v -1.840480 11.908401 -12.685483
v -1.120588 11.069766 -12.685483
v -1.819736 11.935205 -12.708518
v -1.099844 11.096568 -12.708518
v -1.819736 11.935205 -12.754593
v -1.099844 11.096568 -12.754593
v -1.840480 11.085392 -11.869488
v -1.120588 11.085392 -12.708126
v -1.861224 11.062354 -11.896293
v -1.141331 11.062354 -12.734927
v -1.861224 11.016279 -11.896293
v -1.141331 11.016279 -12.734927
v -1.840480 10.993242 -11.869488
v -1.120588 10.993241 -12.708126
v -1.819736 11.016279 -11.842687
v -1.099844 11.016279 -12.681323
v -1.819736 11.062354 -11.842687
v -1.099844 11.062354 -12.681323
v -1.840480 11.972537 -11.869488
v -1.120588 11.972537 -12.708126
v -1.861224 11.949500 -11.896293
v -1.141331 11.949500 -12.734927
v -1.861224 11.903426 -11.896293
v -1.141331 11.903426 -12.734927
v -1.840480 11.880388 -11.869488
v -1.120588 11.880388 -12.708126
v -1.819736 11.903426 -11.842687
v -1.099844 11.903426 -12.681321
v -1.819736 11.949500 -11.842687
v -1.099844 11.949500 -12.681321
v -0.933723 11.908401 -11.892135
v -0.213831 11.069766 -11.892135
v -0.954467 11.881598 -11.869096
v -0.234574 11.042963 -11.869096
v -0.954467 11.881598 -11.823021
v -0.234574 11.042963 -11.823021
v -0.933723 11.908401 -11.799986
v -0.213831 11.069766 -11.799986
v -0.912979 11.935205 -11.823021
v -0.193087 11.096568 -11.823021
v -0.912979 11.935205 -11.869096
v -0.193087 11.096568 -11.869096
v -0.144778 11.902018 -11.878933
v -0.141908 11.051392 -11.878933
v -0.174861 11.901880 -11.854185
v -0.171991 11.051254 -11.854185
v -0.174861 11.901880 -11.804681
v -0.171991 11.051254 -11.804681
v -0.144778 11.902018 -11.779933
v -0.141908 11.051392 -11.779933
v -0.114696 11.902156 -11.804681
v -0.111826 11.051528 -11.804681
v -0.114696 11.902156 -11.854185
v -0.111826 11.051528 -11.854185
v -0.144805 11.880836 -12.772746
v -0.141882 11.090986 -12.772746
v -0.175430 11.880697 -12.747551
v -0.172509 11.090847 -12.747551
v -0.175430 11.880697 -12.697156
v -0.172509 11.090847 -12.697156
v -0.144805 11.880836 -12.671957
v -0.141882 11.090986 -12.671957
v -0.114178 11.880977 -12.697156
v -0.111256 11.091125 -12.697156
v -0.114178 11.880977 -12.747551
v -0.111256 11.091125 -12.747551
v -0.144778 11.079780 -11.870135
v -0.141908 11.079780 -12.693105
v -0.174861 11.055030 -11.870272
v -0.171991 11.055030 -12.693241
v -0.174861 11.005529 -11.870272
v -0.171991 11.005529 -12.693241
v -0.144778 10.980780 -11.870135
v -0.141908 10.980780 -12.693105
v -0.114696 11.005529 -11.869999
v -0.111826 11.005529 -12.692966
v -0.114696 11.055030 -11.869999
v -0.111826 11.055030 -12.692966
v -0.144805 11.970011 -11.881701
v -0.141882 11.970011 -12.680180
v -0.175430 11.944815 -11.881843
v -0.172509 11.944815 -12.680318
v -0.175430 11.894418 -11.881843
v -0.172509 11.894418 -12.680318
v -0.144805 11.869221 -11.881701
v -0.141882 11.869221 -12.680180
v -0.114178 11.894418 -11.881561
v -0.111256 11.894418 -12.680038
v -0.114178 11.944815 -11.881561
v -0.111256 11.944815 -12.680038
v -0.933723 11.908401 -12.777633
v -0.213831 11.069766 -12.777633
v -0.954467 11.881598 -12.754593
v -0.234574 11.042963 -12.754593
v -0.954467 11.881598 -12.708518
v -0.234574 11.042963 -12.708518
v -0.933723 11.908401 -12.685483
v -0.213831 11.069766 -12.685483
v -0.912979 11.935205 -12.708518
v -0.193087 11.096568 -12.708518
v -0.912979 11.935205 -12.754593
v -0.193087 11.096568 -12.754593
v -0.933723 11.085392 -11.869488
v -0.213831 11.085392 -12.708126
v -0.954467 11.062354 -11.896293
v -0.234574 11.062354 -12.734927
v -0.954467 11.016279 -11.896293
v -0.234574 11.016279 -12.734927
v -0.933723 10.993242 -11.869488
v -0.213831 10.993241 -12.708126
v -0.912979 11.016279 -11.842687
v -0.193087 11.016279 -12.681323
v -0.912979 11.062354 -11.842687
v -0.193087 11.062354 -12.681323
v -0.933723 11.972537 -11.869488
v -0.213831 11.972537 -12.708126
v -0.954467 11.949500 -11.896293
v -0.234574 11.949500 -12.734927
v -0.954467 11.903426 -11.896293
v -0.234574 11.903426 -12.734927
v -0.933723 11.880388 -11.869488
v -0.213831 11.880388 -12.708126
v -0.912979 11.903426 -11.842687
v -0.193087 11.903426 -12.681321
v -0.912979 11.949500 -11.842687
v -0.193087 11.949500 -12.681321
v -0.026966 11.908401 -11.892135
v 0.692926 11.069766 -11.892135
v -0.047710 11.881598 -11.869096
v 0.672183 11.042963 -11.869096
v -0.047710 11.881598 -11.823021
v 0.672183 11.042963 -11.823021
v -0.026966 11.908401 -11.799986
v 0.692926 11.069766 -11.799986
v -0.006222 11.935205 -11.823021
v 0.713670 11.096568 -11.823021
v -0.006222 11.935205 -11.869096
v 0.713670 11.096568 -11.869096
v 0.761979 11.902018 -11.878933
v 0.764849 11.051392 -11.878933
v 0.731896 11.901880 -11.854185
v 0.734766 11.051254 -11.854185
v 0.731896 11.901880 -11.804681
v 0.734766 11.051254 -11.804681
v 0.761979 11.902018 -11.779933
v 0.764849 11.051392 -11.779933
v 0.792061 11.902156 -11.804681
v 0.794931 11.051528 -11.804681
v 0.792061 11.902156 -11.854185
v 0.794931 11.051528 -11.854185
v 0.761952 11.880836 -12.772746
v 0.764875 11.090986 -12.772746
v 0.731327 11.880697 -12.747551
v 0.734248 11.090847 -12.747551
v 0.731327 11.880697 -12.697156
v 0.734248 11.090847 -12.697156
v 0.761952 11.880836 -12.671957
v 0.764875 11.090986 -12.671957
v 0.792579 11.880977 -12.697156
v 0.795501 11.091125 -12.697156
v 0.792579 11.880977 -12.747551
v 0.795501 11.091125 -12.747551
v 0.761979 11.079780 -11.870135
v 0.764849 11.079780 -12.693105
v 0.731896 11.055030 -11.870272
v 0.734766 11.055030 -12.693241
v 0.731896 11.005529 -11.870272
v 0.734766 11.005529 -12.693241
v 0.761979 10.980780 -11.870135
v 0.764849 10.980780 -12.693105
v 0.792061 11.005529 -11.869999
v 0.794931 11.005529 -12.692966
v 0.792061 11.055030 -11.869999
v 0.794931 11.055030 -12.692966
v 0.761952 11.970011 -11.881701
v 0.764875 11.970011 -12.680180
v 0.731327 11.944815 -11.881843
v 0.734248 11.944815 -12.680318
v 0.731327 11.894418 -11.881843
v 0.734248 11.894418 -12.680318
v 0.761952 11.869221 -11.881701
v 0.764875 11.869221 -12.680180
v 0.792579 11.894418 -11.881561
v 0.795501 11.894418 -12.680038
v 0.792579 11.944815 -11.881561
v 0.795501 11.944815 -12.680038
v -0.026966 11.908401 -12.777633
v 0.692926 11.069766 -12.777633
v -0.047710 11.881598 -12.754593
v 0.672183 11.042963 -12.754593
v -0.047710 11.881598 -12.708518
v 0.672183 11.042963 -12.708518
v -0.026966 11.908401 -12.685483
v 0.692926 11.069766 -12.685483
v -0.006222 11.935205 -12.708518
v 0.713670 11.096568 -12.708518
v -0.006222 11.935205 -12.754593
v 0.713670 11.096568 -12.754593
v -0.026966 11.085392 -11.869488
v 0.692926 11.085392 -12.708126
v -0.047710 11.062354 -11.896293
v 0.672183 11.062354 -12.734927
v -0.047710 11.016279 -11.896293
v 0.672183 11.016279 -12.734927
v -0.026966 10.993242 -11.869488
v 0.692926 10.993241 -12.708126
v -0.006222 11.016279 -11.842687
v 0.713670 11.016279 -12.681323
v -0.006222 11.062354 -11.842687
v 0.713670 11.062354 -12.681323
v -0.026966 11.972537 -11.869488
v 0.692926 11.972537 -12.708126
v -0.047710 11.949500 -11.896293
v 0.672183 11.949500 -12.734927
v -0.047710 11.903426 -11.896293
v 0.672183 11.903426 -12.734927
v -0.026966 11.880388 -11.869488
v 0.692926 11.880388 -12.708126
v -0.006222 11.903426 -11.842687
v 0.713670 11.903426 -12.681321
v -0.006222 11.949500 -11.842687
v 0.713670 11.949500 -12.681321
v 0.879791 11.908401 -11.892135
v 1.599684 11.069766 -11.892135
v 0.859047 11.881598 -11.869096
v 1.578941 11.042963 -11.869096
v 0.859047 11.881598 -11.823021
v 1.578941 11.042963 -11.823021
v 0.879791 11.908401 -11.799986
v 1.599684 11.069766 -11.799986
v 0.900535 11.935205 -11.823021
v 1.620428 11.096568 -11.823021
v 0.900535 11.935205 -11.869096
v 1.620428 11.096568 -11.869096
v 1.668736 11.902018 -11.878933
v 1.671606 11.051392 -11.878933
v 1.638653 11.901880 -11.854185
v 1.641523 11.051254 -11.854185
v 1.638653 11.901880 -11.804681
v 1.641523 11.051254 -11.804681
v 1.668736 11.902018 -11.779933
v 1.671606 11.051392 -11.779933
v 1.698819 11.902156 -11.804681
v 1.701689 11.051528 -11.804681
v 1.698819 11.902156 -11.854185
v 1.701689 11.051528 -11.854185
v 1.668710 11.880836 -12.772746
v 1.671631 11.090986 -12.772746
v 1.638083 11.880697 -12.747551
v 1.641005 11.090847 -12.747551
v 1.638083 11.880697 -12.697156
v 1.641005 11.090847 -12.697156
v 1.668710 11.880836 -12.671957
v 1.671631 11.090986 -12.671957
v 1.699336 11.880977 -12.697156
v 1.702258 11.091125 -12.697156
v 1.699336 11.880977 -12.747551
v 1.702258 11.091125 -12.747551
v 1.668736 11.079780 -11.870135
v 1.671606 11.079780 -12.693105
v 1.638653 11.055030 -11.870272
v 1.641523 11.055030 -12.693241
v 1.638653 11.005529 -11.870272
v 1.641523 11.005529 -12.693241
v 1.668736 10.980780 -11.870135
v 1.671606 10.980780 -12.693105
v 1.698819 11.005529 -11.869999
v 1.701689 11.005529 -12.692966
v 1.698819 11.055030 -11.869999
v 1.701689 11.055030 -12.692966
v 1.668710 11.970011 -11.881701
v 1.671631 11.970011 -12.680180
v 1.638083 11.944815 -11.881843
v 1.641005 11.944815 -12.680318
v 1.638083 11.894418 -11.881843
v 1.641005 11.894418 -12.680318
v 1.668710 11.869221 -11.881701
v 1.671631 11.869221 -12.680180
v 1.699336 11.894418 -11.881561
v 1.702258 11.894418 -12.680038
v 1.699336 11.944815 -11.881561
v 1.702258 11.944815 -12.680038
v 0.879791 11.908401 -12.777633
v 1.599684 11.069766 -12.777633
v 0.859047 11.881598 -12.754593
v 1.578941 11.042963 -12.754593
v 0.859047 11.881598 -12.708518
v 1.578941 11.042963 -12.708518
v 0.879791 11.908401 -12.685483
v 1.599684 11.069766 -12.685483
v 0.900535 11.935205 -12.708518
v 1.620428 11.096568 -12.708518
v 0.900535 11.935205 -12.754593
v 1.620428 11.096568 -12.754593
v 0.879791 11.085392 -11.869488
v 1.599684 11.085392 -12.708126
v 0.859047 11.062354 -11.896293
v 1.578941 11.062354 -12.734927
v 0.859047 11.016279 -11.896293
v 1.578941 11.016279 -12.734927
v 0.879791 10.993242 -11.869488
v 1.599684 10.993241 -12.708126
v 0.900535 11.016279 -11.842687
v 1.620428 11.016279 -12.681323
v 0.900535 11.062354 -11.842687
v 1.620428 11.062354 -12.681323
v 0.879791 11.972537 -11.869488
v 1.599684 11.972537 -12.708126
v 0.859047 11.949500 -11.896293
v 1.578941 11.949500 -12.734927
v 0.859047 11.903426 -11.896293
v 1.578941 11.903426 -12.734927
v 0.879791 11.880388 -11.869488
v 1.599684 11.880388 -12.708126
v 0.900535 11.903426 -11.842687
v 1.620428 11.903426 -12.681321
v 0.900535 11.949500 -11.842687
v 1.620428 11.949500 -12.681321
v 1.786548 11.908401 -11.892135
v 2.506442 11.069766 -11.892135
v 1.765805 11.881598 -11.869096
v 2.485697 11.042963 -11.869096
v 1.765805 11.881598 -11.823021
v 2.485697 11.042963 -11.823021
v 1.786548 11.908401 -11.799986
v 2.506442 11.069766 -11.799986
v 1.807292 11.935205 -11.823021
v 2.527184 11.096568 -11.823021
v 1.807292 11.935205 -11.869096
v 2.527184 11.096568 -11.869096
v 2.575494 11.902018 -11.878933
v 2.578364 11.051392 -11.878933
v 2.545409 11.901880 -11.854185
v 2.548279 11.051254 -11.854185
v 2.545409 11.901880 -11.804681
v 2.548279 11.051254 -11.804681
v 2.575494 11.902018 -11.779933
v 2.578364 11.051392 -11.779933
v 2.605575 11.902156 -11.804681
v 2.608445 11.051528 -11.804681
v 2.605575 11.902156 -11.854185
v 2.608445 11.051528 -11.854185
v 2.575467 11.880836 -12.772746
v 2.578387 11.090986 -12.772746
v 2.544841 11.880697 -12.747551
v 2.547762 11.090847 -12.747551
v 2.544841 11.880697 -12.697156
v 2.547762 11.090847 -12.697156
v 2.575467 11.880836 -12.671957
v 2.578387 11.090986 -12.671957
v 2.606092 11.880977 -12.697156
v 2.609016 11.091125 -12.697156
v 2.606092 11.880977 -12.747551
v 2.609016 11.091125 -12.747551
v 2.575494 11.079780 -11.870135
v 2.578364 11.079780 -12.693105
v 2.545409 11.055030 -11.870272
v 2.548279 11.055030 -12.693241
v 2.545409 11.005529 -11.870272
v 2.548279 11.005529 -12.693241
v 2.575494 10.980780 -11.870135
v 2.578364 10.980780 -12.693105
v 2.605575 11.005529 -11.869999
v 2.608445 11.005529 -12.692966
v 2.605575 11.055030 -11.869999
v 2.608445 11.055030 -12.692966
v 2.575467 11.970011 -11.881701
v 2.578387 11.970011 -12.680180
v 2.544841 11.944815 -11.881843
v 2.547762 11.944815 -12.680318
v 2.544841 11.894418 -11.881843
v 2.547762 11.894418 -12.680318
v 2.575467 11.869221 -11.881701
v 2.578387 11.869221 -12.680180
v 2.606092 11.894418 -11.881561
v 2.609016 11.894418 -12.680038
v 2.606092 11.944815 -11.881561
v 2.609016 11.944815 -12.680038
v 1.786548 11.908401 -12.777633
v 2.506442 11.069766 -12.777633
v 1.765805 11.881598 -12.754593
v 2.485697 11.042963 -12.754593
v 1.765805 11.881598 -12.708518
v 2.485697 11.042963 -12.708518
v 1.786548 11.908401 -12.685483
v 2.506442 11.069766 -12.685483
v 1.807292 11.935205 -12.708518
v 2.527184 11.096568 -12.708518
v 1.807292 11.935205 -12.754593
v 2.527184 11.096568 -12.754593
v 1.786548 11.085392 -11.869488
v 2.506442 11.085392 -12.708126
v 1.765805 11.062354 -11.896293
v 2.485697 11.062354 -12.734927
v 1.765805 11.016279 -11.896293
v 2.485697 11.016279 -12.734927
v 1.786548 10.993242 -11.869488
v 2.506442 10.993241 -12.708126
v 1.807292 11.016279 -11.842687
v 2.527184 11.016279 -12.681323
v 1.807292 11.062354 -11.842687
v 2.527184 11.062354 -12.681323
v 1.786548 11.972537 -11.869488
v 2.506442 11.972537 -12.708126
v 1.765805 11.949500 -11.896293
v 2.485697 11.949500 -12.734927
v 1.765805 11.903426 -11.896293
v 2.485697 11.903426 -12.734927
v 1.786548 11.880388 -11.869488
v 2.506442 11.880388 -12.708126
v 1.807292 11.903426 -11.842687
v 2.527184 11.903426 -12.681321
v 1.807292 11.949500 -11.842687
v 2.527184 11.949500 -12.681321
v 2.693306 11.908401 -11.892135
v 3.413198 11.069767 -11.892135
v 2.672561 11.881598 -11.869096
v 3.392456 11.042963 -11.869096
v 2.672561 11.881598 -11.823021
v 3.392456 11.042963 -11.823021
v 2.693306 11.908401 -11.799986
v 3.413198 11.069767 -11.799986
v 2.714048 11.935205 -11.823021
v 3.433943 11.096568 -11.823021
v 2.714048 11.935205 -11.869096
v 3.433943 11.096568 -11.869096
v 3.482249 11.902018 -11.878933
v 3.485119 11.051394 -11.878933
v 3.452168 11.901881 -11.854185
v 3.455037 11.051254 -11.854185
v 3.452168 11.901881 -11.804681
v 3.455037 11.051254 -11.804681
v 3.482249 11.902018 -11.779933
v 3.485119 11.051394 -11.779933
v 3.512334 11.902156 -11.804681
v 3.515204 11.051529 -11.804681
v 3.512334 11.902156 -11.854185
v 3.515204 11.051529 -11.854185
v 3.482225 11.880838 -12.772746
v 3.485146 11.090987 -12.772746
v 3.451596 11.880697 -12.747551
v 3.454520 11.090847 -12.747551
v 3.451596 11.880697 -12.697156
v 3.454520 11.090847 -12.697156
v 3.482225 11.880838 -12.671957
v 3.485146 11.090987 -12.671957
v 3.512851 11.880977 -12.697156
v 3.515772 11.091125 -12.697156
v 3.512851 11.880977 -12.747551
v 3.515772 11.091125 -12.747551
v 3.482249 11.079782 -11.870135
v 3.485119 11.079782 -12.693105
v 3.452168 11.055032 -11.870272
v 3.455037 11.055032 -12.693241
v 3.452168 11.005531 -11.870272
v 3.455037 11.005531 -12.693241
v 3.482249 10.980782 -11.870135
v 3.485119 10.980782 -12.693105
v 3.512334 11.005531 -11.869999
v 3.515204 11.005531 -12.692966
v 3.512334 11.055032 -11.869999
v 3.515204 11.055032 -12.692966
v 3.482225 11.970011 -11.881701
v 3.485146 11.970011 -12.680180
v 3.451596 11.944815 -11.881843
v 3.454520 11.944815 -12.680318
v 3.451596 11.894419 -11.881843
v 3.454520 11.894419 -12.680318
v 3.482225 11.869223 -11.881701
v 3.485146 11.869223 -12.680180
v 3.512851 11.894419 -11.881561
v 3.515772 11.894419 -12.680038
v 3.512851 11.944815 -11.881561
v 3.515772 11.944815 -12.680038
v 2.693306 11.908401 -12.777633
v 3.413198 11.069767 -12.777633
v 2.672561 11.881598 -12.754593
v 3.392456 11.042963 -12.754593
v 2.672561 11.881598 -12.708518
v 3.392456 11.042963 -12.708518
v 2.693306 11.908401 -12.685483
v 3.413198 11.069767 -12.685483
v 2.714048 11.935205 -12.708518
v 3.433943 11.096568 -12.708518
v 2.714048 11.935205 -12.754593
v 3.433943 11.096568 -12.754593
v 2.693306 11.085392 -11.869488
v 3.413198 11.085392 -12.708126
v 2.672561 11.062354 -11.896293
v 3.392456 11.062354 -12.734927
v 2.672561 11.016279 -11.896293
v 3.392456 11.016279 -12.734927
v 2.693306 10.993242 -11.869488
v 3.413198 10.993242 -12.708126
v 2.714048 11.016279 -11.842687
v 3.433943 11.016279 -12.681323
v 2.714048 11.062354 -11.842687
v 3.433943 11.062354 -12.681323
v 2.693306 11.972537 -11.869488
v 3.413198 11.972537 -12.708126
v 2.672561 11.949500 -11.896293
v 3.392456 11.949500 -12.734927
v 2.672561 11.903426 -11.896293
v 3.392456 11.903426 -12.734927
v 2.693306 11.880388 -11.869488
v 3.413198 11.880388 -12.708126
v 2.714048 11.903426 -11.842687
v 3.433943 11.903426 -12.681321
v 2.714048 11.949500 -11.842687
v 3.433943 11.949500 -12.681321
v 3.600061 11.908401 -11.892135
v 4.319956 11.069767 -11.892135
v 3.579319 11.881598 -11.869096
v 4.299211 11.042963 -11.869096
v 3.579319 11.881598 -11.823021
v 4.299211 11.042963 -11.823021
v 3.600061 11.908401 -11.799986
v 4.319956 11.069767 -11.799986
v 3.620807 11.935205 -11.823021
v 4.340698 11.096570 -11.823021
v 3.620807 11.935205 -11.869096
v 4.340698 11.096570 -11.869096
v 4.389008 11.902020 -11.878933
v 4.391878 11.051394 -11.878933
v 4.358923 11.901881 -11.854185
v 4.361793 11.051255 -11.854185
v 4.358923 11.901881 -11.804681
v 4.361793 11.051255 -11.804681
v 4.389008 11.902020 -11.779933
v 4.391878 11.051394 -11.779933
v 4.419089 11.902156 -11.804681
v 4.421959 11.051529 -11.804681
v 4.419089 11.902156 -11.854185
v 4.421959 11.051529 -11.854185
v 4.388981 11.880838 -12.772746
v 4.391901 11.090987 -12.772746
v 4.358355 11.880697 -12.747551
v 4.361276 11.090848 -12.747551
v 4.358355 11.880697 -12.697156
v 4.361276 11.090848 -12.697156
v 4.388981 11.880838 -12.671957
v 4.391901 11.090987 -12.671957
v 4.419607 11.880978 -12.697156
v 4.422530 11.091127 -12.697156
v 4.419607 11.880978 -12.747551
v 4.422530 11.091127 -12.747551
v 4.389008 11.079782 -11.870135
v 4.391878 11.079782 -12.693105
v 4.358923 11.055032 -11.870272
v 4.361793 11.055032 -12.693241
v 4.358923 11.005531 -11.870272
v 4.361793 11.005531 -12.693241
v 4.389008 10.980782 -11.870135
v 4.391878 10.980782 -12.693105
v 4.419089 11.005531 -11.869999
v 4.421959 11.005531 -12.692966
v 4.419089 11.055032 -11.869999
v 4.421959 11.055032 -12.692966
v 4.388981 11.970012 -11.881701
v 4.391901 11.970012 -12.680180
v 4.358355 11.944816 -11.881843
v 4.361276 11.944816 -12.680318
v 4.358355 11.894419 -11.881843
v 4.361276 11.894419 -12.680318
v 4.388981 11.869223 -11.881701
v 4.391901 11.869223 -12.680180
v 4.419607 11.894419 -11.881561
v 4.422530 11.894419 -12.680038
v 4.419607 11.944816 -11.881561
v 4.422530 11.944816 -12.680038
v 3.600061 11.908401 -12.777633
v 4.319956 11.069767 -12.777633
v 3.579319 11.881598 -12.754593
v 4.299211 11.042963 -12.754593
v 3.579319 11.881598 -12.708518
v 4.299211 11.042963 -12.708518
v 3.600061 11.908401 -12.685483
v 4.319956 11.069767 -12.685483
v 3.620807 11.935205 -12.708518
v 4.340698 11.096570 -12.708518
v 3.620807 11.935205 -12.754593
v 4.340698 11.096570 -12.754593
v 3.600061 11.085392 -11.869488
v 4.319956 11.085392 -12.708126
v 3.579319 11.062354 -11.896293
v 4.299211 11.062355 -12.734927
v 3.579319 11.016279 -11.896293
v 4.299211 11.016280 -12.734927
v 3.600061 10.993242 -11.869488
v 4.319956 10.993242 -12.708126
v 3.620807 11.016279 -11.842687
v 4.340698 11.016280 -12.681323
v 3.620807 11.062354 -11.842687
v 4.340698 11.062355 -12.681323
v 3.600061 11.972537 -11.869488
v 4.319956 11.972539 -12.708126
v 3.579319 11.949500 -11.896293
v 4.299211 11.949502 -12.734927
v 3.579319 11.903426 -11.896293
v 4.299211 11.903426 -12.734927
v 3.600061 11.880388 -11.869488
v 4.319956 11.880389 -12.708126
v 3.620807 11.903426 -11.842687
v 4.340698 11.903426 -12.681321
v 3.620807 11.949500 -11.842687
v 4.340698 11.949502 -12.681321
v 4.506820 11.908403 -11.892135
v 5.226712 11.069767 -11.892135
v 4.486075 11.881598 -11.869096
v 5.205969 11.042963 -11.869096
v 4.486075 11.881598 -11.823021
v 5.205969 11.042963 -11.823021
v 4.506820 11.908403 -11.799986
v 5.226712 11.069767 -11.799986
v 4.527562 11.935206 -11.823021
v 5.247457 11.096570 -11.823021
v 4.527562 11.935206 -11.869096
v 5.247457 11.096570 -11.869096
v 5.295763 11.902020 -11.878933
v 5.298633 11.051394 -11.878933
v 5.265681 11.901881 -11.854185
v 5.268551 11.051255 -11.854185
v 5.265681 11.901881 -11.804681
v 5.268551 11.051255 -11.804681
v 5.295763 11.902020 -11.779933
v 5.298633 11.051394 -11.779933
v 5.325848 11.902156 -11.804681
v 5.328718 11.051529 -11.804681
v 5.325848 11.902156 -11.854185
v 5.328718 11.051529 -11.854185
v 5.295739 11.880838 -12.772746
v 5.298660 11.090987 -12.772746
v 5.265110 11.880697 -12.747551
v 5.268034 11.090848 -12.747551
v 5.265110 11.880697 -12.697156
v 5.268034 11.090848 -12.697156
v 5.295739 11.880838 -12.671957
v 5.298660 11.090987 -12.671957
v 5.326365 11.880978 -12.697156
v 5.329286 11.091127 -12.697156
v 5.326365 11.880978 -12.747551
v 5.329286 11.091127 -12.747551
v 5.295763 11.079782 -11.870135
v 5.298633 11.079782 -12.693105
v 5.265681 11.055032 -11.870272
v 5.268551 11.055032 -12.693241
v 5.265681 11.005531 -11.870272
v 5.268551 11.005531 -12.693241
v 5.295763 10.980782 -11.870135
v 5.298633 10.980782 -12.693105
v 5.325848 11.005531 -11.869999
v 5.328718 11.005531 -12.692966
v 5.325848 11.055032 -11.869999
v 5.328718 11.055032 -12.692966
v 5.295739 11.970012 -11.881701
v 5.298660 11.970012 -12.680180
v 5.265110 11.944816 -11.881843
v 5.268034 11.944816 -12.680318
v 5.265110 11.894419 -11.881843
v 5.268034 11.894419 -12.680318
v 5.295739 11.869223 -11.881701
v 5.298660 11.869223 -12.680180
v 5.326365 11.894419 -11.881561
v 5.329286 11.894419 -12.680038
v 5.326365 11.944816 -11.881561
v 5.329286 11.944816 -12.680038
v 4.506820 11.908403 -12.777633
v 5.226712 11.069767 -12.777633
v 4.486075 11.881598 -12.754593
v 5.205969 11.042963 -12.754593
v 4.486075 11.881598 -12.708518
v 5.205969 11.042963 -12.708518
v 4.506820 11.908403 -12.685483
v 5.226712 11.069767 -12.685483
v 4.527562 11.935206 -12.708518
v 5.247457 11.096570 -12.708518
v 4.527562 11.935206 -12.754593
v 5.247457 11.096570 -12.754593
v 4.506820 11.085392 -11.869488
v 5.226712 11.085392 -12.708126
v 4.486075 11.062355 -11.896293
v 5.205969 11.062355 -12.734927
v 4.486075 11.016280 -11.896293
v 5.205969 11.016280 -12.734927
v 4.506820 10.993243 -11.869488
v 5.226712 10.993242 -12.708126
v 4.527562 11.016280 -11.842687
v 5.247457 11.016280 -12.681323
v 4.527562 11.062355 -11.842687
v 5.247457 11.062355 -12.681323
v 4.506820 11.972539 -11.869488
v 5.226712 11.972539 -12.708126
v 4.486075 11.949502 -11.896293
v 5.205969 11.949502 -12.734927
v 4.486075 11.903426 -11.896293
v 5.205969 11.903426 -12.734927
v 4.506820 11.880389 -11.869488
v 5.226712 11.880389 -12.708126
v 4.527562 11.903426 -11.842687
v 5.247457 11.903426 -12.681321
v 4.527562 11.949502 -11.842687
v 5.247457 11.949502 -12.681321
v 5.413576 11.908403 -11.892135
v 6.133470 11.069767 -11.892135
v 5.392834 11.881598 -11.869096
v 6.112725 11.042963 -11.869096
v 5.392834 11.881598 -11.823021
v 6.112725 11.042963 -11.823021
v 5.413576 11.908403 -11.799986
v 6.133470 11.069767 -11.799986
v 5.434320 11.935206 -11.823021
v 6.154212 11.096570 -11.823021
v 5.434320 11.935206 -11.869096
v 6.154212 11.096570 -11.869096
v 6.202522 11.902020 -11.878933
v 6.205392 11.051394 -11.878933
v 6.172437 11.901881 -11.854185
v 6.175307 11.051255 -11.854185
v 6.172437 11.901881 -11.804681
v 6.175307 11.051255 -11.804681
v 6.202522 11.902020 -11.779933
v 6.205392 11.051394 -11.779933
v 6.232604 11.902156 -11.804681
v 6.235474 11.051529 -11.804681
v 6.232604 11.902156 -11.854185
v 6.235474 11.051529 -11.854185
v 6.202495 11.880838 -12.772746
v 6.205416 11.090987 -12.772746
v 6.171869 11.880697 -12.747551
v 6.174790 11.090848 -12.747551
v 6.171869 11.880697 -12.697156
v 6.174790 11.090848 -12.697156
v 6.202495 11.880838 -12.671957
v 6.205416 11.090987 -12.671957
v 6.233120 11.880978 -12.697156
v 6.236044 11.091127 -12.697156
v 6.233120 11.880978 -12.747551
v 6.236044 11.091127 -12.747551
v 6.202522 11.079782 -11.870135
v 6.205392 11.079782 -12.693105
v 6.172437 11.055032 -11.870272
v 6.175307 11.055032 -12.693241
v 6.172437 11.005531 -11.870272
v 6.175307 11.005531 -12.693241
v 6.202522 10.980782 -11.870135
v 6.205392 10.980782 -12.693105
v 6.232604 11.005531 -11.869999
v 6.235474 11.005531 -12.692966
v 6.232604 11.055032 -11.869999
v 6.235474 11.055032 -12.692966
v 6.202495 11.970012 -11.881701
v 6.205416 11.970012 -12.680180
v 6.171869 11.944816 -11.881843
v 6.174790 11.944816 -12.680318
v 6.171869 11.894419 -11.881843
v 6.174790 11.894419 -12.680318
v 6.202495 11.869223 -11.881701
v 6.205416 11.869223 -12.680180
v 6.233120 11.894419 -11.881561
v 6.236044 11.894419 -12.680038
v 6.233120 11.944816 -11.881561
v 6.236044 11.944816 -12.680038
v 5.413576 11.908403 -12.777633
v 6.133470 11.069767 -12.777633
v 5.392834 11.881598 -12.754593
v 6.112725 11.042963 -12.754593
v 5.392834 11.881598 -12.708518
v 6.112725 11.042963 -12.708518
v 5.413576 11.908403 -12.685483
v 6.133470 11.069767 -12.685483
v 5.434320 11.935206 -12.708518
v 6.154212 11.096570 -12.708518
v 5.434320 11.935206 -12.754593
v 6.154212 11.096570 -12.754593
v 5.413576 11.085392 -11.869488
v 6.133470 11.085392 -12.708126
v 5.392834 11.062355 -11.896293
v 6.112725 11.062355 -12.734927
v 5.392834 11.016280 -11.896293
v 6.112725 11.016280 -12.734927
v 5.413576 10.993243 -11.869488
v 6.133470 10.993242 -12.708126
v 5.434320 11.016280 -11.842687
v 6.154212 11.016280 -12.681323
v 5.434320 11.062355 -11.842687
v 6.154212 11.062355 -12.681323
v 5.413576 11.972539 -11.869488
v 6.133470 11.972539 -12.708126
v 5.392834 11.949502 -11.896293
v 6.112725 11.949502 -12.734927
v 5.392834 11.903426 -11.896293
v 6.112725 11.903426 -12.734927
v 5.413576 11.880389 -11.869488
v 6.133470 11.880389 -12.708126
v 5.434320 11.903426 -11.842687
v 6.154212 11.903426 -12.681321
v 5.434320 11.949502 -11.842687
v 6.154212 11.949502 -12.681321
v 6.320334 11.908403 -11.892135
v 7.040226 11.069767 -11.892135
v 6.299589 11.881598 -11.869096
v 7.019484 11.042963 -11.869096
v 6.299589 11.881598 -11.823021
v 7.019484 11.042963 -11.823021
v 6.320334 11.908403 -11.799986
v 7.040226 11.069767 -11.799986
v 6.341076 11.935206 -11.823021
v 7.060971 11.096570 -11.823021
v 6.341076 11.935206 -11.869096
v 7.060971 11.096570 -11.869096
v 7.109277 11.902020 -11.878933
v 7.112147 11.051394 -11.878933
v 7.079195 11.901881 -11.854185
v 7.082066 11.051255 -11.854185
v 7.079195 11.901881 -11.804681
v 7.082066 11.051255 -11.804681
v 7.109277 11.902020 -11.779933
v 7.112147 11.051394 -11.779933
v 7.139362 11.902156 -11.804681
v 7.142232 11.051529 -11.804681
v 7.139362 11.902156 -11.854185
v 7.142232 11.051529 -11.854185
v 7.109253 11.880838 -12.772746
v 7.112174 11.090987 -12.772746
v 7.078625 11.880697 -12.747551
v 7.081548 11.090848 -12.747551
v 7.078625 11.880697 -12.697156
v 7.081548 11.090848 -12.697156
v 7.109253 11.880838 -12.671957
v 7.112174 11.090987 -12.671957
v 7.139879 11.880978 -12.697156
v 7.142800 11.091127 -12.697156
v 7.139879 11.880978 -12.747551
v 7.142800 11.091127 -12.747551
v 7.109277 11.079782 -11.870135
v 7.112147 11.079782 -12.693105
v 7.079195 11.055032 -11.870272
v 7.082066 11.055032 -12.693241
v 7.079195 11.005531 -11.870272
v 7.082066 11.005531 -12.693241
v 7.109277 10.980782 -11.870135
v 7.112147 10.980782 -12.693105
v 7.139362 11.005531 -11.869999
v 7.142232 11.005531 -12.692966
v 7.139362 11.055032 -11.869999
v 7.142232 11.055032 -12.692966
v 7.109253 11.970012 -11.881701
v 7.112174 11.970012 -12.680180
v 7.078625 11.944816 -11.881843
v 7.081548 11.944816 -12.680318
v 7.078625 11.894419 -11.881843
v 7.081548 11.894419 -12.680318
v 7.109253 11.869223 -11.881701
v 7.112174 11.869223 -12.680180
v 7.139879 11.894419 -11.881561
v 7.142800 11.894419 -12.680038
v 7.139879 11.944816 -11.881561
v 7.142800 11.944816 -12.680038
v 6.320334 11.908403 -12.777633
v 7.040226 11.069767 -12.777633
v 6.299589 11.881598 -12.754593
v 7.019484 11.042963 -12.754593
v 6.299589 11.881598 -12.708518
v 7.019484 11.042963 -12.708518
v 6.320334 11.908403 -12.685483
v 7.040226 11.069767 -12.685483
v 6.341076 11.935206 -12.708518
v 7.060971 11.096570 -12.708518
v 6.341076 11.935206 -12.754593
v 7.060971 11.096570 -12.754593
v 6.320334 11.085392 -11.869488
v 7.040226 11.085392 -12.708126
v 6.299589 11.062355 -11.896293
v 7.019484 11.062355 -12.734927
v 6.299589 11.016280 -11.896293
v 7.019484 11.016280 -12.734927
v 6.320334 10.993243 -11.869488
v 7.040226 10.993242 -12.708126
v 6.341076 11.016280 -11.842687
v 7.060971 11.016280 -12.681323
v 6.341076 11.062355 -11.842687
v 7.060971 11.062355 -12.681323
v 6.320334 11.972539 -11.869488
v 7.040226 11.972539 -12.708126
v 6.299589 11.949502 -11.896293
v 7.019484 11.949502 -12.734927
v 6.299589 11.903426 -11.896293
v 7.019484 11.903426 -12.734927
v 6.320334 11.880389 -11.869488
v 7.040226 11.880389 -12.708126
v 6.341076 11.903426 -11.842687
v 7.060971 11.903426 -12.681321
v 6.341076 11.949502 -11.842687
v 7.060971 11.949502 -12.681321
v 7.227090 11.908403 -11.892135
v 7.946984 11.069767 -11.892135
v 7.206347 11.881598 -11.869096
v 7.926239 11.042963 -11.869096
v 7.206347 11.881598 -11.823021
v 7.926239 11.042963 -11.823021
v 7.227090 11.908403 -11.799986
v 7.946984 11.069767 -11.799986
v 7.247835 11.935206 -11.823021
v 7.967726 11.096570 -11.823021
v 7.247835 11.935206 -11.869096
v 7.967726 11.096570 -11.869096
v 8.016036 11.902020 -11.878933
v 8.018906 11.051394 -11.878933
v 7.985951 11.901881 -11.854185
v 7.988821 11.051255 -11.854185
v 7.985951 11.901881 -11.804681
v 7.988821 11.051255 -11.804681
v 8.016036 11.902020 -11.779933
v 8.018906 11.051394 -11.779933
v 8.046118 11.902156 -11.804681
v 8.048987 11.051529 -11.804681
v 8.046118 11.902156 -11.854185
v 8.048987 11.051529 -11.854185
v 8.016009 11.880838 -12.772746
v 8.018929 11.090987 -12.772746
v 7.985383 11.880697 -12.747551
v 7.988304 11.090848 -12.747551
v 7.985383 11.880697 -12.697156
v 7.988304 11.090848 -12.697156
v 8.016009 11.880838 -12.671957
v 8.018929 11.090987 -12.671957
v 8.046635 11.880978 -12.697156
v 8.049559 11.091127 -12.697156
v 8.046635 11.880978 -12.747551
v 8.049559 11.091127 -12.747551
v 8.016036 11.079782 -11.870135
v 8.018906 11.079782 -12.693105
v 7.985951 11.055032 -11.870272
v 7.988821 11.055032 -12.693241
v 7.985951 11.005531 -11.870272
v 7.988821 11.005531 -12.693241
v 8.016036 10.980782 -11.870135
v 8.018906 10.980782 -12.693105
v 8.046118 11.005531 -11.869999
v 8.048987 11.005531 -12.692966
v 8.046118 11.055032 -11.869999
v 8.048987 11.055032 -12.692966
v 8.016009 11.970012 -11.881701
v 8.018929 11.970012 -12.680180
v 7.985383 11.944816 -11.881843
v 7.988304 11.944816 -12.680318
v 7.985383 11.894419 -11.881843
v 7.988304 11.894419 -12.680318
v 8.016009 11.869223 -11.881701
v 8.018929 11.869223 -12.680180
v 8.046635 11.894419 -11.881561
v 8.049559 11.894419 -12.680038
v 8.046635 11.944816 -11.881561
v 8.049559 11.944816 -12.680038
v 7.227090 11.908403 -12.777633
v 7.946984 11.069767 -12.777633
v 7.206347 11.881598 -12.754593
v 7.926239 11.042963 -12.754593
v 7.206347 11.881598 -12.708518
v 7.926239 11.042963 -12.708518
v 7.227090 11.908403 -12.685483
v 7.946984 11.069767 -12.685483
v 7.247835 11.935206 -12.708518
v 7.967726 11.096570 -12.708518
v 7.247835 11.935206 -12.754593
v 7.967726 11.096570 -12.754593
v 7.227090 11.085392 -11.869488
v 7.946984 11.085392 -12.708126
v 7.206347 11.062355 -11.896293
v 7.926239 11.062355 -12.734927
v 7.206347 11.016280 -11.896293
v 7.926239 11.016280 -12.734927
v 7.227090 10.993243 -11.869488
v 7.946984 10.993242 -12.708126
v 7.247835 11.016280 -11.842687
v 7.967726 11.016280 -12.681323
v 7.247835 11.062355 -11.842687
v 7.967726 11.062355 -12.681323
v 7.227090 11.972539 -11.869488
v 7.946984 11.972539 -12.708126
v 7.206347 11.949502 -11.896293
v 7.926239 11.949502 -12.734927
v 7.206347 11.903426 -11.896293
v 7.926239 11.903426 -12.734927
v 7.227090 11.880389 -11.869488
v 7.946984 11.880389 -12.708126
v 7.247835 11.903426 -11.842687
v 7.967726 11.903426 -12.681321
v 7.247835 11.949502 -11.842687
v 7.967726 11.949502 -12.681321
v 8.133848 11.908403 -11.892135
v 8.853740 11.069767 -11.892135
v 8.113103 11.881598 -11.869096
v 8.832997 11.042963 -11.869096
v 8.113103 11.881598 -11.823021
v 8.832997 11.042963 -11.823021
v 8.133848 11.908403 -11.799986
v 8.853740 11.069767 -11.799986
v 8.154591 11.935206 -11.823021
v 8.874485 11.096570 -11.823021
v 8.154591 11.935206 -11.869096
v 8.874485 11.096570 -11.869096
v 8.922791 11.902020 -11.878933
v 8.925661 11.051394 -11.878933
v 8.892710 11.901881 -11.854185
v 8.895579 11.051255 -11.854185
v 8.892710 11.901881 -11.804681
v 8.895579 11.051255 -11.804681
v 8.922791 11.902020 -11.779933
v 8.925661 11.051394 -11.779933
v 8.952876 11.902156 -11.804681
v 8.955746 11.051529 -11.804681
v 8.952876 11.902156 -11.854185
v 8.955746 11.051529 -11.854185
v 8.922768 11.880838 -12.772746
v 8.925689 11.090987 -12.772746
v 8.892138 11.880697 -12.747551
v 8.895062 11.090848 -12.747551
v 8.892138 11.880697 -12.697156
v 8.895062 11.090848 -12.697156
v 8.922768 11.880838 -12.671957
v 8.925689 11.090987 -12.671957
v 8.953393 11.880978 -12.697156
v 8.956314 11.091127 -12.697156
v 8.953393 11.880978 -12.747551
v 8.956314 11.091127 -12.747551
v 8.922791 11.079782 -11.870135
v 8.925661 11.079782 -12.693105
v 8.892710 11.055032 -11.870272
v 8.895579 11.055032 -12.693241
v 8.892710 11.005531 -11.870272
v 8.895579 11.005531 -12.693241
v 8.922791 10.980782 -11.870135
v 8.925661 10.980782 -12.693105
v 8.952876 11.005531 -11.869999
v 8.955746 11.005531 -12.692966
v 8.952876 11.055032 -11.869999
v 8.955746 11.055032 -12.692966
v 8.922768 11.970012 -11.881701
v 8.925689 11.970012 -12.680180
v 8.892138 11.944816 -11.881843
v 8.895062 11.944816 -12.680318
v 8.892138 11.894419 -11.881843
v 8.895062 11.894419 -12.680318
v 8.922768 11.869223 -11.881701
v 8.925689 11.869223 -12.680180
v 8.953393 11.894419 -11.881561
v 8.956314 11.894419 -12.680038
v 8.953393 11.944816 -11.881561
v 8.956314 11.944816 -12.680038
v 8.133848 11.908403 -12.777633
v 8.853740 11.069767 -12.777633
v 8.113103 11.881598 -12.754593
v 8.832997 11.042963 -12.754593
v 8.113103 11.881598 -12.708518
v 8.832997 11.042963 -12.708518
v 8.133848 11.908403 -12.685483
v 8.853740 11.069767 -12.685483
v 8.154591 11.935206 -12.708518
v 8.874485 11.096570 -12.708518
v 8.154591 11.935206 -12.754593
v 8.874485 11.096570 -12.754593
v 8.133848 11.085392 -11.869488
v 8.853740 11.085392 -12.708126
v 8.113103 11.062355 -11.896293
v 8.832997 11.062355 -12.734927
v 8.113103 11.016280 -11.896293
v 8.832997 11.016280 -12.734927
v 8.133848 10.993243 -11.869488
v 8.853740 10.993242 -12.708126
v 8.154591 11.016280 -11.842687
v 8.874485 11.016280 -12.681323
v 8.154591 11.062355 -11.842687
v 8.874485 11.062355 -12.681323
v 8.133848 11.972539 -11.869488
v 8.853740 11.972539 -12.708126
v 8.113103 11.949502 -11.896293
v 8.832997 11.949502 -12.734927
v 8.113103 11.903426 -11.896293
v 8.832997 11.903426 -12.734927
v 8.133848 11.880389 -11.869488
v 8.853740 11.880389 -12.708126
v 8.154591 11.903426 -11.842687
v 8.874485 11.903426 -12.681321
v 8.154591 11.949502 -11.842687
v 8.874485 11.949502 -12.681321
v 9.040604 11.908403 -11.892135
v 9.760498 11.069767 -11.892135
v 9.019862 11.881598 -11.869096
v 9.739754 11.042963 -11.869096
v 9.019862 11.881598 -11.823021
v 9.739754 11.042963 -11.823021
v 9.040604 11.908403 -11.799986
v 9.760498 11.069767 -11.799986
v 9.061349 11.935206 -11.823021
v 9.781240 11.096570 -11.823021
v 9.061349 11.935206 -11.869096
v 9.781240 11.096570 -11.869096
v 9.829550 11.902020 -11.878933
v 9.832420 11.051394 -11.878933
v 9.799465 11.901881 -11.854185
v 9.802336 11.051255 -11.854185
v 9.799465 11.901881 -11.804681
v 9.802336 11.051255 -11.804681
v 9.829550 11.902020 -11.779933
v 9.832420 11.051394 -11.779933
v 9.859632 11.902156 -11.804681
v 9.862502 11.051529 -11.804681
v 9.859632 11.902156 -11.854185
v 9.862502 11.051529 -11.854185
v 9.829523 11.880838 -12.772746
v 9.832444 11.090987 -12.772746
v 9.798897 11.880697 -12.747551
v 9.801818 11.090848 -12.747551
v 9.798897 11.880697 -12.697156
v 9.801818 11.090848 -12.697156
v 9.829523 11.880838 -12.671957
v 9.832444 11.090987 -12.671957
v 9.860148 11.880978 -12.697156
v 9.863072 11.091127 -12.697156
v 9.860148 11.880978 -12.747551
v 9.863072 11.091127 -12.747551
v 9.829550 11.079782 -11.870135
v 9.832420 11.079782 -12.693105
v 9.799465 11.055032 -11.870272
v 9.802336 11.055032 -12.693241
v 9.799465 11.005531 -11.870272
v 9.802336 11.005531 -12.693241
v 9.829550 10.980782 -11.870135
v 9.832420 10.980782 -12.693105
v 9.859632 11.005531 -11.869999
v 9.862502 11.005531 -12.692966
v 9.859632 11.055032 -11.869999
v 9.862502 11.055032 -12.692966
v 9.829523 11.970012 -11.881701
v 9.832444 11.970012 -12.680180
v 9.798897 11.944816 -11.881843
v 9.801818 11.944816 -12.680318
v 9.798897 11.894419 -11.881843
v 9.801818 11.894419 -12.680318
v 9.829523 11.869223 -11.881701
v 9.832444 11.869223 -12.680180
v 9.860148 11.894419 -11.881561
v 9.863072 11.894419 -12.680038
v 9.860148 11.944816 -11.881561
v 9.863072 11.944816 -12.680038
v 9.040604 11.908403 -12.777633
v 9.760498 11.069767 -12.777633
v 9.019862 11.881598 -12.754593
v 9.739754 11.042963 -12.754593
v 9.019862 11.881598 -12.708518
v 9.739754 11.042963 -12.708518
v 9.040604 11.908403 -12.685483
v 9.760498 11.069767 -12.685483
v 9.061349 11.935206 -12.708518
v 9.781240 11.096570 -12.708518
v 9.061349 11.935206 -12.754593
v 9.781240 11.096570 -12.754593
v 9.040604 11.085392 -11.869488
v 9.760498 11.085392 -12.708126
v 9.019862 11.062355 -11.896293
v 9.739754 11.062355 -12.734927
v 9.019862 11.016280 -11.896293
v 9.739754 11.016280 -12.734927
v 9.040604 10.993243 -11.869488
v 9.760498 10.993242 -12.708126
v 9.061349 11.016280 -11.842687
v 9.781240 11.016280 -12.681323
v 9.061349 11.062355 -11.842687
v 9.781240 11.062355 -12.681323
v 9.040604 11.972539 -11.869488
v 9.760498 11.972539 -12.708126
v 9.019862 11.949502 -11.896293
v 9.739754 11.949502 -12.734927
v 9.019862 11.903426 -11.896293
v 9.739754 11.903426 -12.734927
v 9.040604 11.880389 -11.869488
v 9.760498 11.880389 -12.708126
v 9.061349 11.903426 -11.842687
v 9.781240 11.903426 -12.681321
v 9.061349 11.949502 -11.842687
v 9.781240 11.949502 -12.681321
v 9.947362 11.908403 -11.892135
v 10.667253 11.069767 -11.892135
v 9.926618 11.881598 -11.869096
v 10.646512 11.042963 -11.869096
v 9.926618 11.881598 -11.823021
v 10.646512 11.042963 -11.823021
v 9.947362 11.908403 -11.799986
v 10.667253 11.069767 -11.799986
v 9.968104 11.935206 -11.823021
v 10.687999 11.096570 -11.823021
v 9.968104 11.935206 -11.869096
v 10.687999 11.096570 -11.869096
v 10.736305 11.902020 -11.878933
v 10.739176 11.051394 -11.878933
v 10.706223 11.901881 -11.854185
v 10.709094 11.051255 -11.854185
v 10.706223 11.901881 -11.804681
v 10.709094 11.051255 -11.804681
v 10.736305 11.902020 -11.779933
v 10.739176 11.051394 -11.779933
v 10.766390 11.902156 -11.804681
v 10.769260 11.051529 -11.804681
v 10.766390 11.902156 -11.854185
v 10.769260 11.051529 -11.854185
v 10.736281 11.880838 -12.772746
v 10.739202 11.090987 -12.772746
v 10.705653 11.880697 -12.747551
v 10.708576 11.090848 -12.747551
v 10.705653 11.880697 -12.697156
v 10.708576 11.090848 -12.697156
v 10.736281 11.880838 -12.671957
v 10.739202 11.090987 -12.671957
v 10.766908 11.880978 -12.697156
v 10.769828 11.091127 -12.697156
v 10.766908 11.880978 -12.747551
v 10.769828 11.091127 -12.747551
v 10.736305 11.079782 -11.870135
v 10.739176 11.079782 -12.693105
v 10.706223 11.055032 -11.870272
v 10.709094 11.055032 -12.693241
v 10.706223 11.005531 -11.870272
v 10.709094 11.005531 -12.693241
v 10.736305 10.980782 -11.870135
v 10.739176 10.980782 -12.693105
v 10.766390 11.005531 -11.869999
v 10.769260 11.005531 -12.692966
v 10.766390 11.055032 -11.869999
v 10.769260 11.055032 -12.692966
v 10.736281 11.970012 -11.881701
v 10.739202 11.970012 -12.680180
v 10.705653 11.944816 -11.881843
v 10.708576 11.944816 -12.680318
v 10.705653 11.894419 -11.881843
v 10.708576 11.894419 -12.680318
v 10.736281 11.869223 -11.881701
v 10.739202 11.869223 -12.680180
v 10.766908 11.894419 -11.881561
v 10.769828 11.894419 -12.680038
v 10.766908 11.944816 -11.881561
v 10.769828 11.944816 -12.680038
v 9.947362 11.908403 -12.777633
v 10.667253 11.069767 -12.777633
v 9.926618 11.881598 -12.754593
v 10.646512 11.042963 -12.754593
v 9.926618 11.881598 -12.708518
v 10.646512 11.042963 -12.708518
v 9.947362 11.908403 -12.685483
v 10.667253 11.069767 -12.685483
v 9.968104 11.935206 -12.708518
v 10.687999 11.096570 -12.708518
v 9.968104 11.935206 -12.754593
v 10.687999 11.096570 -12.754593
v 9.947362 11.085392 -11.869488
v 10.667253 11.085392 -12.708126
v 9.926618 11.062355 -11.896293
v 10.646512 11.062355 -12.734927
v 9.926618 11.016280 -11.896293
v 10.646512 11.016280 -12.734927
v 9.947362 10.993243 -11.869488
v 10.667253 10.993242 -12.708126
v 9.968104 11.016280 -11.842687
v 10.687999 11.016280 -12.681323
v 9.968104 11.062355 -11.842687
v 10.687999 11.062355 -12.681323
v 9.947362 11.972539 -11.869488
v 10.667253 11.972539 -12.708126
v 9.926618 11.949502 -11.896293
v 10.646512 11.949502 -12.734927
v 9.926618 11.903426 -11.896293
v 10.646512 11.903426 -12.734927
v 9.947362 11.880389 -11.869488
v 10.667253 11.880389 -12.708126
v 9.968104 11.903426 -11.842687
v 10.687999 11.903426 -12.681321
v 9.968104 11.949502 -11.842687
v 10.687999 11.949502 -12.681321
v 10.854118 11.908403 -11.892135
v 11.574013 11.069767 -11.892135
v 10.833376 11.881598 -11.869096
v 11.553267 11.042963 -11.869096
v 10.833376 11.881598 -11.823021
v 11.553267 11.042963 -11.823021
v 10.854118 11.908403 -11.799986
v 11.574013 11.069767 -11.799986
v 10.874863 11.935206 -11.823021
v 11.594754 11.096570 -11.823021
v 10.874863 11.935206 -11.869096
v 11.594754 11.096570 -11.869096
v 10.854118 11.908403 -12.777633
v 11.574013 11.069767 -12.777633
v 10.833376 11.881598 -12.754593
v 11.553267 11.042963 -12.754593
v 10.833376 11.881598 -12.708518
v 11.553267 11.042963 -12.708518
v 10.854118 11.908403 -12.685483
v 11.574013 11.069767 -12.685483
v 10.874863 11.935206 -12.708518
v 11.594754 11.096570 -12.708518
v 10.874863 11.935206 -12.754593
v 11.594754 11.096570 -12.754593
v 10.854118 11.085392 -11.869488
v 11.574013 11.085392 -12.708126
v 10.833376 11.062355 -11.896293
v 11.553267 11.062355 -12.734927
v 10.833376 11.016280 -11.896293
v 11.553267 11.016280 -12.734927
v 10.854118 10.993243 -11.869488
v 11.574013 10.993242 -12.708126
v 10.874863 11.016280 -11.842687
v 11.594754 11.016280 -12.681323
v 10.874863 11.062355 -11.842687
v 11.594754 11.062355 -12.681323
v 10.854118 11.972539 -11.869488
v 11.574013 11.972539 -12.708126
v 10.833376 11.949502 -11.896293
v 11.553267 11.949502 -12.734927
v 10.833376 11.903426 -11.896293
v 11.553267 11.903426 -12.734927
v 10.854118 11.880389 -11.869488
v 11.574013 11.880389 -12.708126
v 10.874863 11.903426 -11.842687
v 11.594754 11.903426 -12.681321
v 10.874863 11.949502 -11.842687
v 11.594754 11.949502 -12.681321
v -11.832264 11.979733 -11.827286
v -11.832264 11.953214 -11.790817
v -11.832264 11.936227 -11.898342
v -11.832264 11.972697 -11.871822
v -11.832264 11.908675 -11.783780
v -11.832264 11.872206 -11.810300
v -11.832264 11.865170 -11.854841
v -11.832264 11.891688 -11.891309
v -11.832264 11.980645 -12.718726
v -11.832264 11.957099 -12.680268
v -11.832264 11.931645 -12.786110
v -11.832264 11.970100 -12.762568
v -11.832264 11.913259 -12.669724
v -11.832264 11.874803 -12.693271
v -11.832264 11.864258 -12.737113
v -11.832264 11.887803 -12.775568
v -11.832264 11.094193 -11.827286
v -11.832264 11.067677 -11.790817
v -11.832264 11.050689 -11.898342
v -11.832264 11.087158 -11.871826
v -11.832264 11.023138 -11.783780
v -11.832264 10.986668 -11.810295
v -11.832264 10.979630 -11.854836
v -11.832264 11.006149 -11.891309
v -11.832264 11.095106 -12.718726
v -11.832264 11.071561 -12.680268
v -11.832264 11.046106 -12.786110
v -11.832264 11.084561 -12.762566
v -11.832264 11.027719 -12.669724
v -11.832264 10.989264 -12.693271
v -11.832264 10.978721 -12.737113
v -11.832264 11.002265 -12.775568
v 11.709773 11.979735 -11.827286
v 11.709773 11.953217 -11.790817
v 11.709773 11.936230 -11.898342
v 11.709773 11.972698 -11.871822
v 11.709773 11.908678 -11.783780
v 11.709773 11.872208 -11.810300
v 11.709773 11.865171 -11.854841
v 11.709773 11.891691 -11.891309
v 11.709773 11.980646 -12.718726
v 11.709773 11.957102 -12.680268
v 11.709773 11.931646 -12.786110
v 11.709773 11.970103 -12.762568
v 11.709773 11.913260 -12.669724
v 11.709773 11.874804 -12.693271
v 11.709773 11.864260 -12.737113
v 11.709773 11.887806 -12.775568
v 11.709773 11.094196 -11.827286
v 11.709773 11.067678 -11.790817
v 11.709773 11.050691 -11.898342
v 11.709773 11.087159 -11.871826
v 11.709773 11.023140 -11.783780
v 11.709773 10.986670 -11.810295
v 11.709773 10.979633 -11.854836
v 11.709773 11.006152 -11.891309
v 11.709773 11.095108 -12.718726
v 11.709773 11.071563 -12.680268
v 11.709773 11.046109 -12.786110
v 11.709773 11.084565 -12.762566
v 11.709773 11.027721 -12.669724
v 11.709773 10.989265 -12.693271
v 11.709773 10.978723 -12.737113
v 11.709773 11.002268 -12.775568
v 11.685859 11.273232 -11.700123
v 11.690452 10.726041 -11.700122
v 11.637704 11.273145 -11.672326
v 11.642298 10.725952 -11.672325
v 11.637704 11.273145 -11.616722
v 11.642298 10.725952 -11.616721
v 11.685859 11.273232 -11.588924
v 11.690452 10.726041 -11.588923
v 11.734007 11.273321 -11.616722
v 11.738600 10.726129 -11.616721
v 11.734007 11.273321 -11.672326
v 11.738600 10.726129 -11.672325
v 11.685815 11.259608 -12.704075
v 11.690490 10.751512 -12.704074
v 11.636795 11.259518 -12.675776
v 11.641470 10.751421 -12.675775
v 11.636795 11.259518 -12.619171
v 11.641470 10.751421 -12.619170
v 11.685815 11.259608 -12.590866
v 11.690490 10.751512 -12.590865
v 11.734835 11.259697 -12.619171
v 11.739515 10.751601 -12.619170
v 11.734835 11.259697 -12.675776
v 11.739515 10.751601 -12.675775
v 11.685859 10.744303 -11.690241
v 11.690452 10.744303 -12.614619
v 11.637704 10.728382 -11.690394
v 11.642298 10.728382 -12.614772
v 11.637704 10.696539 -11.690394
v 11.642298 10.696539 -12.614772
v 11.685859 10.680618 -11.690241
v 11.690452 10.680618 -12.614619
v 11.734007 10.696539 -11.690087
v 11.738600 10.696539 -12.614464
v 11.734007 10.728382 -11.690087
v 11.738600 10.728382 -12.614464
v 11.685815 11.316972 -11.703234
v 11.690490 11.316972 -12.600101
v 11.636795 11.300762 -11.703392
v 11.641470 11.300762 -12.600257
v 11.636795 11.268345 -11.703392
v 11.641470 11.268345 -12.600257
v 11.685815 11.252136 -11.703234
v 11.690490 11.252136 -12.600101
v 11.734835 11.268345 -11.703075
v 11.739515 11.268345 -12.599944
v 11.734835 11.300762 -11.703075
v 11.739515 11.300762 -12.599944
v -12.994398 1.360729 -11.627711
v -12.959754 1.360729 -11.580060
v -12.937554 1.360729 -11.720554
v -12.985206 1.360729 -11.685905
v -12.901555 1.360729 -11.570868
v -12.853908 1.360729 -11.605513
v -12.844713 1.360729 -11.663711
v -12.879363 1.360729 -11.711362
v -12.931569 1.360729 -12.565814
v -12.981812 1.360729 -12.596578
v -12.995590 1.360729 -12.653862
v -12.964826 1.360729 -12.704106
v -12.843520 1.360729 -12.629835
v -12.874287 1.360729 -12.579588
v -12.907541 1.360729 -12.717880
v -12.857298 1.360729 -12.687117
v -11.999744 1.360729 -11.627711
v -11.965095 1.360729 -11.580060
v -11.942899 1.360729 -11.720554
v -11.990549 1.360729 -11.685905
v -11.906901 1.360729 -11.570868
v -11.859251 1.360729 -11.605513
v -11.850057 1.360729 -11.663711
v -11.884705 1.360729 -11.711362
v -11.936913 1.360729 -12.565814
v -11.987158 1.360729 -12.596578
v -12.000935 1.360729 -12.653862
v -11.970169 1.360729 -12.704106
v -11.848866 1.360729 -12.629835
v -11.879630 1.360729 -12.579588
v -11.912888 1.360729 -12.717880
v -11.862641 1.360729 -12.687117
v -12.903776 1.409747 -11.703074
v -11.939057 2.084855 -11.703074
v -12.873668 1.390732 -11.677200
v -11.908953 2.065840 -11.677200
v -12.873668 1.390732 -11.625448
v -11.908953 2.065840 -11.625448
v -12.903776 1.409747 -11.599569
v -11.939057 2.084855 -11.599569
v -12.933880 1.428762 -11.625448
v -11.969163 2.103870 -11.625448
v -12.933880 1.428762 -11.677200
v -11.969163 2.103870 -11.677200
v -12.917624 2.132958 -11.688250
v -11.941160 2.135589 -11.688250
v -12.917472 2.105382 -11.660447
v -11.941008 2.108013 -11.660447
v -12.917472 2.105382 -11.604848
v -11.941008 2.108013 -11.604848
v -12.917624 2.132958 -11.577050
v -11.941160 2.135589 -11.577050
v -12.917778 2.160534 -11.604848
v -11.941316 2.163165 -11.604848
v -12.917778 2.160534 -11.660447
v -11.941316 2.163165 -11.660447
v -12.910073 2.132934 -12.692201
v -11.964516 2.135613 -12.692201
v -12.909915 2.104859 -12.663897
v -11.964358 2.107538 -12.663897
v -12.909915 2.104859 -12.607292
v -11.964358 2.107538 -12.607292
v -12.910073 2.132934 -12.578992
v -11.964516 2.135613 -12.578992
v -12.910232 2.161009 -12.607292
v -11.964672 2.163687 -12.607292
v -12.910232 2.161009 -12.663897
v -11.964672 2.163687 -12.663897
v -11.973046 2.132958 -11.678368
v -11.973046 2.135589 -12.602741
v -11.945247 2.105382 -11.678521
v -11.945247 2.108013 -12.602895
v -11.889647 2.105382 -11.678521
v -11.889647 2.108013 -12.602895
v -11.861848 2.132958 -11.678368
v -11.861848 2.135589 -12.602741
v -11.889647 2.160534 -11.678215
v -11.889647 2.163165 -12.602589
v -11.945247 2.160534 -11.678215
v -11.945247 2.163165 -12.602589
v -12.972976 2.132934 -11.629980
v -12.972976 2.135613 -12.638032
v -12.944674 2.104859 -11.630137
v -12.944674 2.107538 -12.638190
v -12.888068 2.104859 -11.630137
v -12.888068 2.107538 -12.638190
v -12.859766 2.132934 -11.629980
v -12.859766 2.135613 -12.638032
v -12.888068 2.161009 -11.629822
v -12.888068 2.163687 -12.637875
v -12.944674 2.161009 -11.629822
v -12.944674 2.163687 -12.637875
v -12.903776 1.409747 -12.697684
v -11.939057 2.084855 -12.697684
v -12.873668 1.390732 -12.671811
v -11.908953 2.065840 -12.671811
v -12.873668 1.390732 -12.620059
v -11.908953 2.065840 -12.620059
v -12.903776 1.409747 -12.594180
v -11.939057 2.084855 -12.594180
v -12.933880 1.428762 -12.620059
v -11.969163 2.103870 -12.620059
v -12.933880 1.428762 -12.671811
v -11.969163 2.103870 -12.671811
v -11.979352 1.409747 -11.677641
v -11.979352 2.069659 -12.619614
v -11.953473 1.390732 -11.707745
v -11.953473 2.050645 -12.649722
v -11.901721 1.390732 -11.707745
v -11.901721 2.050645 -12.649722
v -11.875847 1.409747 -11.677641
v -11.875847 2.069659 -12.619614
v -11.901721 1.428762 -11.647536
v -11.901721 2.088674 -12.589510
v -11.953473 1.428762 -11.647536
v -11.953473 2.088674 -12.589510
v -12.975813 1.409747 -11.677641
v -12.975813 2.069659 -12.619614
v -12.949939 1.390732 -11.707745
v -12.949939 2.050645 -12.649722
v -12.898187 1.390732 -11.707745
v -12.898187 2.050645 -12.649722
v -12.872309 1.409747 -11.677641
v -12.872309 2.069659 -12.619614
v -12.898187 1.428762 -11.647536
v -12.898187 2.088674 -12.589510
v -12.949939 1.428762 -11.647536
v -12.949939 2.088674 -12.589510
v 11.722686 1.360729 -11.627711
v 11.757332 1.360729 -11.580060
v 11.779531 1.360729 -11.720554
v 11.731881 1.360729 -11.685905
v 11.815525 1.360729 -11.570868
v 11.863177 1.360729 -11.605513
v 11.872372 1.360729 -11.663711
v 11.837723 1.360729 -11.711362
v 11.785516 1.360729 -12.565814
v 11.735271 1.360729 -12.596578
v 11.721494 1.360729 -12.653862
v 11.752259 1.360729 -12.704106
v 11.873564 1.360729 -12.629835
v 11.842798 1.360729 -12.579588
v 11.809542 1.360729 -12.717880
v 11.859787 1.360729 -12.687117
v 12.717338 1.360729 -11.627711
v 12.751983 1.360729 -11.580060
v 12.774181 1.360729 -11.720554
v 12.726532 1.360729 -11.685905
v 12.810176 1.360729 -11.570868
v 12.857828 1.360729 -11.605513
v 12.867023 1.360729 -11.663711
v 12.832375 1.360729 -11.711362
v 12.717338 1.360729 -12.623849
v 12.751983 1.360729 -12.576198
v 12.774181 1.360729 -12.716692
v 12.726532 1.360729 -12.682042
v 12.810176 1.360729 -12.567005
v 12.857828 1.360729 -12.601650
v 12.867023 1.360729 -12.659845
v 12.832375 1.360729 -12.707497
v 11.813305 1.409747 -11.703074
v 12.755280 2.086149 -11.702394
v 11.843412 1.390732 -11.677200
v 12.785388 2.067134 -11.676520
v 11.843412 1.390732 -11.625448
v 12.785388 2.067134 -11.624768
v 11.813305 1.409747 -11.599569
v 12.755280 2.086149 -11.598890
v 11.783202 1.428762 -11.625448
v 12.725175 2.105164 -11.624768
v 11.783202 1.428762 -11.677200
v 12.725175 2.105164 -11.676520
v 11.798166 2.132958 -11.697035
v 12.804391 2.135589 -11.702696
v 11.798316 2.105382 -11.669232
v 12.804543 2.108013 -11.674898
v 11.798316 2.105382 -11.613633
v 12.804543 2.108013 -11.619299
v 11.798166 2.132958 -11.585836
v 12.804391 2.135589 -11.591497
v 11.798010 2.160534 -11.613633
v 12.804237 2.163165 -11.619299
v 11.798010 2.160534 -11.669232
v 12.804237 2.163165 -11.674898
v 11.813075 2.132934 -12.692201
v 12.784881 2.135613 -12.692201
v 11.813233 2.104859 -12.663897
v 12.785035 2.107538 -12.663897
v 11.813233 2.104859 -12.607292
v 12.785035 2.107538 -12.607292
v 11.813075 2.132934 -12.578992
v 12.784881 2.135613 -12.578992
v 11.812921 2.161009 -12.607292
v 12.784722 2.163687 -12.607292
v 11.812921 2.161009 -12.663897
v 12.784722 2.163687 -12.663897
v 12.744034 2.132958 -11.639009
v 12.744034 2.135589 -12.632218
v 12.771832 2.105382 -11.639168
v 12.771832 2.108013 -12.632371
v 12.827434 2.105382 -11.639168
v 12.827434 2.108013 -12.632371
v 12.855233 2.132958 -11.639009
v 12.855233 2.135589 -12.632218
v 12.827434 2.160534 -11.638856
v 12.827434 2.163165 -12.632065
v 12.771832 2.160534 -11.638856
v 12.771832 2.163165 -12.632065
v 11.744106 2.132934 -11.635573
v 11.744106 2.135613 -12.637037
v 11.772408 2.104859 -11.635732
v 11.772408 2.107538 -12.637195
v 11.829013 2.104859 -11.635732
v 11.829013 2.107538 -12.637195
v 11.857315 2.132934 -11.635573
v 11.857315 2.135613 -12.637037
v 11.829013 2.161009 -11.635421
v 11.829013 2.163687 -12.636879
v 11.772408 2.161009 -11.635421
v 11.772408 2.163687 -12.636879
v 11.813305 1.409747 -12.696158
v 12.755280 2.086149 -12.695478
v 11.843412 1.390732 -12.670280
v 12.785388 2.067134 -12.669600
v 11.843412 1.390732 -12.618527
v 12.785388 2.067134 -12.617848
v 11.813305 1.409747 -12.592654
v 12.755280 2.086149 -12.591974
v 11.783202 1.428762 -12.618527
v 12.725175 2.105164 -12.617848
v 11.783202 1.428762 -12.670280
v 12.725175 2.105164 -12.669600
v 12.737733 1.409747 -11.677641
v 12.737733 2.069659 -12.619614
v 12.763608 1.390732 -11.707745
v 12.763608 2.050645 -12.649722
v 12.815359 1.390732 -11.707745
v 12.815359 2.050645 -12.649722
v 12.841234 1.409747 -11.677641
v 12.841234 2.069659 -12.619614
v 12.815359 1.428762 -11.647536
v 12.815359 2.088674 -12.589510
v 12.763608 1.428762 -11.647536
v 12.763608 2.088674 -12.589510
v 11.741266 1.409747 -11.677641
v 11.741266 2.069659 -12.619614
v 11.767142 1.390732 -11.707745
v 11.767142 2.050645 -12.649722
v 11.818895 1.390732 -11.707745
v 11.818895 2.050645 -12.649722
v 11.844771 1.409747 -11.677641
v 11.844771 2.069659 -12.619614
v 11.818895 1.428762 -11.647536
v 11.818895 2.088674 -12.589510
v 11.767142 1.428762 -11.647536
v 11.767142 2.088674 -12.589510
v -12.903776 2.246702 -11.703074
v -11.939057 2.921810 -11.703074
v -12.873668 2.227687 -11.677200
v -11.908953 2.902794 -11.677200
v -12.873668 2.227687 -11.625448
v -11.908953 2.902794 -11.625448
v -12.903776 2.246702 -11.599569
v -11.939057 2.921810 -11.599569
v -12.933880 2.265717 -11.625448
v -11.969163 2.940824 -11.625448
v -12.933880 2.265717 -11.677200
v -11.969163 2.940824 -11.677200
v -12.917624 2.969913 -11.688250
v -11.941160 2.972544 -11.688250
v -12.917472 2.942337 -11.660447
v -11.941008 2.944968 -11.660447
v -12.917472 2.942337 -11.604848
v -11.941008 2.944968 -11.604848
v -12.917624 2.969913 -11.577050
v -11.941160 2.972544 -11.577050
v -12.917778 2.997489 -11.604848
v -11.941316 3.000120 -11.604848
v -12.917778 2.997489 -11.660447
v -11.941316 3.000120 -11.660447
v -12.910073 2.969889 -12.692201
v -11.964516 2.972568 -12.692201
v -12.909915 2.941815 -12.663897
v -11.964358 2.944493 -12.663897
v -12.909915 2.941815 -12.607292
v -11.964358 2.944493 -12.607292
v -12.910073 2.969889 -12.578992
v -11.964516 2.972568 -12.578992
v -12.910232 2.997964 -12.607292
v -11.964672 3.000642 -12.607292
v -12.910232 2.997964 -12.663897
v -11.964672 3.000642 -12.663897
v -11.973046 2.969913 -11.678368
v -11.973046 2.972544 -12.602741
v -11.945247 2.942337 -11.678521
v -11.945247 2.944968 -12.602895
v -11.889647 2.942337 -11.678521
v -11.889647 2.944968 -12.602895
v -11.861848 2.969913 -11.678368
v -11.861848 2.972544 -12.602741
v -11.889647 2.997489 -11.678215
v -11.889647 3.000120 -12.602589
v -11.945247 2.997489 -11.678215
v -11.945247 3.000120 -12.602589
v -12.972976 2.969889 -11.629980
v -12.972976 2.972568 -12.638032
v -12.944674 2.941815 -11.630137
v -12.944674 2.944493 -12.638190
v -12.888068 2.941815 -11.630137
v -12.888068 2.944493 -12.638190
v -12.859766 2.969889 -11.629980
v -12.859766 2.972568 -12.638032
v -12.888068 2.997964 -11.629822
v -12.888068 3.000642 -12.637875
v -12.944674 2.997964 -11.629822
v -12.944674 3.000642 -12.637875
v -12.903776 2.246702 -12.697684
v -11.939057 2.921810 -12.697684
v -12.873668 2.227687 -12.671811
v -11.908953 2.902794 -12.671811
v -12.873668 2.227687 -12.620059
v -11.908953 2.902794 -12.620059
v -12.903776 2.246702 -12.594180
v -11.939057 2.921810 -12.594180
v -12.933880 2.265717 -12.620059
v -11.969163 2.940824 -12.620059
v -12.933880 2.265717 -12.671811
v -11.969163 2.940824 -12.671811
v -11.979352 2.246702 -11.677641
v -11.979352 2.906614 -12.619614
v -11.953473 2.227687 -11.707745
v -11.953473 2.887599 -12.649722
v -11.901721 2.227687 -11.707745
v -11.901721 2.887599 -12.649722
v -11.875847 2.246702 -11.677641
v -11.875847 2.906614 -12.619614
v -11.901721 2.265718 -11.647536
v -11.901721 2.925629 -12.589510
v -11.953473 2.265718 -11.647536
v -11.953473 2.925629 -12.589510
v -12.975813 2.246702 -11.677641
v -12.975813 2.906614 -12.619614
v -12.949939 2.227687 -11.707745
v -12.949939 2.887599 -12.649722
v -12.898187 2.227687 -11.707745
v -12.898187 2.887599 -12.649722
v -12.872309 2.246702 -11.677641
v -12.872309 2.906614 -12.619614
v -12.898187 2.265718 -11.647536
v -12.898187 2.925629 -12.589510
v -12.949939 2.265718 -11.647536
v -12.949939 2.925629 -12.589510
v 11.813305 2.246702 -11.703074
v 12.755280 2.923104 -11.702394
v 11.843412 2.227687 -11.677200
v 12.785388 2.904088 -11.676520
v 11.843412 2.227687 -11.625448
v 12.785388 2.904088 -11.624768
v 11.813305 2.246702 -11.599569
v 12.755280 2.923104 -11.598890
v 11.783202 2.265717 -11.625448
v 12.725175 2.942119 -11.624768
v 11.783202 2.265717 -11.677200
v 12.725175 2.942119 -11.676520
v 11.798166 2.969913 -11.697035
v 12.804391 2.972544 -11.702696
v 11.798316 2.942337 -11.669232
v 12.804543 2.944968 -11.674898
v 11.798316 2.942337 -11.613633
v 12.804543 2.944968 -11.619299
v 11.798166 2.969913 -11.585836
v 12.804391 2.972544 -11.591497
v 11.798010 2.997489 -11.613633
v 12.804237 3.000120 -11.619299
v 11.798010 2.997489 -11.669232
v 12.804237 3.000120 -11.674898
v 11.813075 2.969889 -12.692201
v 12.784881 2.972568 -12.692201
v 11.813233 2.941815 -12.663897
v 12.785035 2.944493 -12.663897
v 11.813233 2.941815 -12.607292
v 12.785035 2.944493 -12.607292
v 11.813075 2.969889 -12.578992
v 12.784881 2.972568 -12.578992
v 11.812921 2.997964 -12.607292
v 12.784722 3.000642 -12.607292
v 11.812921 2.997964 -12.663897
v 12.784722 3.000642 -12.663897
v 12.744034 2.969913 -11.639009
v 12.744034 2.972544 -12.632218
v 12.771832 2.942337 -11.639168
v 12.771832 2.944968 -12.632371
v 12.827434 2.942337 -11.639168
v 12.827434 2.944968 -12.632371
v 12.855233 2.969913 -11.639009
v 12.855233 2.972544 -12.632218
v 12.827434 2.997489 -11.638856
v 12.827434 3.000120 -12.632065
v 12.771832 2.997489 -11.638856
v 12.771832 3.000120 -12.632065
v 11.744106 2.969889 -11.635573
v 11.744106 2.972568 -12.637037
v 11.772408 2.941815 -11.635732
v 11.772408 2.944493 -12.637195
v 11.829013 2.941815 -11.635732
v 11.829013 2.944493 -12.637195
v 11.857315 2.969889 -11.635573
v 11.857315 2.972568 -12.637037
v 11.829013 2.997964 -11.635421
v 11.829013 3.000642 -12.636879
v 11.772408 2.997964 -11.635421
v 11.772408 3.000642 -12.636879
v 11.813305 2.246702 -12.696158
v 12.755280 2.923104 -12.695478
v 11.843412 2.227687 -12.670280
v 12.785388 2.904088 -12.669600
v 11.843412 2.227687 -12.618527
v 12.785388 2.904088 -12.617848
v 11.813305 2.246702 -12.592654
v 12.755280 2.923104 -12.591974
v 11.783202 2.265717 -12.618527
v 12.725175 2.942119 -12.617848
v 11.783202 2.265717 -12.670280
v 12.725175 2.942119 -12.669600
v 12.737733 2.246702 -11.677641
v 12.737733 2.906614 -12.619614
v 12.763608 2.227687 -11.707745
v 12.763608 2.887599 -12.649722
v 12.815359 2.227687 -11.707745
v 12.815359 2.887599 -12.649722
v 12.841234 2.246702 -11.677641
v 12.841234 2.906614 -12.619614
v 12.815359 2.265718 -11.647536
v 12.815359 2.925629 -12.589510
v 12.763608 2.265718 -11.647536
v 12.763608 2.925629 -12.589510
v 11.741266 2.246702 -11.677641
v 11.741266 2.906614 -12.619614
v 11.767142 2.227687 -11.707745
v 11.767142 2.887599 -12.649722
v 11.818895 2.227687 -11.707745
v 11.818895 2.887599 -12.649722
v 11.844771 2.246702 -11.677641
v 11.844771 2.906614 -12.619614
v 11.818895 2.265718 -11.647536
v 11.818895 2.925629 -12.589510
v 11.767142 2.265718 -11.647536
v 11.767142 2.925629 -12.589510
v -12.903776 3.083657 -11.703074
v -11.939057 3.758764 -11.703074
v -12.873668 3.064642 -11.677200
v -11.908953 3.739749 -11.677200
v -12.873668 3.064642 -11.625448
v -11.908953 3.739749 -11.625448
v -12.903776 3.083657 -11.599569
v -11.939057 3.758764 -11.599569
v -12.933880 3.102672 -11.625448
v -11.969163 3.777780 -11.625448
v -12.933880 3.102672 -11.677200
v -11.969163 3.777780 -11.677200
v -12.917624 3.806868 -11.688250
v -11.941160 3.809499 -11.688250
v -12.917472 3.779292 -11.660447
v -11.941008 3.781923 -11.660447
v -12.917472 3.779292 -11.604848
v -11.941008 3.781923 -11.604848
v -12.917624 3.806868 -11.577050
v -11.941160 3.809499 -11.577050
v -12.917778 3.834444 -11.604848
v -11.941316 3.837075 -11.604848
v -12.917778 3.834444 -11.660447
v -11.941316 3.837075 -11.660447
v -12.910073 3.806844 -12.692201
v -11.964516 3.809523 -12.692201
v -12.909915 3.778769 -12.663897
v -11.964358 3.781448 -12.663897
v -12.909915 3.778769 -12.607292
v -11.964358 3.781448 -12.607292
v -12.910073 3.806844 -12.578992
v -11.964516 3.809523 -12.578992
v -12.910232 3.834918 -12.607292
v -11.964672 3.837597 -12.607292
v -12.910232 3.834918 -12.663897
v -11.964672 3.837597 -12.663897
v -11.973046 3.806868 -11.678368
v -11.973046 3.809499 -12.602741
v -11.945247 3.779292 -11.678521
v -11.945247 3.781923 -12.602895
v -11.889647 3.779292 -11.678521
v -11.889647 3.781923 -12.602895
v -11.861848 3.806868 -11.678368
v -11.861848 3.809499 -12.602741
v -11.889647 3.834444 -11.678215
v -11.889647 3.837075 -12.602589
v -11.945247 3.834444 -11.678215
v -11.945247 3.837075 -12.602589
v -12.972976 3.806844 -11.629980
v -12.972976 3.809523 -12.638032
v -12.944674 3.778769 -11.630137
v -12.944674 3.781448 -12.638190
v -12.888068 3.778769 -11.630137
v -12.888068 3.781448 -12.638190
v -12.859766 3.806844 -11.629980
v -12.859766 3.809523 -12.638032
v -12.888068 3.834918 -11.629822
v -12.888068 3.837597 -12.637875
v -12.944674 3.834918 -11.629822
v -12.944674 3.837597 -12.637875
v -12.903776 3.083657 -12.697684
v -11.939057 3.758764 -12.697684
v -12.873668 3.064642 -12.671811
v -11.908953 3.739749 -12.671811
v -12.873668 3.064642 -12.620059
v -11.908953 3.739749 -12.620059
v -12.903776 3.083657 -12.594180
v -11.939057 3.758764 -12.594180
v -12.933880 3.102672 -12.620059
v -11.969163 3.777780 -12.620059
v -12.933880 3.102672 -12.671811
v -11.969163 3.777780 -12.671811
v -11.979352 3.083657 -11.677641
v -11.979352 3.743569 -12.619614
v -11.953473 3.064642 -11.707745
v -11.953473 3.724554 -12.649722
v -11.901721 3.064642 -11.707745
v -11.901721 3.724554 -12.649722
v -11.875847 3.083657 -11.677641
v -11.875847 3.743569 -12.619614
v -11.901721 3.102672 -11.647536
v -11.901721 3.762584 -12.589510
v -11.953473 3.102672 -11.647536
v -11.953473 3.762584 -12.589510
v -12.975813 3.083657 -11.677641
v -12.975813 3.743569 -12.619614
v -12.949939 3.064642 -11.707745
v -12.949939 3.724554 -12.649722
v -12.898187 3.064642 -11.707745
v -12.898187 3.724554 -12.649722
v -12.872309 3.083657 -11.677641
v -12.872309 3.743569 -12.619614
v -12.898187 3.102672 -11.647536
v -12.898187 3.762584 -12.589510
v -12.949939 3.102672 -11.647536
v -12.949939 3.762584 -12.589510
v 11.813305 3.083657 -11.703074
v 12.755280 3.760059 -11.702394
v 11.843412 3.064642 -11.677200
v 12.785388 3.741044 -11.676520
v 11.843412 3.064642 -11.625448
v 12.785388 3.741044 -11.624768
v 11.813305 3.083657 -11.599569
v 12.755280 3.760059 -11.598890
v 11.783202 3.102672 -11.625448
v 12.725175 3.779074 -11.624768
v 11.783202 3.102672 -11.677200
v 12.725175 3.779074 -11.676520
v 11.798166 3.806868 -11.697035
v 12.804391 3.809499 -11.702696
v 11.798316 3.779292 -11.669232
v 12.804543 3.781923 -11.674898
v 11.798316 3.779292 -11.613633
v 12.804543 3.781923 -11.619299
v 11.798166 3.806868 -11.585836
v 12.804391 3.809499 -11.591497
v 11.798010 3.834444 -11.613633
v 12.804237 3.837075 -11.619299
v 11.798010 3.834444 -11.669232
v 12.804237 3.837075 -11.674898
v 11.813075 3.806844 -12.692201
v 12.784881 3.809523 -12.692201
v 11.813233 3.778769 -12.663897
v 12.785035 3.781448 -12.663897
v 11.813233 3.778769 -12.607292
v 12.785035 3.781448 -12.607292
v 11.813075 3.806844 -12.578992
v 12.784881 3.809523 -12.578992
v 11.812921 3.834918 -12.607292
v 12.784722 3.837597 -12.607292
v 11.812921 3.834918 -12.663897
v 12.784722 3.837597 -12.663897
v 12.744034 3.806868 -11.639009
v 12.744034 3.809499 -12.632218
v 12.771832 3.779292 -11.639168
v 12.771832 3.781923 -12.632371
v 12.827434 3.779292 -11.639168
v 12.827434 3.781923 -12.632371
v 12.855233 3.806868 -11.639009
v 12.855233 3.809499 -12.632218
v 12.827434 3.834444 -11.638856
v 12.827434 3.837075 -12.632065
v 12.771832 3.834444 -11.638856
v 12.771832 3.837075 -12.632065
v 11.744106 3.806844 -11.635573
v 11.744106 3.809523 -12.637037
v 11.772408 3.778769 -11.635732
v 11.772408 3.781448 -12.637195
v 11.829013 3.778769 -11.635732
v 11.829013 3.781448 -12.637195
v 11.857315 3.806844 -11.635573
v 11.857315 3.809523 -12.637037
v 11.829013 3.834918 -11.635421
v 11.829013 3.837597 -12.636879
v 11.772408 3.834918 -11.635421
v 11.772408 3.837597 -12.636879
v 11.813305 3.083657 -12.696158
v 12.755280 3.760059 -12.695478
v 11.843412 3.064642 -12.670280
v 12.785388 3.741044 -12.669600
v 11.843412 3.064642 -12.618527
v 12.785388 3.741044 -12.617848
v 11.813305 3.083657 -12.592654
v 12.755280 3.760059 -12.591974
v 11.783202 3.102672 -12.618527
v 12.725175 3.779074 -12.617848
v 11.783202 3.102672 -12.670280
v 12.725175 3.779074 -12.669600
v 12.737733 3.083657 -11.677641
v 12.737733 3.743569 -12.619614
v 12.763608 3.064642 -11.707745
v 12.763608 3.724554 -12.649722
v 12.815359 3.064642 -11.707745
v 12.815359 3.724554 -12.649722
v 12.841234 3.083657 -11.677641
v 12.841234 3.743569 -12.619614
v 12.815359 3.102672 -11.647536
v 12.815359 3.762584 -12.589510
v 12.763608 3.102672 -11.647536
v 12.763608 3.762584 -12.589510
v 11.741266 3.083657 -11.677641
v 11.741266 3.743569 -12.619614
v 11.767142 3.064642 -11.707745
v 11.767142 3.724554 -12.649722
v 11.818895 3.064642 -11.707745
v 11.818895 3.724554 -12.649722
v 11.844771 3.083657 -11.677641
v 11.844771 3.743569 -12.619614
v 11.818895 3.102672 -11.647536
v 11.818895 3.762584 -12.589510
v 11.767142 3.102672 -11.647536
v 11.767142 3.762584 -12.589510
v -12.903776 3.920612 -11.703074
v -11.939057 4.595719 -11.703074
v -12.873668 3.901597 -11.677200
v -11.908953 4.576704 -11.677200
v -12.873668 3.901597 -11.625448
v -11.908953 4.576704 -11.625448
v -12.903776 3.920612 -11.599569
v -11.939057 4.595719 -11.599569
v -12.933880 3.939627 -11.625448
v -11.969163 4.614735 -11.625448
v -12.933880 3.939627 -11.677200
v -11.969163 4.614735 -11.677200
v -12.917624 4.643823 -11.688250
v -11.941160 4.646453 -11.688250
v -12.917472 4.616247 -11.660447
v -11.941008 4.618877 -11.660447
v -12.917472 4.616247 -11.604848
v -11.941008 4.618877 -11.604848
v -12.917624 4.643823 -11.577050
v -11.941160 4.646453 -11.577050
v -12.917778 4.671399 -11.604848
v -11.941316 4.674029 -11.604848
v -12.917778 4.671399 -11.660447
v -11.941316 4.674029 -11.660447
v -12.910073 4.643798 -12.692201
v -11.964516 4.646477 -12.692201
v -12.909915 4.615725 -12.663897
v -11.964358 4.618402 -12.663897
v -12.909915 4.615725 -12.607292
v -11.964358 4.618402 -12.607292
v -12.910073 4.643798 -12.578992
v -11.964516 4.646477 -12.578992
v -12.910232 4.671874 -12.607292
v -11.964672 4.674551 -12.607292
v -12.910232 4.671874 -12.663897
v -11.964672 4.674551 -12.663897
v -11.973046 4.643823 -11.678368
v -11.973046 4.646453 -12.602741
v -11.945247 4.616247 -11.678521
v -11.945247 4.618877 -12.602895
v -11.889647 4.616247 -11.678521
v -11.889647 4.618877 -12.602895
v -11.861848 4.643823 -11.678368
v -11.861848 4.646453 -12.602741
v -11.889647 4.671399 -11.678215
v -11.889647 4.674029 -12.602589
v -11.945247 4.671399 -11.678215
v -11.945247 4.674029 -12.602589
v -12.972976 4.643798 -11.629980
v -12.972976 4.646477 -12.638032
v -12.944674 4.615725 -11.630137
v -12.944674 4.618402 -12.638190
v -12.888068 4.615725 -11.630137
v -12.888068 4.618402 -12.638190
v -12.859766 4.643798 -11.629980
v -12.859766 4.646477 -12.638032
v -12.888068 4.671874 -11.629822
v -12.888068 4.674551 -12.637875
v -12.944674 4.671874 -11.629822
v -12.944674 4.674551 -12.637875
v -12.903776 3.920612 -12.697684
v -11.939057 4.595719 -12.697684
v -12.873668 3.901597 -12.671811
v -11.908953 4.576704 -12.671811
v -12.873668 3.901597 -12.620059
v -11.908953 4.576704 -12.620059
v -12.903776 3.920612 -12.594180
v -11.939057 4.595719 -12.594180
v -12.933880 3.939627 -12.620059
v -11.969163 4.614735 -12.620059
v -12.933880 3.939627 -12.671811
v -11.969163 4.614735 -12.671811
v -11.979352 3.920612 -11.677641
v -11.979352 4.580523 -12.619614
v -11.953473 3.901597 -11.707745
v -11.953473 4.561509 -12.649722
v -11.901721 3.901597 -11.707745
v -11.901721 4.561509 -12.649722
v -11.875847 3.920612 -11.677641
v -11.875847 4.580523 -12.619614
v -11.901721 3.939627 -11.647536
v -11.901721 4.599539 -12.589510
v -11.953473 3.939627 -11.647536
v -11.953473 4.599539 -12.589510
v -12.975813 3.920612 -11.677641
v -12.975813 4.580523 -12.619614
v -12.949939 3.901597 -11.707745
v -12.949939 4.561509 -12.649722
v -12.898187 3.901597 -11.707745
v -12.898187 4.561509 -12.649722
v -12.872309 3.920612 -11.677641
v -12.872309 4.580523 -12.619614
v -12.898187 3.939627 -11.647536
v -12.898187 4.599539 -12.589510
v -12.949939 3.939627 -11.647536
v -12.949939 4.599539 -12.589510
v 11.813305 3.920612 -11.703074
v 12.755280 4.597013 -11.702394
v 11.843412 3.901597 -11.677200
v 12.785388 4.577998 -11.676520
v 11.843412 3.901597 -11.625448
v 12.785388 4.577998 -11.624768
v 11.813305 3.920612 -11.599569
v 12.755280 4.597013 -11.598890
v 11.783202 3.939627 -11.625448
v 12.725175 4.616029 -11.624768
v 11.783202 3.939627 -11.677200
v 12.725175 4.616029 -11.676520
v 11.798166 4.643823 -11.697035
v 12.804391 4.646453 -11.702696
v 11.798316 4.616247 -11.669232
v 12.804543 4.618877 -11.674898
v 11.798316 4.616247 -11.613633
v 12.804543 4.618877 -11.619299
v 11.798166 4.643823 -11.585836
v 12.804391 4.646453 -11.591497
v 11.798010 4.671399 -11.613633
v 12.804237 4.674029 -11.619299
v 11.798010 4.671399 -11.669232
v 12.804237 4.674029 -11.674898
v 11.813075 4.643798 -12.692201
v 12.784881 4.646477 -12.692201
v 11.813233 4.615725 -12.663897
v 12.785035 4.618402 -12.663897
v 11.813233 4.615725 -12.607292
v 12.785035 4.618402 -12.607292
v 11.813075 4.643798 -12.578992
v 12.784881 4.646477 -12.578992
v 11.812921 4.671874 -12.607292
v 12.784722 4.674551 -12.607292
v 11.812921 4.671874 -12.663897
v 12.784722 4.674551 -12.663897
v 12.744034 4.643823 -11.639009
v 12.744034 4.646453 -12.632218
v 12.771832 4.616247 -11.639168
v 12.771832 4.618877 -12.632371
v 12.827434 4.616247 -11.639168
v 12.827434 4.618877 -12.632371
v 12.855233 4.643823 -11.639009
v 12.855233 4.646453 -12.632218
v 12.827434 4.671399 -11.638856
v 12.827434 4.674029 -12.632065
v 12.771832 4.671399 -11.638856
v 12.771832 4.674029 -12.632065
v 11.744106 4.643798 -11.635573
v 11.744106 4.646477 -12.637037
v 11.772408 4.615725 -11.635732
v 11.772408 4.618402 -12.637195
v 11.829013 4.615725 -11.635732
v 11.829013 4.618402 -12.637195
v 11.857315 4.643798 -11.635573
v 11.857315 4.646477 -12.637037
v 11.829013 4.671874 -11.635421
v 11.829013 4.674551 -12.636879
v 11.772408 4.671874 -11.635421
v 11.772408 4.674551 -12.636879
v 11.813305 3.920612 -12.696158
v 12.755280 4.597013 -12.695478
v 11.843412 3.901597 -12.670280
v 12.785388 4.577998 -12.669600
v 11.843412 3.901597 -12.618527
v 12.785388 4.577998 -12.617848
v 11.813305 3.920612 -12.592654
v 12.755280 4.597013 -12.591974
v 11.783202 3.939627 -12.618527
v 12.725175 4.616029 -12.617848
v 11.783202 3.939627 -12.670280
v 12.725175 4.616029 -12.669600
v 12.737733 3.920612 -11.677641
v 12.737733 4.580523 -12.619614
v 12.763608 3.901597 -11.707745
v 12.763608 4.561509 -12.649722
v 12.815359 3.901597 -11.707745
v 12.815359 4.561509 -12.649722
v 12.841234 3.920612 -11.677641
v 12.841234 4.580523 -12.619614
v 12.815359 3.939627 -11.647536
v 12.815359 4.599539 -12.589510
v 12.763608 3.939627 -11.647536
v 12.763608 4.599539 -12.589510
v 11.741266 3.920612 -11.677641
v 11.741266 4.580523 -12.619614
v 11.767142 3.901597 -11.707745
v 11.767142 4.561509 -12.649722
v 11.818895 3.901597 -11.707745
v 11.818895 4.561509 -12.649722
v 11.844771 3.920612 -11.677641
v 11.844771 4.580523 -12.619614
v 11.818895 3.939627 -11.647536
v 11.818895 4.599539 -12.589510
v 11.767142 3.939627 -11.647536
v 11.767142 4.599539 -12.589510
v -12.903776 4.757566 -11.703074
v -11.939057 5.432674 -11.703074
v -12.873668 4.738551 -11.677200
v -11.908953 5.413659 -11.677200
v -12.873668 4.738551 -11.625448
v -11.908953 5.413659 -11.625448
v -12.903776 4.757566 -11.599569
v -11.939057 5.432674 -11.599569
v -12.933880 4.776582 -11.625448
v -11.969163 5.451689 -11.625448
v -12.933880 4.776582 -11.677200
v -11.969163 5.451689 -11.677200
v -12.917624 5.480777 -11.688250
v -11.941160 5.483409 -11.688250
v -12.917472 5.453201 -11.660447
v -11.941008 5.455832 -11.660447
v -12.917472 5.453201 -11.604848
v -11.941008 5.455832 -11.604848
v -12.917624 5.480777 -11.577050
v -11.941160 5.483409 -11.577050
v -12.917778 5.508354 -11.604848
v -11.941316 5.510985 -11.604848
v -12.917778 5.508354 -11.660447
v -11.941316 5.510985 -11.660447
v -12.910073 5.480754 -12.692201
v -11.964516 5.483432 -12.692201
v -12.909915 5.452679 -12.663897
v -11.964358 5.455358 -12.663897
v -12.909915 5.452679 -12.607292
v -11.964358 5.455358 -12.607292
v -12.910073 5.480754 -12.578992
v -11.964516 5.483432 -12.578992
v -12.910232 5.508828 -12.607292
v -11.964672 5.511507 -12.607292
v -12.910232 5.508828 -12.663897
v -11.964672 5.511507 -12.663897
v -11.973046 5.480777 -11.678368
v -11.973046 5.483409 -12.602741
v -11.945247 5.453201 -11.678521
v -11.945247 5.455832 -12.602895
v -11.889647 5.453201 -11.678521
v -11.889647 5.455832 -12.602895
v -11.861848 5.480777 -11.678368
v -11.861848 5.483409 -12.602741
v -11.889647 5.508354 -11.678215
v -11.889647 5.510985 -12.602589
v -11.945247 5.508354 -11.678215
v -11.945247 5.510985 -12.602589
v -12.972976 5.480754 -11.629980
v -12.972976 5.483432 -12.638032
v -12.944674 5.452679 -11.630137
v -12.944674 5.455358 -12.638190
v -12.888068 5.452679 -11.630137
v -12.888068 5.455358 -12.638190
v -12.859766 5.480754 -11.629980
v -12.859766 5.483432 -12.638032
v -12.888068 5.508828 -11.629822
v -12.888068 5.511507 -12.637875
v -12.944674 5.508828 -11.629822
v -12.944674 5.511507 -12.637875
v -12.903776 4.757566 -12.697684
v -11.939057 5.432674 -12.697684
v -12.873668 4.738551 -12.671811
v -11.908953 5.413659 -12.671811
v -12.873668 4.738551 -12.620059
v -11.908953 5.413659 -12.620059
v -12.903776 4.757566 -12.594180
v -11.939057 5.432674 -12.594180
v -12.933880 4.776582 -12.620059
v -11.969163 5.451689 -12.620059
v -12.933880 4.776582 -12.671811
v -11.969163 5.451689 -12.671811
v -11.979352 4.757566 -11.677641
v -11.979352 5.417479 -12.619614
v -11.953473 4.738551 -11.707745
v -11.953473 5.398464 -12.649722
v -11.901721 4.738551 -11.707745
v -11.901721 5.398464 -12.649722
v -11.875847 4.757566 -11.677641
v -11.875847 5.417479 -12.619614
v -11.901721 4.776582 -11.647536
v -11.901721 5.436493 -12.589510
v -11.953473 4.776582 -11.647536
v -11.953473 5.436493 -12.589510
v -12.975813 4.757566 -11.677641
v -12.975813 5.417479 -12.619614
v -12.949939 4.738551 -11.707745
v -12.949939 5.398464 -12.649722
v -12.898187 4.738551 -11.707745
v -12.898187 5.398464 -12.649722
v -12.872309 4.757566 -11.677641
v -12.872309 5.417479 -12.619614
v -12.898187 4.776582 -11.647536
v -12.898187 5.436493 -12.589510
v -12.949939 4.776582 -11.647536
v -12.949939 5.436493 -12.589510
v 11.813305 4.757566 -11.703074
v 12.755280 5.433968 -11.702394
v 11.843412 4.738551 -11.677200
v 12.785388 5.414953 -11.676520
v 11.843412 4.738551 -11.625448
v 12.785388 5.414953 -11.624768
v 11.813305 4.757566 -11.599569
v 12.755280 5.433968 -11.598890
v 11.783202 4.776582 -11.625448
v 12.725175 5.452984 -11.624768
v 11.783202 4.776582 -11.677200
v 12.725175 5.452984 -11.676520
v 11.798166 5.480777 -11.697035
v 12.804391 5.483409 -11.702696
v 11.798316 5.453201 -11.669232
v 12.804543 5.455832 -11.674898
v 11.798316 5.453201 -11.613633
v 12.804543 5.455832 -11.619299
v 11.798166 5.480777 -11.585836
v 12.804391 5.483409 -11.591497
v 11.798010 5.508354 -11.613633
v 12.804237 5.510985 -11.619299
v 11.798010 5.508354 -11.669232
v 12.804237 5.510985 -11.674898
v 11.813075 5.480754 -12.692201
v 12.784881 5.483432 -12.692201
v 11.813233 5.452679 -12.663897
v 12.785035 5.455358 -12.663897
v 11.813233 5.452679 -12.607292
v 12.785035 5.455358 -12.607292
v 11.813075 5.480754 -12.578992
v 12.784881 5.483432 -12.578992
v 11.812921 5.508828 -12.607292
v 12.784722 5.511507 -12.607292
v 11.812921 5.508828 -12.663897
v 12.784722 5.511507 -12.663897
v 12.744034 5.480777 -11.639009
v 12.744034 5.483409 -12.632218
v 12.771832 5.453201 -11.639168
v 12.771832 5.455832 -12.632371
v 12.827434 5.453201 -11.639168
v 12.827434 5.455832 -12.632371
v 12.855233 5.480777 -11.639009
v 12.855233 5.483409 -12.632218
v 12.827434 5.508354 -11.638856
v 12.827434 5.510985 -12.632065
v 12.771832 5.508354 -11.638856
v 12.771832 5.510985 -12.632065
v 11.744106 5.480754 -11.635573
v 11.744106 5.483432 -12.637037
v 11.772408 5.452679 -11.635732
v 11.772408 5.455358 -12.637195
v 11.829013 5.452679 -11.635732
v 11.829013 5.455358 -12.637195
v 11.857315 5.480754 -11.635573
v 11.857315 5.483432 -12.637037
v 11.829013 5.508828 -11.635421
v 11.829013 5.511507 -12.636879
v 11.772408 5.508828 -11.635421
v 11.772408 5.511507 -12.636879
v 11.813305 4.757566 -12.696158
v 12.755280 5.433968 -12.695478
v 11.843412 4.738551 -12.670280
v 12.785388 5.414953 -12.669600
v 11.843412 4.738551 -12.618527
v 12.785388 5.414953 -12.617848
v 11.813305 4.757566 -12.592654
v 12.755280 5.433968 -12.591974
v 11.783202 4.776582 -12.618527
v 12.725175 5.452984 -12.617848
v 11.783202 4.776582 -12.670280
v 12.725175 5.452984 -12.669600
v 12.737733 4.757566 -11.677641
v 12.737733 5.417479 -12.619614
v 12.763608 4.738551 -11.707745
v 12.763608 5.398464 -12.649722
v 12.815359 4.738551 -11.707745
v 12.815359 5.398464 -12.649722
v 12.841234 4.757566 -11.677641
v 12.841234 5.417479 -12.619614
v 12.815359 4.776582 -11.647536
v 12.815359 5.436493 -12.589510
v 12.763608 4.776582 -11.647536
v 12.763608 5.436493 -12.589510
v 11.741266 4.757566 -11.677641
v 11.741266 5.417479 -12.619614
v 11.767142 4.738551 -11.707745
v 11.767142 5.398464 -12.649722
v 11.818895 4.738551 -11.707745
v 11.818895 5.398464 -12.649722
v 11.844771 4.757566 -11.677641
v 11.844771 5.417479 -12.619614
v 11.818895 4.776582 -11.647536
v 11.818895 5.436493 -12.589510
v 11.767142 4.776582 -11.647536
v 11.767142 5.436493 -12.589510
v -12.903776 5.594522 -11.703074
v -11.939057 6.269629 -11.703074
v -12.873668 5.575506 -11.677200
v -11.908953 6.250613 -11.677200
v -12.873668 5.575506 -11.625448
v -11.908953 6.250613 -11.625448
v -12.903776 5.594522 -11.599569
v -11.939057 6.269629 -11.599569
v -12.933880 5.613537 -11.625448
v -11.969163 6.288644 -11.625448
v -12.933880 5.613537 -11.677200
v -11.969163 6.288644 -11.677200
v -12.917624 6.317732 -11.688251
v -11.941160 6.320364 -11.688251
v -12.917472 6.290156 -11.660447
v -11.941008 6.292787 -11.660447
v -12.917472 6.290156 -11.604848
v -11.941008 6.292787 -11.604848
v -12.917624 6.317732 -11.577051
v -11.941160 6.320364 -11.577051
v -12.917778 6.345309 -11.604849
v -11.941316 6.347939 -11.604849
v -12.917778 6.345309 -11.660448
v -11.941316 6.347939 -11.660448
v -12.910073 6.317708 -12.692202
v -11.964516 6.320387 -12.692202
v -12.909915 6.289634 -12.663897
v -11.964358 6.292313 -12.663897
v -12.909915 6.289634 -12.607292
v -11.964358 6.292313 -12.607292
v -12.910073 6.317708 -12.578993
v -11.964516 6.320387 -12.578993
v -12.910232 6.345783 -12.607293
v -11.964672 6.348462 -12.607293
v -12.910232 6.345783 -12.663898
v -11.964672 6.348462 -12.663898
v -11.973046 6.317732 -11.678369
v -11.973046 6.320364 -12.602742
v -11.945247 6.290156 -11.678521
v -11.945247 6.292787 -12.602895
v -11.889647 6.290156 -11.678521
v -11.889647 6.292787 -12.602895
v -11.861848 6.317732 -11.678369
v -11.861848 6.320364 -12.602742
v -11.889647 6.345309 -11.678216
v -11.889647 6.347939 -12.602590
v -11.945247 6.345309 -11.678216
v -11.945247 6.347939 -12.602590
v -12.972976 6.317708 -11.629981
v -12.972976 6.320387 -12.638033
v -12.944674 6.289634 -11.630137
v -12.944674 6.292313 -12.638190
v -12.888068 6.289634 -11.630137
v -12.888068 6.292313 -12.638190
v -12.859766 6.317708 -11.629981
v -12.859766 6.320387 -12.638033
v -12.888068 6.345783 -11.629823
v -12.888068 6.348462 -12.637876
v -12.944674 6.345783 -11.629823
v -12.944674 6.348462 -12.637876
v -12.903776 5.594522 -12.697684
v -11.939057 6.269629 -12.697684
v -12.873668 5.575506 -12.671811
v -11.908953 6.250613 -12.671811
v -12.873668 5.575506 -12.620059
v -11.908953 6.250613 -12.620059
v -12.903776 5.594522 -12.594180
v -11.939057 6.269629 -12.594180
v -12.933880 5.613537 -12.620059
v -11.969163 6.288644 -12.620059
v -12.933880 5.613537 -12.671811
v -11.969163 6.288644 -12.671811
v -11.979352 5.594522 -11.677641
v -11.979352 6.254434 -12.619614
v -11.953473 5.575506 -11.707745
v -11.953473 6.235418 -12.649722
v -11.901721 5.575506 -11.707745
v -11.901721 6.235418 -12.649722
v -11.875847 5.594522 -11.677641
v -11.875847 6.254434 -12.619614
v -11.901721 5.613537 -11.647536
v -11.901721 6.273449 -12.589510
v -11.953473 5.613537 -11.647536
v -11.953473 6.273449 -12.589510
v -12.975813 5.594522 -11.677641
v -12.975813 6.254434 -12.619614
v -12.949939 5.575506 -11.707745
v -12.949939 6.235418 -12.649722
v -12.898187 5.575506 -11.707745
v -12.898187 6.235418 -12.649722
v -12.872309 5.594522 -11.677641
v -12.872309 6.254434 -12.619614
v -12.898187 5.613537 -11.647536
v -12.898187 6.273449 -12.589510
v -12.949939 5.613537 -11.647536
v -12.949939 6.273449 -12.589510
v 11.813305 5.594522 -11.703074
v 12.755280 6.270924 -11.702394
v 11.843412 5.575506 -11.677200
v 12.785388 6.251908 -11.676520
v 11.843412 5.575506 -11.625448
v 12.785388 6.251908 -11.624768
v 11.813305 5.594522 -11.599569
v 12.755280 6.270924 -11.598890
v 11.783202 5.613537 -11.625448
v 12.725175 6.289939 -11.624768
v 11.783202 5.613537 -11.677200
v 12.725175 6.289939 -11.676520
v 11.798166 6.317732 -11.697036
v 12.804391 6.320364 -11.702697
v 11.798316 6.290156 -11.669232
v 12.804543 6.292787 -11.674898
v 11.798316 6.290156 -11.613633
v 12.804543 6.292787 -11.619299
v 11.798166 6.317732 -11.585837
v 12.804391 6.320364 -11.591498
v 11.798010 6.345309 -11.613634
v 12.804237 6.347939 -11.619300
v 11.798010 6.345309 -11.669233
v 12.804237 6.347939 -11.674899
v 11.813075 6.317708 -12.692202
v 12.784881 6.320387 -12.692202
v 11.813233 6.289634 -12.663897
v 12.785035 6.292313 -12.663897
v 11.813233 6.289634 -12.607292
v 12.785035 6.292313 -12.607292
v 11.813075 6.317708 -12.578993
v 12.784881 6.320387 -12.578993
v 11.812921 6.345783 -12.607293
v 12.784722 6.348462 -12.607293
v 11.812921 6.345783 -12.663898
v 12.784722 6.348462 -12.663898
v 12.744034 6.317732 -11.639010
v 12.744034 6.320364 -12.632219
v 12.771832 6.290156 -11.639168
v 12.771832 6.292787 -12.632371
v 12.827434 6.290156 -11.639168
v 12.827434 6.292787 -12.632371
v 12.855233 6.317732 -11.639010
v 12.855233 6.320364 -12.632219
v 12.827434 6.345309 -11.638857
v 12.827434 6.347939 -12.632066
v 12.771832 6.345309 -11.638857
v 12.771832 6.347939 -12.632066
v 11.744106 6.317708 -11.635574
v 11.744106 6.320387 -12.637038
v 11.772408 6.289634 -11.635732
v 11.772408 6.292313 -12.637195
v 11.829013 6.289634 -11.635732
v 11.829013 6.292313 -12.637195
v 11.857315 6.317708 -11.635574
v 11.857315 6.320387 -12.637038
v 11.829013 6.345783 -11.635422
v 11.829013 6.348462 -12.636880
v 11.772408 6.345783 -11.635422
v 11.772408 6.348462 -12.636880
v 11.813305 5.594522 -12.696158
v 12.755280 6.270924 -12.695478
v 11.843412 5.575506 -12.670280
v 12.785388 6.251908 -12.669600
v 11.843412 5.575506 -12.618527
v 12.785388 6.251908 -12.617848
v 11.813305 5.594522 -12.592654
v 12.755280 6.270924 -12.591974
v 11.783202 5.613537 -12.618527
v 12.725175 6.289939 -12.617848
v 11.783202 5.613537 -12.670280
v 12.725175 6.289939 -12.669600
v 12.737733 5.594522 -11.677641
v 12.737733 6.254434 -12.619614
v 12.763608 5.575506 -11.707745
v 12.763608 6.235418 -12.649722
v 12.815359 5.575506 -11.707745
v 12.815359 6.235418 -12.649722
v 12.841234 5.594522 -11.677641
v 12.841234 6.254434 -12.619614
v 12.815359 5.613537 -11.647536
v 12.815359 6.273449 -12.589510
v 12.763608 5.613537 -11.647536
v 12.763608 6.273449 -12.589510
v 11.741266 5.594522 -11.677641
v 11.741266 6.254434 -12.619614
v 11.767142 5.575506 -11.707745
v 11.767142 6.235418 -12.649722
v 11.818895 5.575506 -11.707745
v 11.818895 6.235418 -12.649722
v 11.844771 5.594522 -11.677641
v 11.844771 6.254434 -12.619614
v 11.818895 5.613537 -11.647536
v 11.818895 6.273449 -12.589510
v 11.767142 5.613537 -11.647536
v 11.767142 6.273449 -12.589510
v -12.903776 6.431476 -11.703074
v -11.939057 7.106583 -11.703074
v -12.873668 6.412461 -11.677201
v -11.908953 7.087568 -11.677201
v -12.873668 6.412461 -11.625449
v -11.908953 7.087568 -11.625449
v -12.903776 6.431476 -11.599570
v -11.939057 7.106583 -11.599570
v -12.933880 6.450491 -11.625449
v -11.969163 7.125598 -11.625449
v -12.933880 6.450491 -11.677201
v -11.969163 7.125598 -11.677201
v -12.917624 7.154686 -11.688251
v -11.941160 7.157318 -11.688251
v -12.917472 7.127111 -11.660448
v -11.941008 7.129742 -11.660448
v -12.917472 7.127111 -11.604849
v -11.941008 7.129742 -11.604849
v -12.917624 7.154686 -11.577051
v -11.941160 7.157318 -11.577051
v -12.917778 7.182263 -11.604849
v -11.941316 7.184894 -11.604849
v -12.917778 7.182263 -11.660448
v -11.941316 7.184894 -11.660448
v -12.910073 7.154664 -12.692202
v -11.964516 7.157342 -12.692202
v -12.909915 7.126589 -12.663898
v -11.964358 7.129267 -12.663898
v -12.909915 7.126589 -12.607293
v -11.964358 7.129267 -12.607293
v -12.910073 7.154664 -12.578993
v -11.964516 7.157342 -12.578993
v -12.910232 7.182737 -12.607293
v -11.964672 7.185416 -12.607293
v -12.910232 7.182737 -12.663898
v -11.964672 7.185416 -12.663898
v -11.973046 7.154686 -11.678369
v -11.973046 7.157318 -12.602742
v -11.945247 7.127111 -11.678522
v -11.945247 7.129742 -12.602896
v -11.889647 7.127111 -11.678522
v -11.889647 7.129742 -12.602896
v -11.861848 7.154686 -11.678369
v -11.861848 7.157318 -12.602742
v -11.889647 7.182263 -11.678216
v -11.889647 7.184894 -12.602590
v -11.945247 7.182263 -11.678216
v -11.945247 7.184894 -12.602590
v -12.972976 7.154664 -11.629981
v -12.972976 7.157342 -12.638033
v -12.944674 7.126589 -11.630138
v -12.944674 7.129267 -12.638191
v -12.888068 7.126589 -11.630138
v -12.888068 7.129267 -12.638191
v -12.859766 7.154664 -11.629981
v -12.859766 7.157342 -12.638033
v -12.888068 7.182737 -11.629823
v -12.888068 7.185416 -12.637876
v -12.944674 7.182737 -11.629823
v -12.944674 7.185416 -12.637876
v -12.903776 6.431476 -12.697685
v -11.939057 7.106583 -12.697685
v -12.873668 6.412461 -12.671812
v -11.908953 7.087568 -12.671812
v -12.873668 6.412461 -12.620060
v -11.908953 7.087568 -12.620060
v -12.903776 6.431476 -12.594181
v -11.939057 7.106583 -12.594181
v -12.933880 6.450491 -12.620060
v -11.969163 7.125598 -12.620060
v -12.933880 6.450491 -12.671812
v -11.969163 7.125598 -12.671812
v -11.979352 6.431476 -11.677642
v -11.979352 7.091388 -12.619615
v -11.953473 6.412461 -11.707746
v -11.953473 7.072373 -12.649723
v -11.901721 6.412461 -11.707746
v -11.901721 7.072373 -12.649723
v -11.875847 6.431476 -11.677642
v -11.875847 7.091388 -12.619615
v -11.901721 6.450491 -11.647537
v -11.901721 7.110404 -12.589511
v -11.953473 6.450491 -11.647537
v -11.953473 7.110404 -12.589511
v -12.975813 6.431476 -11.677642
v -12.975813 7.091388 -12.619615
v -12.949939 6.412461 -11.707746
v -12.949939 7.072373 -12.649723
v -12.898187 6.412461 -11.707746
v -12.898187 7.072373 -12.649723
v -12.872309 6.431476 -11.677642
v -12.872309 7.091388 -12.619615
v -12.898187 6.450491 -11.647537
v -12.898187 7.110404 -12.589511
v -12.949939 6.450491 -11.647537
v -12.949939 7.110404 -12.589511
v 11.813305 6.431476 -11.703074
v 12.755280 7.107878 -11.702395
v 11.843412 6.412461 -11.677201
v 12.785388 7.088863 -11.676521
v 11.843412 6.412461 -11.625449
v 12.785388 7.088863 -11.624769
v 11.813305 6.431476 -11.599570
v 12.755280 7.107878 -11.598891
v 11.783202 6.450491 -11.625449
v 12.725175 7.126894 -11.624769
v 11.783202 6.450491 -11.677201
v 12.725175 7.126894 -11.676521
v 11.798166 7.154686 -11.697036
v 12.804391 7.157318 -11.702697
v 11.798316 7.127111 -11.669233
v 12.804543 7.129742 -11.674899
v 11.798316 7.127111 -11.613634
v 12.804543 7.129742 -11.619300
v 11.798166 7.154686 -11.585837
v 12.804391 7.157318 -11.591498
v 11.798010 7.182263 -11.613634
v 12.804237 7.184894 -11.619300
v 11.798010 7.182263 -11.669233
v 12.804237 7.184894 -11.674899
v 11.813075 7.154664 -12.692202
v 12.784881 7.157342 -12.692202
v 11.813233 7.126589 -12.663898
v 12.785035 7.129267 -12.663898
v 11.813233 7.126589 -12.607293
v 12.785035 7.129267 -12.607293
v 11.813075 7.154664 -12.578993
v 12.784881 7.157342 -12.578993
v 11.812921 7.182737 -12.607293
v 12.784722 7.185416 -12.607293
v 11.812921 7.182737 -12.663898
v 12.784722 7.185416 -12.663898
v 12.744034 7.154686 -11.639010
v 12.744034 7.157318 -12.632219
v 12.771832 7.127111 -11.639169
v 12.771832 7.129742 -12.632372
v 12.827434 7.127111 -11.639169
v 12.827434 7.129742 -12.632372
v 12.855233 7.154686 -11.639010
v 12.855233 7.157318 -12.632219
v 12.827434 7.182263 -11.638857
v 12.827434 7.184894 -12.632066
v 12.771832 7.182263 -11.638857
v 12.771832 7.184894 -12.632066
v 11.744106 7.154664 -11.635574
v 11.744106 7.157342 -12.637038
v 11.772408 7.126589 -11.635733
v 11.772408 7.129267 -12.637196
v 11.829013 7.126589 -11.635733
v 11.829013 7.129267 -12.637196
v 11.857315 7.154664 -11.635574
v 11.857315 7.157342 -12.637038
v 11.829013 7.182737 -11.635422
v 11.829013 7.185416 -12.636880
v 11.772408 7.182737 -11.635422
v 11.772408 7.185416 -12.636880
v 11.813305 6.431476 -12.696159
v 12.755280 7.107878 -12.695479
v 11.843412 6.412461 -12.670280
v 12.785388 7.088863 -12.669601
v 11.843412 6.412461 -12.618528
v 12.785388 7.088863 -12.617849
v 11.813305 6.431476 -12.592655
v 12.755280 7.107878 -12.591975
v 11.783202 6.450491 -12.618528
v 12.725175 7.126894 -12.617849
v 11.783202 6.450491 -12.670280
v 12.725175 7.126894 -12.669601
v 12.737733 6.431476 -11.677642
v 12.737733 7.091388 -12.619615
v 12.763608 6.412461 -11.707746
v 12.763608 7.072373 -12.649723
v 12.815359 6.412461 -11.707746
v 12.815359 7.072373 -12.649723
v 12.841234 6.431476 -11.677642
v 12.841234 7.091388 -12.619615
v 12.815359 6.450491 -11.647537
v 12.815359 7.110404 -12.589511
v 12.763608 6.450491 -11.647537
v 12.763608 7.110404 -12.589511
v 11.741266 6.431476 -11.677642
v 11.741266 7.091388 -12.619615
v 11.767142 6.412461 -11.707746
v 11.767142 7.072373 -12.649723
v 11.818895 6.412461 -11.707746
v 11.818895 7.072373 -12.649723
v 11.844771 6.431476 -11.677642
v 11.844771 7.091388 -12.619615
v 11.818895 6.450491 -11.647537
v 11.818895 7.110404 -12.589511
v 11.767142 6.450491 -11.647537
v 11.767142 7.110404 -12.589511
v -12.903776 7.268431 -11.703074
v -11.939057 7.943539 -11.703074
v -12.873668 7.249416 -11.677201
v -11.908953 7.924523 -11.677201
v -12.873668 7.249416 -11.625449
v -11.908953 7.924523 -11.625449
v -12.903776 7.268431 -11.599570
v -11.939057 7.943539 -11.599570
v -12.933880 7.287446 -11.625449
v -11.969163 7.962554 -11.625449
v -12.933880 7.287446 -11.677201
v -11.969163 7.962554 -11.677201
v -12.917624 7.991642 -11.688251
v -11.941160 7.994273 -11.688251
v -12.917472 7.964067 -11.660448
v -11.941008 7.966698 -11.660448
v -12.917472 7.964067 -11.604849
v -11.941008 7.966698 -11.604849
v -12.917624 7.991642 -11.577051
v -11.941160 7.994273 -11.577051
v -12.917778 8.019217 -11.604849
v -11.941316 8.021849 -11.604849
v -12.917778 8.019217 -11.660448
v -11.941316 8.021849 -11.660448
v -12.910073 7.991619 -12.692202
v -11.964516 7.994296 -12.692202
v -12.909915 7.963543 -12.663898
v -11.964358 7.966222 -12.663898
v -12.909915 7.963543 -12.607293
v -11.964358 7.966222 -12.607293
v -12.910073 7.991619 -12.578993
v -11.964516 7.994296 -12.578993
v -12.910232 8.019692 -12.607293
v -11.964672 8.022371 -12.607293
v -12.910232 8.019692 -12.663898
v -11.964672 8.022371 -12.663898
v -11.973046 7.991642 -11.678369
v -11.973046 7.994273 -12.602742
v -11.945247 7.964067 -11.678522
v -11.945247 7.966698 -12.602896
v -11.889647 7.964067 -11.678522
v -11.889647 7.966698 -12.602896
v -11.861848 7.991642 -11.678369
v -11.861848 7.994273 -12.602742
v -11.889647 8.019217 -11.678216
v -11.889647 8.021849 -12.602590
v -11.945247 8.019217 -11.678216
v -11.945247 8.021849 -12.602590
v -12.972976 7.991619 -11.629981
v -12.972976 7.994296 -12.638033
v -12.944674 7.963543 -11.630138
v -12.944674 7.966222 -12.638191
v -12.888068 7.963543 -11.630138
v -12.888068 7.966222 -12.638191
v -12.859766 7.991619 -11.629981
v -12.859766 7.994296 -12.638033
v -12.888068 8.019692 -11.629823
v -12.888068 8.022371 -12.637876
v -12.944674 8.019692 -11.629823
v -12.944674 8.022371 -12.637876
v -12.903776 7.268431 -12.697685
v -11.939057 7.943539 -12.697685
v -12.873668 7.249416 -12.671812
v -11.908953 7.924523 -12.671812
v -12.873668 7.249416 -12.620060
v -11.908953 7.924523 -12.620060
v -12.903776 7.268431 -12.594181
v -11.939057 7.943539 -12.594181
v -12.933880 7.287446 -12.620060
v -11.969163 7.962554 -12.620060
v -12.933880 7.287446 -12.671812
v -11.969163 7.962554 -12.671812
v -11.979352 7.268431 -11.677642
v -11.979352 7.928344 -12.619615
v -11.953473 7.249416 -11.707746
v -11.953473 7.909328 -12.649723
v -11.901721 7.249416 -11.707746
v -11.901721 7.909328 -12.649723
v -11.875847 7.268431 -11.677642
v -11.875847 7.928344 -12.619615
v -11.901721 7.287446 -11.647537
v -11.901721 7.947359 -12.589511
v -11.953473 7.287446 -11.647537
v -11.953473 7.947359 -12.589511
v -12.975813 7.268431 -11.677642
v -12.975813 7.928344 -12.619615
v -12.949939 7.249416 -11.707746
v -12.949939 7.909328 -12.649723
v -12.898187 7.249416 -11.707746
v -12.898187 7.909328 -12.649723
v -12.872309 7.268431 -11.677642
v -12.872309 7.928344 -12.619615
v -12.898187 7.287446 -11.647537
v -12.898187 7.947359 -12.589511
v -12.949939 7.287446 -11.647537
v -12.949939 7.947359 -12.589511
v 11.813305 7.268431 -11.703074
v 12.755280 7.944834 -11.702395
v 11.843412 7.249416 -11.677201
v 12.785388 7.925818 -11.676521
v 11.843412 7.249416 -11.625449
v 12.785388 7.925818 -11.624769
v 11.813305 7.268431 -11.599570
v 12.755280 7.944834 -11.598891
v 11.783202 7.287446 -11.625449
v 12.725175 7.963849 -11.624769
v 11.783202 7.287446 -11.677201
v 12.725175 7.963849 -11.676521
v 11.798166 7.991642 -11.697036
v 12.804391 7.994273 -11.702697
v 11.798316 7.964067 -11.669233
v 12.804543 7.966698 -11.674899
v 11.798316 7.964067 -11.613634
v 12.804543 7.966698 -11.619300
v 11.798166 7.991642 -11.585837
v 12.804391 7.994273 -11.591498
v 11.798010 8.019217 -11.613634
v 12.804237 8.021849 -11.619300
v 11.798010 8.019217 -11.669233
v 12.804237 8.021849 -11.674899
v 11.813075 7.991619 -12.692202
v 12.784881 7.994296 -12.692202
v 11.813233 7.963543 -12.663898
v 12.785035 7.966222 -12.663898
v 11.813233 7.963543 -12.607293
v 12.785035 7.966222 -12.607293
v 11.813075 7.991619 -12.578993
v 12.784881 7.994296 -12.578993
v 11.812921 8.019692 -12.607293
v 12.784722 8.022371 -12.607293
v 11.812921 8.019692 -12.663898
v 12.784722 8.022371 -12.663898
v 12.744034 7.991642 -11.639010
v 12.744034 7.994273 -12.632219
v 12.771832 7.964067 -11.639169
v 12.771832 7.966698 -12.632372
v 12.827434 7.964067 -11.639169
v 12.827434 7.966698 -12.632372
v 12.855233 7.991642 -11.639010
v 12.855233 7.994273 -12.632219
v 12.827434 8.019217 -11.638857
v 12.827434 8.021849 -12.632066
v 12.771832 8.019217 -11.638857
v 12.771832 8.021849 -12.632066
v 11.744106 7.991619 -11.635574
v 11.744106 7.994296 -12.637038
v 11.772408 7.963543 -11.635733
v 11.772408 7.966222 -12.637196
v 11.829013 7.963543 -11.635733
v 11.829013 7.966222 -12.637196
v 11.857315 7.991619 -11.635574
v 11.857315 7.994296 -12.637038
v 11.829013 8.019692 -11.635422
v 11.829013 8.022371 -12.636880
v 11.772408 8.019692 -11.635422
v 11.772408 8.022371 -12.636880
v 11.813305 7.268431 -12.696159
v 12.755280 7.944834 -12.695479
v 11.843412 7.249416 -12.670280
v 12.785388 7.925818 -12.669601
v 11.843412 7.249416 -12.618528
v 12.785388 7.925818 -12.617849
v 11.813305 7.268431 -12.592655
v 12.755280 7.944834 -12.591975
v 11.783202 7.287446 -12.618528
v 12.725175 7.963849 -12.617849
v 11.783202 7.287446 -12.670280
v 12.725175 7.963849 -12.669601
v 12.737733 7.268431 -11.677642
v 12.737733 7.928344 -12.619615
v 12.763608 7.249416 -11.707746
v 12.763608 7.909328 -12.649723
v 12.815359 7.249416 -11.707746
v 12.815359 7.909328 -12.649723
v 12.841234 7.268431 -11.677642
v 12.841234 7.928344 -12.619615
v 12.815359 7.287446 -11.647537
v 12.815359 7.947359 -12.589511
v 12.763608 7.287446 -11.647537
v 12.763608 7.947359 -12.589511
v 11.741266 7.268431 -11.677642
v 11.741266 7.928344 -12.619615
v 11.767142 7.249416 -11.707746
v 11.767142 7.909328 -12.649723
v 11.818895 7.249416 -11.707746
v 11.818895 7.909328 -12.649723
v 11.844771 7.268431 -11.677642
v 11.844771 7.928344 -12.619615
v 11.818895 7.287446 -11.647537
v 11.818895 7.947359 -12.589511
v 11.767142 7.287446 -11.647537
v 11.767142 7.947359 -12.589511
v -12.903776 8.105385 -11.703074
v -11.939057 8.780494 -11.703074
v -12.873668 8.086370 -11.677201
v -11.908953 8.761478 -11.677201
v -12.873668 8.086370 -11.625449
v -11.908953 8.761478 -11.625449
v -12.903776 8.105385 -11.599570
v -11.939057 8.780494 -11.599570
v -12.933880 8.124400 -11.625449
v -11.969163 8.799507 -11.625449
v -12.933880 8.124400 -11.677201
v -11.969163 8.799507 -11.677201
v -12.917624 8.828597 -11.688251
v -11.941160 8.831227 -11.688251
v -12.917472 8.801020 -11.660448
v -11.941008 8.803651 -11.660448
v -12.917472 8.801020 -11.604849
v -11.941008 8.803651 -11.604849
v -12.917624 8.828597 -11.577051
v -11.941160 8.831227 -11.577051
v -12.917778 8.856172 -11.604849
v -11.941316 8.858803 -11.604849
v -12.917778 8.856172 -11.660448
v -11.941316 8.858803 -11.660448
v -12.910073 8.828572 -12.692202
v -11.964516 8.831251 -12.692202
v -12.909915 8.800498 -12.663898
v -11.964358 8.803177 -12.663898
v -12.909915 8.800498 -12.607293
v -11.964358 8.803177 -12.607293
v -12.910073 8.828572 -12.578993
v -11.964516 8.831251 -12.578993
v -12.910232 8.856647 -12.607293
v -11.964672 8.859324 -12.607293
v -12.910232 8.856647 -12.663898
v -11.964672 8.859324 -12.663898
v -11.973046 8.828597 -11.678369
v -11.973046 8.831227 -12.602742
v -11.945247 8.801020 -11.678522
v -11.945247 8.803651 -12.602896
v -11.889647 8.801020 -11.678522
v -11.889647 8.803651 -12.602896
v -11.861848 8.828597 -11.678369
v -11.861848 8.831227 -12.602742
v -11.889647 8.856172 -11.678216
v -11.889647 8.858803 -12.602590
v -11.945247 8.856172 -11.678216
v -11.945247 8.858803 -12.602590
v -12.972976 8.828572 -11.629981
v -12.972976 8.831251 -12.638033
v -12.944674 8.800498 -11.630138
v -12.944674 8.803177 -12.638191
v -12.888068 8.800498 -11.630138
v -12.888068 8.803177 -12.638191
v -12.859766 8.828572 -11.629981
v -12.859766 8.831251 -12.638033
v -12.888068 8.856647 -11.629823
v -12.888068 8.859324 -12.637876
v -12.944674 8.856647 -11.629823
v -12.944674 8.859324 -12.637876
v -12.903776 8.105385 -12.697685
v -11.939057 8.780494 -12.697685
v -12.873668 8.086370 -12.671812
v -11.908953 8.761478 -12.671812
v -12.873668 8.086370 -12.620060
v -11.908953 8.761478 -12.620060
v -12.903776 8.105385 -12.594181
v -11.939057 8.780494 -12.594181
v -12.933880 8.124400 -12.620060
v -11.969163 8.799507 -12.620060
v -12.933880 8.124400 -12.671812
v -11.969163 8.799507 -12.671812
v -11.979352 8.105385 -11.677642
v -11.979352 8.765297 -12.619615
v -11.953473 8.086370 -11.707746
v -11.953473 8.746282 -12.649723
v -11.901721 8.086370 -11.707746
v -11.901721 8.746282 -12.649723
v -11.875847 8.105385 -11.677642
v -11.875847 8.765297 -12.619615
v -11.901721 8.124400 -11.647537
v -11.901721 8.784312 -12.589511
v -11.953473 8.124400 -11.647537
v -11.953473 8.784312 -12.589511
v -12.975813 8.105385 -11.677642
v -12.975813 8.765297 -12.619615
v -12.949939 8.086370 -11.707746
v -12.949939 8.746282 -12.649723
v -12.898187 8.086370 -11.707746
v -12.898187 8.746282 -12.649723
v -12.872309 8.105385 -11.677642
v -12.872309 8.765297 -12.619615
v -12.898187 8.124400 -11.647537
v -12.898187 8.784312 -12.589511
v -12.949939 8.124400 -11.647537
v -12.949939 8.784312 -12.589511
v 11.813305 8.105385 -11.703074
v 12.755280 8.781787 -11.702395
v 11.843412 8.086370 -11.677201
v 12.785388 8.762772 -11.676521
v 11.843412 8.086370 -11.625449
v 12.785388 8.762772 -11.624769
v 11.813305 8.105385 -11.599570
v 12.755280 8.781787 -11.598891
v 11.783202 8.124400 -11.625449
v 12.725175 8.800802 -11.624769
v 11.783202 8.124400 -11.677201
v 12.725175 8.800802 -11.676521
v 11.798166 8.828597 -11.697036
v 12.804391 8.831227 -11.702697
v 11.798316 8.801020 -11.669233
v 12.804543 8.803651 -11.674899
v 11.798316 8.801020 -11.613634
v 12.804543 8.803651 -11.619300
v 11.798166 8.828597 -11.585837
v 12.804391 8.831227 -11.591498
v 11.798010 8.856172 -11.613634
v 12.804237 8.858803 -11.619300
v 11.798010 8.856172 -11.669233
v 12.804237 8.858803 -11.674899
v 11.813075 8.828572 -12.692202
v 12.784881 8.831251 -12.692202
v 11.813233 8.800498 -12.663898
v 12.785035 8.803177 -12.663898
v 11.813233 8.800498 -12.607293
v 12.785035 8.803177 -12.607293
v 11.813075 8.828572 -12.578993
v 12.784881 8.831251 -12.578993
v 11.812921 8.856647 -12.607293
v 12.784722 8.859324 -12.607293
v 11.812921 8.856647 -12.663898
v 12.784722 8.859324 -12.663898
v 12.744034 8.828597 -11.639010
v 12.744034 8.831227 -12.632219
v 12.771832 8.801020 -11.639169
v 12.771832 8.803651 -12.632372
v 12.827434 8.801020 -11.639169
v 12.827434 8.803651 -12.632372
v 12.855233 8.828597 -11.639010
v 12.855233 8.831227 -12.632219
v 12.827434 8.856172 -11.638857
v 12.827434 8.858803 -12.632066
v 12.771832 8.856172 -11.638857
v 12.771832 8.858803 -12.632066
v 11.744106 8.828572 -11.635574
v 11.744106 8.831251 -12.637038
v 11.772408 8.800498 -11.635733
v 11.772408 8.803177 -12.637196
v 11.829013 8.800498 -11.635733
v 11.829013 8.803177 -12.637196
v 11.857315 8.828572 -11.635574
v 11.857315 8.831251 -12.637038
v 11.829013 8.856647 -11.635422
v 11.829013 8.859324 -12.636880
v 11.772408 8.856647 -11.635422
v 11.772408 8.859324 -12.636880
v 11.813305 8.105385 -12.696159
v 12.755280 8.781787 -12.695479
v 11.843412 8.086370 -12.670280
v 12.785388 8.762772 -12.669601
v 11.843412 8.086370 -12.618528
v 12.785388 8.762772 -12.617849
v 11.813305 8.105385 -12.592655
v 12.755280 8.781787 -12.591975
v 11.783202 8.124400 -12.618528
v 12.725175 8.800802 -12.617849
v 11.783202 8.124400 -12.670280
v 12.725175 8.800802 -12.669601
v 12.737733 8.105385 -11.677642
v 12.737733 8.765297 -12.619615
v 12.763608 8.086370 -11.707746
v 12.763608 8.746282 -12.649723
v 12.815359 8.086370 -11.707746
v 12.815359 8.746282 -12.649723
v 12.841234 8.105385 -11.677642
v 12.841234 8.765297 -12.619615
v 12.815359 8.124400 -11.647537
v 12.815359 8.784312 -12.589511
v 12.763608 8.124400 -11.647537
v 12.763608 8.784312 -12.589511
v 11.741266 8.105385 -11.677642
v 11.741266 8.765297 -12.619615
v 11.767142 8.086370 -11.707746
v 11.767142 8.746282 -12.649723
v 11.818895 8.086370 -11.707746
v 11.818895 8.746282 -12.649723
v 11.844771 8.105385 -11.677642
v 11.844771 8.765297 -12.619615
v 11.818895 8.124400 -11.647537
v 11.818895 8.784312 -12.589511
v 11.767142 8.124400 -11.647537
v 11.767142 8.784312 -12.589511
v -12.903776 8.942340 -11.703074
v -11.939057 9.617447 -11.703074
v -12.873668 8.923325 -11.677201
v -11.908953 9.598432 -11.677201
v -12.873668 8.923325 -11.625449
v -11.908953 9.598432 -11.625449
v -12.903776 8.942340 -11.599570
v -11.939057 9.617447 -11.599570
v -12.933880 8.961355 -11.625449
v -11.969163 9.636462 -11.625449
v -12.933880 8.961355 -11.677201
v -11.969163 9.636462 -11.677201
v -12.917624 9.665550 -11.688251
v -11.941160 9.668181 -11.688251
v -12.917472 9.637975 -11.660448
v -11.941008 9.640606 -11.660448
v -12.917472 9.637975 -11.604849
v -11.941008 9.640606 -11.604849
v -12.917624 9.665550 -11.577051
v -11.941160 9.668181 -11.577051
v -12.917778 9.693127 -11.604849
v -11.941316 9.695758 -11.604849
v -12.917778 9.693127 -11.660448
v -11.941316 9.695758 -11.660448
v -12.910073 9.665527 -12.692202
v -11.964516 9.668204 -12.692202
v -12.909915 9.637451 -12.663898
v -11.964358 9.640130 -12.663898
v -12.909915 9.637451 -12.607293
v -11.964358 9.640130 -12.607293
v -12.910073 9.665527 -12.578993
v -11.964516 9.668204 -12.578993
v -12.910232 9.693601 -12.607293
v -11.964672 9.696280 -12.607293
v -12.910232 9.693601 -12.663898
v -11.964672 9.696280 -12.663898
v -11.973046 9.665550 -11.678369
v -11.973046 9.668181 -12.602742
v -11.945247 9.637975 -11.678522
v -11.945247 9.640606 -12.602896
v -11.889647 9.637975 -11.678522
v -11.889647 9.640606 -12.602896
v -11.861848 9.665550 -11.678369
v -11.861848 9.668181 -12.602742
v -11.889647 9.693127 -11.678216
v -11.889647 9.695758 -12.602590
v -11.945247 9.693127 -11.678216
v -11.945247 9.695758 -12.602590
v -12.972976 9.665527 -11.629981
v -12.972976 9.668204 -12.638033
v -12.944674 9.637451 -11.630138
v -12.944674 9.640130 -12.638191
v -12.888068 9.637451 -11.630138
v -12.888068 9.640130 -12.638191
v -12.859766 9.665527 -11.629981
v -12.859766 9.668204 -12.638033
v -12.888068 9.693601 -11.629823
v -12.888068 9.696280 -12.637876
v -12.944674 9.693601 -11.629823
v -12.944674 9.696280 -12.637876
v -12.903776 8.942340 -12.697685
v -11.939057 9.617447 -12.697685
v -12.873668 8.923325 -12.671812
v -11.908953 9.598432 -12.671812
v -12.873668 8.923325 -12.620060
v -11.908953 9.598432 -12.620060
v -12.903776 8.942340 -12.594181
v -11.939057 9.617447 -12.594181
v -12.933880 8.961355 -12.620060
v -11.969163 9.636462 -12.620060
v -12.933880 8.961355 -12.671812
v -11.969163 9.636462 -12.671812
v -11.979352 8.942340 -11.677642
v -11.979352 9.602252 -12.619615
v -11.953473 8.923325 -11.707746
v -11.953473 9.583237 -12.649723
v -11.901721 8.923325 -11.707746
v -11.901721 9.583237 -12.649723
v -11.875847 8.942340 -11.677642
v -11.875847 9.602252 -12.619615
v -11.901721 8.961355 -11.647537
v -11.901721 9.621267 -12.589511
v -11.953473 8.961355 -11.647537
v -11.953473 9.621267 -12.589511
v -12.975813 8.942340 -11.677642
v -12.975813 9.602252 -12.619615
v -12.949939 8.923325 -11.707746
v -12.949939 9.583237 -12.649723
v -12.898187 8.923325 -11.707746
v -12.898187 9.583237 -12.649723
v -12.872309 8.942340 -11.677642
v -12.872309 9.602252 -12.619615
v -12.898187 8.961355 -11.647537
v -12.898187 9.621267 -12.589511
v -12.949939 8.961355 -11.647537
v -12.949939 9.621267 -12.589511
v 11.813305 8.942340 -11.703074
v 12.755280 9.618742 -11.702395
v 11.843412 8.923325 -11.677201
v 12.785388 9.599727 -11.676521
v 11.843412 8.923325 -11.625449
v 12.785388 9.599727 -11.624769
v 11.813305 8.942340 -11.599570
v 12.755280 9.618742 -11.598891
v 11.783202 8.961355 -11.625449
v 12.725175 9.637757 -11.624769
v 11.783202 8.961355 -11.677201
v 12.725175 9.637757 -11.676521
v 11.798166 9.665550 -11.697036
v 12.804391 9.668181 -11.702697
v 11.798316 9.637975 -11.669233
v 12.804543 9.640606 -11.674899
v 11.798316 9.637975 -11.613634
v 12.804543 9.640606 -11.619300
v 11.798166 9.665550 -11.585837
v 12.804391 9.668181 -11.591498
v 11.798010 9.693127 -11.613634
v 12.804237 9.695758 -11.619300
v 11.798010 9.693127 -11.669233
v 12.804237 9.695758 -11.674899
v 11.813075 9.665527 -12.692202
v 12.784881 9.668204 -12.692202
v 11.813233 9.637451 -12.663898
v 12.785035 9.640130 -12.663898
v 11.813233 9.637451 -12.607293
v 12.785035 9.640130 -12.607293
v 11.813075 9.665527 -12.578993
v 12.784881 9.668204 -12.578993
v 11.812921 9.693601 -12.607293
v 12.784722 9.696280 -12.607293
v 11.812921 9.693601 -12.663898
v 12.784722 9.696280 -12.663898
v 12.744034 9.665550 -11.639010
v 12.744034 9.668181 -12.632219
v 12.771832 9.637975 -11.639169
v 12.771832 9.640606 -12.632372
v 12.827434 9.637975 -11.639169
v 12.827434 9.640606 -12.632372
v 12.855233 9.665550 -11.639010
v 12.855233 9.668181 -12.632219
v 12.827434 9.693127 -11.638857
v 12.827434 9.695758 -12.632066
v 12.771832 9.693127 -11.638857
v 12.771832 9.695758 -12.632066
v 11.744106 9.665527 -11.635574
v 11.744106 9.668204 -12.637038
v 11.772408 9.637451 -11.635733
v 11.772408 9.640130 -12.637196
v 11.829013 9.637451 -11.635733
v 11.829013 9.640130 -12.637196
v 11.857315 9.665527 -11.635574
v 11.857315 9.668204 -12.637038
v 11.829013 9.693601 -11.635422
v 11.829013 9.696280 -12.636880
v 11.772408 9.693601 -11.635422
v 11.772408 9.696280 -12.636880
v 11.813305 8.942340 -12.696159
v 12.755280 9.618742 -12.695479
v 11.843412 8.923325 -12.670280
v 12.785388 9.599727 -12.669601
v 11.843412 8.923325 -12.618528
v 12.785388 9.599727 -12.617849
v 11.813305 8.942340 -12.592655
v 12.755280 9.618742 -12.591975
v 11.783202 8.961355 -12.618528
v 12.725175 9.637757 -12.617849
v 11.783202 8.961355 -12.670280
v 12.725175 9.637757 -12.669601
v 12.737733 8.942340 -11.677642
v 12.737733 9.602252 -12.619615
v 12.763608 8.923325 -11.707746
v 12.763608 9.583237 -12.649723
v 12.815359 8.923325 -11.707746
v 12.815359 9.583237 -12.649723
v 12.841234 8.942340 -11.677642
v 12.841234 9.602252 -12.619615
v 12.815359 8.961355 -11.647537
v 12.815359 9.621267 -12.589511
v 12.763608 8.961355 -11.647537
v 12.763608 9.621267 -12.589511
v 11.741266 8.942340 -11.677642
v 11.741266 9.602252 -12.619615
v 11.767142 8.923325 -11.707746
v 11.767142 9.583237 -12.649723
v 11.818895 8.923325 -11.707746
v 11.818895 9.583237 -12.649723
v 11.844771 8.942340 -11.677642
v 11.844771 9.602252 -12.619615
v 11.818895 8.961355 -11.647537
v 11.818895 9.621267 -12.589511
v 11.767142 8.961355 -11.647537
v 11.767142 9.621267 -12.589511
v -12.903776 9.779294 -11.703074
v -11.939057 10.454403 -11.703074
v -12.873668 9.760281 -11.677201
v -11.908953 10.435388 -11.677201
v -12.873668 9.760281 -11.625449
v -11.908953 10.435388 -11.625449
v -12.903776 9.779294 -11.599570
v -11.939057 10.454403 -11.599570
v -12.933880 9.798309 -11.625449
v -11.969163 10.473417 -11.625449
v -12.933880 9.798309 -11.677201
v -11.969163 10.473417 -11.677201
v -12.917624 10.502506 -11.688251
v -11.941160 10.505137 -11.688251
v -12.917472 10.474930 -11.660448
v -11.941008 10.477561 -11.660448
v -12.917472 10.474930 -11.604849
v -11.941008 10.477561 -11.604849
v -12.917624 10.502506 -11.577051
v -11.941160 10.505137 -11.577051
v -12.917778 10.530082 -11.604849
v -11.941316 10.532713 -11.604849
v -12.917778 10.530082 -11.660448
v -11.941316 10.532713 -11.660448
v -12.910073 10.502481 -12.692202
v -11.964516 10.505160 -12.692202
v -12.909915 10.474407 -12.663898
v -11.964358 10.477086 -12.663898
v -12.909915 10.474407 -12.607293
v -11.964358 10.477086 -12.607293
v -12.910073 10.502481 -12.578993
v -11.964516 10.505160 -12.578993
v -12.910232 10.530557 -12.607293
v -11.964672 10.533235 -12.607293
v -12.910232 10.530557 -12.663898
v -11.964672 10.533235 -12.663898
v -11.973046 10.502506 -11.678369
v -11.973046 10.505137 -12.602742
v -11.945247 10.474930 -11.678522
v -11.945247 10.477561 -12.602896
v -11.889647 10.474930 -11.678522
v -11.889647 10.477561 -12.602896
v -11.861848 10.502506 -11.678369
v -11.861848 10.505137 -12.602742
v -11.889647 10.530082 -11.678216
v -11.889647 10.532713 -12.602590
v -11.945247 10.530082 -11.678216
v -11.945247 10.532713 -12.602590
v -12.972976 10.502481 -11.629981
v -12.972976 10.505160 -12.638033
v -12.944674 10.474407 -11.630138
v -12.944674 10.477086 -12.638191
v -12.888068 10.474407 -11.630138
v -12.888068 10.477086 -12.638191
v -12.859766 10.502481 -11.629981
v -12.859766 10.505160 -12.638033
v -12.888068 10.530557 -11.629823
v -12.888068 10.533235 -12.637876
v -12.944674 10.530557 -11.629823
v -12.944674 10.533235 -12.637876
v -12.903776 9.779294 -12.697685
v -11.939057 10.454403 -12.697685
v -12.873668 9.760281 -12.671812
v -11.908953 10.435388 -12.671812
v -12.873668 9.760281 -12.620060
v -11.908953 10.435388 -12.620060
v -12.903776 9.779294 -12.594181
v -11.939057 10.454403 -12.594181
v -12.933880 9.798309 -12.620060
v -11.969163 10.473417 -12.620060
v -12.933880 9.798309 -12.671812
v -11.969163 10.473417 -12.671812
v -11.979352 9.779294 -11.677642
v -11.979352 10.439207 -12.619615
v -11.953473 9.760281 -11.707746
v -11.953473 10.420192 -12.649723
v -11.901721 9.760281 -11.707746
v -11.901721 10.420192 -12.649723
v -11.875847 9.779294 -11.677642
v -11.875847 10.439207 -12.619615
v -11.901721 9.798309 -11.647537
v -11.901721 10.458222 -12.589511
v -11.953473 9.798309 -11.647537
v -11.953473 10.458222 -12.589511
v -12.975813 9.779294 -11.677642
v -12.975813 10.439207 -12.619615
v -12.949939 9.760281 -11.707746
v -12.949939 10.420192 -12.649723
v -12.898187 9.760281 -11.707746
v -12.898187 10.420192 -12.649723
v -12.872309 9.779294 -11.677642
v -12.872309 10.439207 -12.619615
v -12.898187 9.798309 -11.647537
v -12.898187 10.458222 -12.589511
v -12.949939 9.798309 -11.647537
v -12.949939 10.458222 -12.589511
v 11.813305 9.779294 -11.703074
v 12.755280 10.455696 -11.702395
v 11.843412 9.760281 -11.677201
v 12.785388 10.436682 -11.676521
v 11.843412 9.760281 -11.625449
v 12.785388 10.436682 -11.624769
v 11.813305 9.779294 -11.599570
v 12.755280 10.455696 -11.598891
v 11.783202 9.798309 -11.625449
v 12.725175 10.474711 -11.624769
v 11.783202 9.798309 -11.677201
v 12.725175 10.474711 -11.676521
v 11.798166 10.502506 -11.697036
v 12.804391 10.505137 -11.702697
v 11.798316 10.474930 -11.669233
v 12.804543 10.477561 -11.674899
v 11.798316 10.474930 -11.613634
v 12.804543 10.477561 -11.619300
v 11.798166 10.502506 -11.585837
v 12.804391 10.505137 -11.591498
v 11.798010 10.530082 -11.613634
v 12.804237 10.532713 -11.619300
v 11.798010 10.530082 -11.669233
v 12.804237 10.532713 -11.674899
v 11.813075 10.502481 -12.692202
v 12.784881 10.505160 -12.692202
v 11.813233 10.474407 -12.663898
v 12.785035 10.477086 -12.663898
v 11.813233 10.474407 -12.607293
v 12.785035 10.477086 -12.607293
v 11.813075 10.502481 -12.578993
v 12.784881 10.505160 -12.578993
v 11.812921 10.530557 -12.607293
v 12.784722 10.533235 -12.607293
v 11.812921 10.530557 -12.663898
v 12.784722 10.533235 -12.663898
v 12.744034 10.502506 -11.639010
v 12.744034 10.505137 -12.632219
v 12.771832 10.474930 -11.639169
v 12.771832 10.477561 -12.632372
v 12.827434 10.474930 -11.639169
v 12.827434 10.477561 -12.632372
v 12.855233 10.502506 -11.639010
v 12.855233 10.505137 -12.632219
v 12.827434 10.530082 -11.638857
v 12.827434 10.532713 -12.632066
v 12.771832 10.530082 -11.638857
v 12.771832 10.532713 -12.632066
v 11.744106 10.502481 -11.635574
v 11.744106 10.505160 -12.637038
v 11.772408 10.474407 -11.635733
v 11.772408 10.477086 -12.637196
v 11.829013 10.474407 -11.635733
v 11.829013 10.477086 -12.637196
v 11.857315 10.502481 -11.635574
v 11.857315 10.505160 -12.637038
v 11.829013 10.530557 -11.635422
v 11.829013 10.533235 -12.636880
v 11.772408 10.530557 -11.635422
v 11.772408 10.533235 -12.636880
v 11.813305 9.779294 -12.696159
v 12.755280 10.455696 -12.695479
v 11.843412 9.760281 -12.670280
v 12.785388 10.436682 -12.669601
v 11.843412 9.760281 -12.618528
v 12.785388 10.436682 -12.617849
v 11.813305 9.779294 -12.592655
v 12.755280 10.455696 -12.591975
v 11.783202 9.798309 -12.618528
v 12.725175 10.474711 -12.617849
v 11.783202 9.798309 -12.670280
v 12.725175 10.474711 -12.669601
v 12.737733 9.779294 -11.677642
v 12.737733 10.439207 -12.619615
v 12.763608 9.760281 -11.707746
v 12.763608 10.420192 -12.649723
v 12.815359 9.760281 -11.707746
v 12.815359 10.420192 -12.649723
v 12.841234 9.779294 -11.677642
v 12.841234 10.439207 -12.619615
v 12.815359 9.798309 -11.647537
v 12.815359 10.458222 -12.589511
v 12.763608 9.798309 -11.647537
v 12.763608 10.458222 -12.589511
v 11.741266 9.779294 -11.677642
v 11.741266 10.439207 -12.619615
v 11.767142 9.760281 -11.707746
v 11.767142 10.420192 -12.649723
v 11.818895 9.760281 -11.707746
v 11.818895 10.420192 -12.649723
v 11.844771 9.779294 -11.677642
v 11.844771 10.439207 -12.619615
v 11.818895 9.798309 -11.647537
v 11.818895 10.458222 -12.589511
v 11.767142 9.798309 -11.647537
v 11.767142 10.458222 -12.589511
v -12.917624 11.339460 -11.688251
v -11.941160 11.342092 -11.688251
v -12.917472 11.311885 -11.660449
v -11.941008 11.314516 -11.660449
v -12.917472 11.311885 -11.604850
v -11.941008 11.314516 -11.604850
v -12.917624 11.339460 -11.577052
v -11.941160 11.342092 -11.577052
v -12.917778 11.367037 -11.604850
v -11.941316 11.369668 -11.604850
v -12.917778 11.367037 -11.660449
v -11.941316 11.369668 -11.660449
v -12.910073 11.339437 -12.692203
v -11.964516 11.342114 -12.692203
v -12.909915 11.311361 -12.663898
v -11.964358 11.314040 -12.663898
v -12.909915 11.311361 -12.607294
v -11.964358 11.314040 -12.607294
v -12.910073 11.339437 -12.578994
v -11.964516 11.342114 -12.578994
v -12.910232 11.367511 -12.607294
v -11.964672 11.370190 -12.607294
v -12.910232 11.367511 -12.663898
v -11.964672 11.370190 -12.663898
v -11.973046 11.339460 -11.678370
v -11.973046 11.342092 -12.602743
v -11.945247 11.311885 -11.678523
v -11.945247 11.314516 -12.602897
v -11.889647 11.311885 -11.678523
v -11.889647 11.314516 -12.602897
v -11.861848 11.339460 -11.678370
v -11.861848 11.342092 -12.602743
v -11.889647 11.367037 -11.678217
v -11.889647 11.369668 -12.602591
v -11.945247 11.367037 -11.678217
v -11.945247 11.369668 -12.602591
v -12.972976 11.339437 -11.629982
v -12.972976 11.342114 -12.638034
v -12.944674 11.311361 -11.630139
v -12.944674 11.314040 -12.638192
v -12.888068 11.311361 -11.630139
v -12.888068 11.314040 -12.638192
v -12.859766 11.339437 -11.629982
v -12.859766 11.342114 -12.638034
v -12.888068 11.367511 -11.629824
v -12.888068 11.370190 -12.637877
v -12.944674 11.367511 -11.629824
v -12.944674 11.370190 -12.637877
v 11.798166 11.339460 -11.697037
v 12.804391 11.342092 -11.702698
v 11.798316 11.311885 -11.669234
v 12.804543 11.314516 -11.674900
v 11.798316 11.311885 -11.613635
v 12.804543 11.314516 -11.619301
v 11.798166 11.339460 -11.585838
v 12.804391 11.342092 -11.591499
v 11.798010 11.367037 -11.613635
v 12.804237 11.369668 -11.619301
v 11.798010 11.367037 -11.669234
v 12.804237 11.369668 -11.674900
v 11.813075 11.339437 -12.692203
v 12.784881 11.342114 -12.692203
v 11.813233 11.311361 -12.663898
v 12.785035 11.314040 -12.663898
v 11.813233 11.311361 -12.607294
v 12.785035 11.314040 -12.607294
v 11.813075 11.339437 -12.578994
v 12.784881 11.342114 -12.578994
v 11.812921 11.367511 -12.607294
v 12.784722 11.370190 -12.607294
v 11.812921 11.367511 -12.663898
v 12.784722 11.370190 -12.663898
v 12.744034 11.339460 -11.639011
v 12.744034 11.342092 -12.632220
v 12.771832 11.311885 -11.639170
v 12.771832 11.314516 -12.632373
v 12.827434 11.311885 -11.639170
v 12.827434 11.314516 -12.632373
v 12.855233 11.339460 -11.639011
v 12.855233 11.342092 -12.632220
v 12.827434 11.367037 -11.638858
v 12.827434 11.369668 -12.632067
v 12.771832 11.367037 -11.638858
v 12.771832 11.369668 -12.632067
v 11.744106 11.339437 -11.635575
v 11.744106 11.342114 -12.637039
v 11.772408 11.311361 -11.635734
v 11.772408 11.314040 -12.637197
v 11.829013 11.311361 -11.635734
v 11.829013 11.314040 -12.637197
v 11.857315 11.339437 -11.635575
v 11.857315 11.342114 -12.637039
v 11.829013 11.367511 -11.635423
v 11.829013 11.370190 -12.636881
v 11.772408 11.367511 -11.635423
v 11.772408 11.370190 -12.636881
v -12.994398 12.237561 -11.627713
v -12.959754 12.237561 -11.580062
v -12.937554 12.237561 -11.720556
v -12.985206 12.237561 -11.685906
v -12.901555 12.237561 -11.570869
v -12.853908 12.237561 -11.605515
v -12.844713 12.237561 -11.663713
v -12.879363 12.237561 -11.711364
v -12.931569 12.237561 -12.565816
v -12.981812 12.237561 -12.596580
v -12.995590 12.237561 -12.653864
v -12.964826 12.237561 -12.704108
v -12.843520 12.237561 -12.629837
v -12.874287 12.237561 -12.579590
v -12.907541 12.237561 -12.717882
v -12.857298 12.237561 -12.687119
v -11.999744 12.237561 -11.627713
v -11.965095 12.237561 -11.580062
v -11.942899 12.237561 -11.720556
v -11.990549 12.237561 -11.685906
v -11.906901 12.237561 -11.570869
v -11.859251 12.237561 -11.605515
v -11.850057 12.237561 -11.663713
v -11.884705 12.237561 -11.711364
v -11.936913 12.237561 -12.565816
v -11.987158 12.237561 -12.596580
v -12.000935 12.237561 -12.653864
v -11.970169 12.237561 -12.704108
v -11.848866 12.237561 -12.629837
v -11.879630 12.237561 -12.579590
v -11.912888 12.237561 -12.717882
v -11.862641 12.237561 -12.687119
v -12.903776 11.453204 -11.703075
v -11.939057 12.128312 -11.703075
v -12.873668 11.434190 -11.677202
v -11.908953 12.109297 -11.677202
v -12.873668 11.434190 -11.625450
v -11.908953 12.109297 -11.625450
v -12.903776 11.453204 -11.599571
v -11.939057 12.128312 -11.599571
v -12.933880 11.472219 -11.625450
v -11.969163 12.147326 -11.625450
v -12.933880 11.472219 -11.677202
v -11.969163 12.147326 -11.677202
v -12.917624 12.176415 -11.688251
v -11.941160 12.179047 -11.688251
v -12.917472 12.148839 -11.660449
v -11.941008 12.151470 -11.660449
v -12.917472 12.148839 -11.604850
v -11.941008 12.151470 -11.604850
v -12.917624 12.176415 -11.577052
v -11.941160 12.179047 -11.577052
v -12.917778 12.203991 -11.604850
v -11.941316 12.206622 -11.604850
v -12.917778 12.203991 -11.660449
v -11.941316 12.206622 -11.660449
v -12.910073 12.176391 -12.692203
v -11.964516 12.179070 -12.692203
v -12.909915 12.148317 -12.663898
v -11.964358 12.150996 -12.663898
v -12.909915 12.148317 -12.607294
v -11.964358 12.150996 -12.607294
v -12.910073 12.176391 -12.578994
v -11.964516 12.179070 -12.578994
v -12.910232 12.204467 -12.607294
v -11.964672 12.207144 -12.607294
v -12.910232 12.204467 -12.663898
v -11.964672 12.207144 -12.663898
v -11.973046 12.176415 -11.678370
v -11.973046 12.179047 -12.602743
v -11.945247 12.148839 -11.678523
v -11.945247 12.151470 -12.602897
v -11.889647 12.148839 -11.678523
v -11.889647 12.151470 -12.602897
v -11.861848 12.176415 -11.678370
v -11.861848 12.179047 -12.602743
v -11.889647 12.203991 -11.678217
v -11.889647 12.206622 -12.602591
v -11.945247 12.203991 -11.678217
v -11.945247 12.206622 -12.602591
v -12.972976 12.176391 -11.629982
v -12.972976 12.179070 -12.638034
v -12.944674 12.148317 -11.630139
v -12.944674 12.150996 -12.638192
v -12.888068 12.148317 -11.630139
v -12.888068 12.150996 -12.638192
v -12.859766 12.176391 -11.629982
v -12.859766 12.179070 -12.638034
v -12.888068 12.204467 -11.629824
v -12.888068 12.207144 -12.637877
v -12.944674 12.204467 -11.629824
v -12.944674 12.207144 -12.637877
v -12.903776 11.453204 -12.697686
v -11.939057 12.128312 -12.697686
v -12.873668 11.434190 -12.671813
v -11.908953 12.109297 -12.671813
v -12.873668 11.434190 -12.620061
v -11.908953 12.109297 -12.620061
v -12.903776 11.453204 -12.594182
v -11.939057 12.128312 -12.594182
v -12.933880 11.472219 -12.620061
v -11.969163 12.147326 -12.620061
v -12.933880 11.472219 -12.671813
v -11.969163 12.147326 -12.671813
v -11.979352 11.453204 -11.677643
v -11.979352 12.113116 -12.619616
v -11.953473 11.434190 -11.707747
v -11.953473 12.094101 -12.649724
v -11.901721 11.434190 -11.707747
v -11.901721 12.094101 -12.649724
v -11.875847 11.453204 -11.677643
v -11.875847 12.113116 -12.619616
v -11.901721 11.472219 -11.647538
v -11.901721 12.132132 -12.589512
v -11.953473 11.472219 -11.647538
v -11.953473 12.132132 -12.589512
v -12.975813 11.453204 -11.677643
v -12.975813 12.113116 -12.619616
v -12.949939 11.434190 -11.707747
v -12.949939 12.094101 -12.649724
v -12.898187 11.434190 -11.707747
v -12.898187 12.094101 -12.649724
v -12.872309 11.453204 -11.677643
v -12.872309 12.113116 -12.619616
v -12.898187 11.472219 -11.647538
v -12.898187 12.132132 -12.589512
v -12.949939 11.472219 -11.647538
v -12.949939 12.132132 -12.589512
v 11.722686 12.237561 -11.627713
v 11.757332 12.237561 -11.580062
v 11.779531 12.237561 -11.720556
v 11.731881 12.237561 -11.685906
v 11.815525 12.237561 -11.570869
v 11.863177 12.237561 -11.605515
v 11.872372 12.237561 -11.663713
v 11.837723 12.237561 -11.711364
v 11.785516 12.237561 -12.565816
v 11.735271 12.237561 -12.596580
v 11.721494 12.237561 -12.653864
v 11.752259 12.237561 -12.704108
v 11.873564 12.237561 -12.629837
v 11.842798 12.237561 -12.579590
v 11.809542 12.237561 -12.717882
v 11.859787 12.237561 -12.687119
v 12.717338 12.237561 -11.627713
v 12.751983 12.237561 -11.580062
v 12.774181 12.237561 -11.720556
v 12.726532 12.237561 -11.685906
v 12.810176 12.237561 -11.570869
v 12.857828 12.237561 -11.605515
v 12.867023 12.237561 -11.663713
v 12.832375 12.237561 -11.711364
v 12.717338 12.237561 -12.623851
v 12.751983 12.237561 -12.576200
v 12.774181 12.237561 -12.716694
v 12.726532 12.237561 -12.682044
v 12.810176 12.237561 -12.567007
v 12.857828 12.237561 -12.601652
v 12.867023 12.237561 -12.659847
v 12.832375 12.237561 -12.707499
v 11.813305 11.453204 -11.703075
v 12.755280 12.129606 -11.702396
v 11.843412 11.434190 -11.677202
v 12.785388 12.110591 -11.676522
v 11.843412 11.434190 -11.625450
v 12.785388 12.110591 -11.624770
v 11.813305 11.453204 -11.599571
v 12.755280 12.129606 -11.598892
v 11.783202 11.472219 -11.625450
v 12.725175 12.148622 -11.624770
v 11.783202 11.472219 -11.677202
v 12.725175 12.148622 -11.676522
v 11.798166 12.176415 -11.697037
v 12.804391 12.179047 -11.702698
v 11.798316 12.148839 -11.669234
v 12.804543 12.151470 -11.674900
v 11.798316 12.148839 -11.613635
v 12.804543 12.151470 -11.619301
v 11.798166 12.176415 -11.585838
v 12.804391 12.179047 -11.591499
v 11.798010 12.203991 -11.613635
v 12.804237 12.206622 -11.619301
v 11.798010 12.203991 -11.669234
v 12.804237 12.206622 -11.674900
v 11.813075 12.176391 -12.692203
v 12.784881 12.179070 -12.692203
v 11.813233 12.148317 -12.663898
v 12.785035 12.150996 -12.663898
v 11.813233 12.148317 -12.607294
v 12.785035 12.150996 -12.607294
v 11.813075 12.176391 -12.578994
v 12.784881 12.179070 -12.578994
v 11.812921 12.204467 -12.607294
v 12.784722 12.207144 -12.607294
v 11.812921 12.204467 -12.663898
v 12.784722 12.207144 -12.663898
v 12.744034 12.176415 -11.639011
v 12.744034 12.179047 -12.632220
v 12.771832 12.148839 -11.639170
v 12.771832 12.151470 -12.632373
v 12.827434 12.148839 -11.639170
v 12.827434 12.151470 -12.632373
v 12.855233 12.176415 -11.639011
v 12.855233 12.179047 -12.632220
v 12.827434 12.203991 -11.638858
v 12.827434 12.206622 -12.632067
v 12.771832 12.203991 -11.638858
v 12.771832 12.206622 -12.632067
v 11.744106 12.176391 -11.635575
v 11.744106 12.179070 -12.637039
v 11.772408 12.148317 -11.635734
v 11.772408 12.150996 -12.637197
v 11.829013 12.148317 -11.635734
v 11.829013 12.150996 -12.637197
v 11.857315 12.176391 -11.635575
v 11.857315 12.179070 -12.637039
v 11.829013 12.204467 -11.635423
v 11.829013 12.207144 -12.636881
v 11.772408 12.204467 -11.635423
v 11.772408 12.207144 -12.636881
v 11.813305 11.453204 -12.696160
v 12.755280 12.129606 -12.695480
v 11.843412 11.434190 -12.670281
v 12.785388 12.110591 -12.669602
v 11.843412 11.434190 -12.618529
v 12.785388 12.110591 -12.617850
v 11.813305 11.453204 -12.592656
v 12.755280 12.129606 -12.591976
v 11.783202 11.472219 -12.618529
v 12.725175 12.148622 -12.617850
v 11.783202 11.472219 -12.670281
v 12.725175 12.148622 -12.669602
v 12.737733 11.453204 -11.677643
v 12.737733 12.113116 -12.619616
v 12.763608 11.434190 -11.707747
v 12.763608 12.094101 -12.649724
v 12.815359 11.434190 -11.707747
v 12.815359 12.094101 -12.649724
v 12.841234 11.453204 -11.677643
v 12.841234 12.113116 -12.619616
v 12.815359 11.472219 -11.647538
v 12.815359 12.132132 -12.589512
v 12.763608 11.472219 -11.647538
v 12.763608 12.132132 -12.589512
v 11.741266 11.453204 -11.677643
v 11.741266 12.113116 -12.619616
v 11.767142 11.434190 -11.707747
v 11.767142 12.094101 -12.649724
v 11.818895 11.434190 -11.707747
v 11.818895 12.094101 -12.649724
v 11.844771 11.453204 -11.677643
v 11.844771 12.113116 -12.619616
v 11.818895 11.472219 -11.647538
v 11.818895 12.132132 -12.589512
v 11.767142 11.472219 -11.647538
v 11.767142 12.132132 -12.589512
v -12.798731 12.111307 -11.770399
v -12.798731 12.252584 -11.770399
v -12.798731 12.111307 -12.533671
v -12.798731 12.252584 -12.533671
v -12.035456 12.111307 -11.770399
v -12.035456 12.252584 -11.770399
v -12.035456 12.111307 -12.533671
v -12.035456 12.252584 -12.533671
v -13.094958 12.111307 -12.829897
v -13.094958 12.111307 -11.474171
v -13.094958 12.252584 -11.474171
v -13.094958 12.252584 -12.829897
v -11.739229 12.111307 -12.829897
v -11.739229 12.252584 -12.829897
v -11.739229 12.111307 -11.474171
v -11.739229 12.252584 -11.474171
v -12.798731 10.432350 -11.770398
v -12.798731 11.565048 -11.770399
v -12.798731 10.432350 -12.533670
v -12.798731 11.565048 -12.533671
v -12.035456 10.432350 -11.770398
v -12.035456 11.565048 -11.770399
v -12.035456 10.432350 -12.533670
v -12.035456 11.565048 -12.533671
v -13.094958 10.432350 -12.829896
v -13.094958 10.432350 -11.474170
v -13.094958 11.565048 -11.474171
v -13.094958 11.565048 -12.829897
v -11.739229 10.432350 -12.829896
v -11.739229 11.565048 -12.829897
v -11.739229 10.432350 -11.474170
v -11.739229 11.565048 -11.474171
v -13.094958 10.673233 -11.755732
v -13.094958 11.324162 -11.755733
v -13.094958 11.324162 -12.548338
v -13.094958 10.673233 -12.548337
v -12.813396 10.673233 -12.829896
v -12.813396 11.324162 -12.829897
v -12.020789 11.324162 -12.829897
v -12.020789 10.673233 -12.829896
v -11.739229 10.673233 -12.548337
v -11.739229 11.324162 -12.548338
v -11.739229 11.324162 -11.755733
v -11.739229 10.673233 -11.755732
v -12.020789 10.673233 -11.474170
v -12.020789 11.324162 -11.474171
v -12.813396 11.324162 -11.474171
v -12.813396 10.673233 -11.474170
v -12.020789 11.331775 -11.770399
v -12.035456 11.321627 -12.548338
v -12.035456 10.673233 -12.548337
v -12.798731 11.321627 -12.536575
v -12.813396 10.673233 -12.533670
v -12.798731 10.673233 -11.755732
v -12.798731 11.321627 -11.755733
v -12.020789 10.673233 -11.770398
v 11.944190 12.111307 -11.770399
v 11.944190 12.252584 -11.770399
v 11.944190 12.111307 -12.533671
v 11.944190 12.252584 -12.533671
v 12.707466 12.111307 -11.770399
v 12.707466 12.252584 -11.770399
v 12.707466 12.111307 -12.533671
v 12.707466 12.252584 -12.533671
v 11.647964 12.111307 -12.829897
v 11.647964 12.111307 -11.474171
v 11.647964 12.252584 -11.474171
v 11.647964 12.252584 -12.829897
v 13.003691 12.111307 -12.829897
v 13.003691 12.252584 -12.829897
v 13.003691 12.111307 -11.474171
v 13.003691 12.252584 -11.474171
v 11.922641 10.432350 -11.770398
v 11.922641 11.565048 -11.770399
v 11.922641 10.432350 -12.533670
v 11.922641 11.565048 -12.533671
v 12.685917 10.432350 -11.770398
v 12.685917 11.565048 -11.770399
v 12.685917 10.432350 -12.533670
v 12.685917 11.565048 -12.533671
v 11.626416 10.432350 -12.829896
v 11.626416 10.432350 -11.474170
v 11.626416 11.565048 -11.474171
v 11.626416 11.565048 -12.829897
v 12.982142 10.432350 -12.829896
v 12.982142 11.565048 -12.829897
v 12.982142 10.432350 -11.474170
v 12.982142 11.565048 -11.474171
v 11.626416 10.673233 -11.755732
v 11.626416 11.324162 -11.755733
v 11.626416 11.324162 -12.548338
v 11.626416 10.673233 -12.548337
v 11.907977 10.673233 -12.829896
v 11.907977 11.324162 -12.829897
v 12.700585 11.324162 -12.829897
v 12.700585 10.673233 -12.829896
v 12.982142 10.673233 -12.548337
v 12.982142 11.324162 -12.548338
v 12.982142 11.324162 -11.755733
v 12.982142 10.673233 -11.755732
v 12.700585 10.673233 -11.474170
v 12.700585 11.324162 -11.474171
v 11.907977 11.324162 -11.474171
v 11.907977 10.673233 -11.474170
v 12.700585 11.331775 -11.770399
v 12.685917 11.321627 -12.548338
v 12.685917 10.673233 -12.548337
v 11.922641 11.321627 -12.536575
v 11.907977 10.673233 -12.533670
v 11.922641 10.673233 -11.755732
v 11.922641 11.321627 -11.755733
v 12.700585 10.673233 -11.770398
v -13.421804 1.136895 -11.142046
v -13.421804 1.397364 -11.142046
v -13.421804 1.136895 -13.142046
v -13.421804 1.397364 -13.142046
v -11.421804 1.136895 -11.142046
v -11.421804 1.397364 -11.142046
v -11.421804 1.136895 -13.142046
v -11.421804 1.397364 -13.142046
v 11.331591 1.136895 -11.142046
v 11.331591 1.397364 -11.142046
v 11.331591 1.136895 -13.142046
v 11.331591 1.397364 -13.142046
v 13.331589 1.136895 -11.142046
v 13.331589 1.397364 -11.142046
v 13.331589 1.136895 -13.142046
v 13.331589 1.397364 -13.142046
v -11.416215 1.121841 -11.881407
v -11.416215 10.536207 -11.881408
v -11.416215 1.121841 -11.931768
v -11.416215 10.536207 -11.931769
v 11.565851 1.121841 -11.881407
v 11.565851 10.536207 -11.881408
v 11.565851 1.121841 -11.931768
v 11.565851 10.536207 -11.931769
v -10.735394 10.443375 -11.898784
v -10.725030 10.443375 -11.898784
v -10.719847 10.443375 -11.907760
v -10.725030 10.443375 -11.916737
v -10.735394 10.443375 -11.916737
v -10.740578 10.443375 -11.907760
v -10.733877 10.811926 -11.898784
v -10.726547 10.804598 -11.898784
v -10.722882 10.800932 -11.907760
v -10.726547 10.804598 -11.916737
v -10.733877 10.811926 -11.916737
v -10.737541 10.815592 -11.907760
v 10.881283 10.811926 -11.898784
v 10.873953 10.804598 -11.898784
v 10.870288 10.800932 -11.907760
v 10.873953 10.804598 -11.916737
v 10.881283 10.811926 -11.916737
v 10.884947 10.815592 -11.907760
v 10.882800 10.443375 -11.898784
v 10.872436 10.443375 -11.898784
v 10.867252 10.443375 -11.907760
v 10.872436 10.443375 -11.916737
v 10.882800 10.443375 -11.916737
v 10.887983 10.443375 -11.907760
v -9.843233 11.017088 -11.913196
v -9.842776 10.809877 -11.913195
v -9.848026 11.017038 -11.910429
v -9.847569 10.809828 -11.910428
v -9.848026 11.017038 -11.904894
v -9.847569 10.809828 -11.904893
v -9.843233 11.017088 -11.902128
v -9.842776 10.809877 -11.902127
v -9.838441 11.017136 -11.904894
v -9.837982 10.809925 -11.904893
v -9.838441 11.017136 -11.910429
v -9.837982 10.809925 -11.910428
v -8.867681 11.017088 -11.913196
v -8.867224 10.809877 -11.913195
v -8.872474 11.017038 -11.910429
v -8.872017 10.809828 -11.910428
v -8.872474 11.017038 -11.904894
v -8.872017 10.809828 -11.904893
v -8.867681 11.017088 -11.902128
v -8.867224 10.809877 -11.902127
v -8.862888 11.017136 -11.904894
v -8.862430 10.809925 -11.904893
v -8.862888 11.017136 -11.910429
v -8.862430 10.809925 -11.910428
v -7.878379 11.017088 -11.913196
v -7.877922 10.809877 -11.913195
v -7.883172 11.017038 -11.910429
v -7.882715 10.809828 -11.910428
v -7.883172 11.017038 -11.904894
v -7.882715 10.809828 -11.904893
v -7.878379 11.017088 -11.902128
v -7.877922 10.809877 -11.902127
v -7.873587 11.017136 -11.904894
v -7.873128 10.809925 -11.904893
v -7.873587 11.017136 -11.910429
v -7.873128 10.809925 -11.910428
v -6.902826 11.017088 -11.913196
v -6.902369 10.809877 -11.913195
v -6.907619 11.017038 -11.910429
v -6.907163 10.809828 -11.910428
v -6.907619 11.017038 -11.904894
v -6.907163 10.809828 -11.904893
v -6.902826 11.017088 -11.902128
v -6.902369 10.809877 -11.902127
v -6.898035 11.017136 -11.904894
v -6.897576 10.809925 -11.904893
v -6.898035 11.017136 -11.910429
v -6.897576 10.809925 -11.910428
v -5.921348 11.017088 -11.913196
v -5.920891 10.809877 -11.913195
v -5.926141 11.017038 -11.910429
v -5.925684 10.809828 -11.910428
v -5.926141 11.017038 -11.904894
v -5.925684 10.809828 -11.904893
v -5.921348 11.017088 -11.902128
v -5.920891 10.809877 -11.902127
v -5.916556 11.017136 -11.904894
v -5.916098 10.809925 -11.904893
v -5.916556 11.017136 -11.910429
v -5.916098 10.809925 -11.910428
v -4.945796 11.017088 -11.913196
v -4.945339 10.809877 -11.913195
v -4.950589 11.017038 -11.910429
v -4.950132 10.809828 -11.910428
v -4.950589 11.017038 -11.904894
v -4.950132 10.809828 -11.904893
v -4.945796 11.017088 -11.902128
v -4.945339 10.809877 -11.902127
v -4.941004 11.017136 -11.904894
v -4.940545 10.809925 -11.904893
v -4.941004 11.017136 -11.910429
v -4.940545 10.809925 -11.910428
v -3.956494 11.017088 -11.913196
v -3.956037 10.809877 -11.913195
v -3.961287 11.017038 -11.910429
v -3.960830 10.809828 -11.910428
v -3.961287 11.017038 -11.904894
v -3.960830 10.809828 -11.904893
v -3.956494 11.017088 -11.902128
v -3.956037 10.809877 -11.902127
v -3.951702 11.017136 -11.904894
v -3.951243 10.809925 -11.904893
v -3.951702 11.017136 -11.910429
v -3.951243 10.809925 -11.910428
v -2.980941 11.017088 -11.913196
v -2.980484 10.809877 -11.913195
v -2.985735 11.017038 -11.910429
v -2.985278 10.809828 -11.910428
v -2.985735 11.017038 -11.904894
v -2.985278 10.809828 -11.904893
v -2.980941 11.017088 -11.902128
v -2.980484 10.809877 -11.902127
v -2.976150 11.017136 -11.904894
v -2.975691 10.809925 -11.904893
v -2.976150 11.017136 -11.910429
v -2.975691 10.809925 -11.910428
v -1.985391 11.017088 -11.913196
v -1.984934 10.809877 -11.913195
v -1.990185 11.017038 -11.910429
v -1.989728 10.809828 -11.910428
v -1.990185 11.017038 -11.904894
v -1.989728 10.809828 -11.904893
v -1.985391 11.017088 -11.902128
v -1.984934 10.809877 -11.902127
v -1.980600 11.017136 -11.904894
v -1.980141 10.809925 -11.904893
v -1.980600 11.017136 -11.910429
v -1.980141 10.809925 -11.910428
v -0.996905 11.017088 -11.913196
v -0.996449 10.809877 -11.913195
v -1.001699 11.017038 -11.910429
v -1.001242 10.809828 -11.910428
v -1.001699 11.017038 -11.904894
v -1.001242 10.809828 -11.904893
v -0.996905 11.017088 -11.902128
v -0.996449 10.809877 -11.902127
v -0.992114 11.017136 -11.904894
v -0.991655 10.809925 -11.904893
v -0.992114 11.017136 -11.910429
v -0.991655 10.809925 -11.910428
v -0.007604 11.017088 -11.913196
v -0.007147 10.809877 -11.913195
v -0.012397 11.017038 -11.910429
v -0.011940 10.809828 -11.910428
v -0.012397 11.017038 -11.904894
v -0.011940 10.809828 -11.904893
v -0.007604 11.017088 -11.902128
v -0.007147 10.809877 -11.902127
v -0.002812 11.017136 -11.904894
v -0.002354 10.809925 -11.904893
v -0.002812 11.017136 -11.910429
v -0.002354 10.809925 -11.910428
v 0.967949 11.017088 -11.913196
v 0.968406 10.809877 -11.913195
v 0.963155 11.017038 -11.910429
v 0.963612 10.809828 -11.910428
v 0.963155 11.017038 -11.904894
v 0.963612 10.809828 -11.904893
v 0.967949 11.017088 -11.902128
v 0.968406 10.809877 -11.902127
v 0.972740 11.017136 -11.904894
v 0.973199 10.809925 -11.904893
v 0.972740 11.017136 -11.910429
v 0.973199 10.809925 -11.910428
v 1.949427 11.017088 -11.913196
v 1.949884 10.809877 -11.913195
v 1.944633 11.017038 -11.910429
v 1.945090 10.809828 -11.910428
v 1.944633 11.017038 -11.904894
v 1.945090 10.809828 -11.904893
v 1.949427 11.017088 -11.902128
v 1.949884 10.809877 -11.902127
v 1.954219 11.017136 -11.904894
v 1.954677 10.809925 -11.904893
v 1.954219 11.017136 -11.910429
v 1.954677 10.809925 -11.910428
v 2.924979 11.017088 -11.913196
v 2.925436 10.809877 -11.913195
v 2.920186 11.017038 -11.910429
v 2.920643 10.809828 -11.910428
v 2.920186 11.017038 -11.904894
v 2.920643 10.809828 -11.904893
v 2.924979 11.017088 -11.902128
v 2.925436 10.809877 -11.902127
v 2.929771 11.017136 -11.904894
v 2.930230 10.809925 -11.904893
v 2.929771 11.017136 -11.910429
v 2.930230 10.809925 -11.910428
v 3.914281 11.017088 -11.913196
v 3.914738 10.809877 -11.913195
v 3.909487 11.017038 -11.910429
v 3.909945 10.809828 -11.910428
v 3.909487 11.017038 -11.904894
v 3.909945 10.809828 -11.904893
v 3.914281 11.017088 -11.902128
v 3.914738 10.809877 -11.902127
v 3.919073 11.017136 -11.904894
v 3.919531 10.809925 -11.904893
v 3.919073 11.017136 -11.910429
v 3.919531 10.809925 -11.910428
v 4.889834 11.017088 -11.913196
v 4.890291 10.809877 -11.913195
v 4.885040 11.017038 -11.910429
v 4.885498 10.809828 -11.910428
v 4.885040 11.017038 -11.904894
v 4.885498 10.809828 -11.904893
v 4.889834 11.017088 -11.902128
v 4.890291 10.809877 -11.902127
v 4.894626 11.017136 -11.904894
v 4.895084 10.809925 -11.904893
v 4.894626 11.017136 -11.910429
v 4.895084 10.809925 -11.910428
v 5.873005 11.017088 -11.913196
v 5.873463 10.809877 -11.913195
v 5.868212 11.017038 -11.910429
v 5.868669 10.809828 -11.910428
v 5.868212 11.017038 -11.904894
v 5.868669 10.809828 -11.904893
v 5.873005 11.017088 -11.902128
v 5.873463 10.809877 -11.902127
v 5.877797 11.017136 -11.904894
v 5.878256 10.809925 -11.904893
v 5.877797 11.017136 -11.910429
v 5.878256 10.809925 -11.910428
v 6.862307 11.017088 -11.913196
v 6.862763 10.809877 -11.913195
v 6.857513 11.017038 -11.910429
v 6.857970 10.809828 -11.910428
v 6.857513 11.017038 -11.904894
v 6.857970 10.809828 -11.904893
v 6.862307 11.017088 -11.902128
v 6.862763 10.809877 -11.902127
v 6.867098 11.017136 -11.904894
v 6.867557 10.809925 -11.904893
v 6.867098 11.017136 -11.910429
v 6.867557 10.809925 -11.910428
v 7.845043 11.017088 -11.913196
v 7.845500 10.809877 -11.913195
v 7.840250 11.017038 -11.910429
v 7.840706 10.809828 -11.910428
v 7.840250 11.017038 -11.904894
v 7.840706 10.809828 -11.904893
v 7.845043 11.017088 -11.902128
v 7.845500 10.809877 -11.902127
v 7.849834 11.017136 -11.904894
v 7.850293 10.809925 -11.904893
v 7.849834 11.017136 -11.910429
v 7.850293 10.809925 -11.910428
v 8.826550 11.017088 -11.913196
v 8.827006 10.809877 -11.913195
v 8.821756 11.017038 -11.910429
v 8.822213 10.809828 -11.910428
v 8.821756 11.017038 -11.904894
v 8.822213 10.809828 -11.904893
v 8.826550 11.017088 -11.902128
v 8.827006 10.809877 -11.902127
v 8.831342 11.017136 -11.904894
v 8.831800 10.809925 -11.904893
v 8.831342 11.017136 -11.910429
v 8.831800 10.809925 -11.910428
v 9.815851 11.017088 -11.913196
v 9.816308 10.809877 -11.913195
v 9.811058 11.017038 -11.910429
v 9.811515 10.809828 -11.910428
v 9.811058 11.017038 -11.904894
v 9.811515 10.809828 -11.904893
v 9.815851 11.017088 -11.902128
v 9.816308 10.809877 -11.902127
v 9.820643 11.017136 -11.904894
v 9.821101 10.809925 -11.904893
v 9.820643 11.017136 -11.910429
v 9.821101 10.809925 -11.910428
v 10.791406 11.017088 -11.913196
v 10.791862 10.809877 -11.913195
v 10.786612 11.017038 -11.910429
v 10.787069 10.809828 -11.910428
v 10.786612 11.017038 -11.904894
v 10.787069 10.809828 -11.904893
v 10.791406 11.017088 -11.902128
v 10.791862 10.809877 -11.902127
v 10.796197 11.017136 -11.904894
v 10.796656 10.809925 -11.904893
v 10.796197 11.017136 -11.910429
v 10.796656 10.809925 -11.910428
vn -1.0000 -0.0000 -0.0049
vn -1.0000 -0.0000 -0.0077
vn -0.0000 -0.0000 -1.0000
vn -0.0000 -0.0000 1.0000
vn -0.1792 -0.0000 0.9838
vn 0.2079 -0.0000 0.9781
vn 0.4067 -0.0000 0.9135
vn 0.5878 -0.0000 0.8090
vn 0.7431 -0.0000 0.6691
vn 0.8660 -0.0000 0.5000
vn 0.9511 -0.0000 0.3090
vn 0.9945 -0.0000 0.1045
vn 0.9945 -0.0000 -0.1045
vn 0.9511 -0.0000 -0.3090
vn 0.9779 -0.0000 -0.2091
vn -0.9511 -0.0000 -0.3090
vn -0.9779 -0.0000 -0.2090
vn -0.9902 -0.0000 -0.1398
vn 1.0000 -0.0000 -0.0054
vn -0.9945 -0.0000 -0.1045
vn -0.7182 -0.0000 0.6958
vn -0.7640 -0.0000 0.6452
vn -0.9945 -0.0000 0.1045
vn -0.5878 -0.0000 0.8090
vn -0.9511 -0.0000 0.3090
vn -0.4067 -0.0000 0.9135
vn -0.8660 -0.0000 0.5000
vn -0.2079 -0.0000 0.9781
vn -0.7431 -0.0000 0.6691
vn 0.7541 -0.0000 0.6568
vn 0.1518 -0.0000 0.9884
vn 0.8280 -0.0000 0.5608
vn -0.2529 -0.0000 0.9675
vn 0.1988 -0.0000 0.9800
vn -0.0000 1.0000 -0.0000
vn 0.8737 -0.0000 0.4865
vn 0.7824 -0.0000 0.6228
vn -0.0664 -0.0086 0.9978
vn -0.0311 -0.0172 0.9994
vn 0.4970 -0.0000 0.8677
vn 0.3050 -0.0000 0.9523
vn -0.0025 -0.0000 1.0000
vn 0.5883 -0.0000 0.8087
vn -0.5870 -0.0000 0.8096
vn -0.9983 -0.0000 0.0575
vn -0.7605 -0.0000 0.6494
vn -0.9767 -0.0000 -0.2145
vn -0.8399 -0.0000 0.5428
vn -0.8600 -0.0000 -0.5103
vn -0.7432 -0.0000 -0.6691
vn 0.6669 -0.0000 -0.7452
vn 0.8037 -0.0000 -0.5950
vn 0.9612 -0.0000 -0.2758
vn 0.9991 -0.0000 0.0422
vn 0.0015 -0.0000 1.0000
vn 0.8418 -0.0278 0.5391
vn 0.7692 -0.0226 0.6386
vn 0.7622 -0.0221 0.6470
vn -0.1256 0.0067 0.9921
vn -0.1483 0.0133 0.9889
vn 0.3040 -0.0000 0.9527
vn 0.2040 -0.0000 0.9790
vn -0.0014 -0.0000 1.0000
vn 0.5921 -0.0083 0.8058
vn -0.5873 -0.0000 0.8093
vn -0.9987 -0.0000 0.0517
vn -0.7364 -0.0000 0.6765
vn -0.9740 -0.0000 -0.2264
vn -0.7978 -0.0000 0.6029
vn -0.9154 -0.0000 -0.4024
vn -0.8881 -0.0000 -0.4596
vn 0.7831 -0.0000 -0.6219
vn 0.8755 -0.0000 -0.4832
vn 0.9750 -0.0000 -0.2223
vn 0.9988 -0.0000 0.0493
vn 0.0008 -0.0000 1.0000
vn 1.0000 -0.0000 -0.0024
vn 1.0000 -0.0000 -0.0084
vn -1.0000 -0.0000 -0.0022
vn -0.9902 -0.0000 -0.1397
vn 0.4326 0.3714 0.8215
vn 0.7588 0.6513 -0.0000
vn 0.4326 0.3713 -0.8216
vn -0.4326 -0.3713 -0.8216
vn -0.7588 -0.6513 -0.0000
vn -0.4326 -0.3714 0.8215
vn -0.6353 -0.0021 -0.7723
vn -1.0000 -0.0034 -0.0000
vn -0.6353 -0.0021 0.7723
vn 0.6353 0.0021 0.7723
vn 1.0000 0.0034 -0.0000
vn 0.6353 0.0021 -0.7723
vn -0.6353 -0.0024 -0.7723
vn -1.0000 -0.0037 -0.0000
vn -0.6353 -0.0024 0.7722
vn 0.6354 0.0024 0.7722
vn 1.0000 0.0037 -0.0000
vn 0.6353 0.0024 -0.7723
vn -0.6353 0.7722 -0.0022
vn -1.0000 -0.0000 -0.0035
vn -0.6353 -0.7722 -0.0022
vn 0.6353 -0.7722 0.0022
vn 1.0000 -0.0000 0.0035
vn 0.6353 0.7722 0.0022
vn -0.6353 0.7722 -0.0023
vn -1.0000 -0.0000 -0.0037
vn -0.6353 -0.7722 -0.0023
vn 0.6353 -0.7722 0.0023
vn 1.0000 -0.0000 0.0037
vn 0.6353 0.7722 0.0023
vn -0.4326 0.8216 -0.3713
vn -0.7588 -0.0000 -0.6513
vn -0.4326 -0.8215 -0.3714
vn 0.4326 -0.8215 0.3714
vn 0.7588 -0.0000 0.6513
vn 0.4326 0.8216 0.3714
vn -0.4326 0.8216 -0.3714
vn 0.4326 -0.8216 0.3713
vn 0.4326 0.8216 0.3713
vn 0.4326 0.3714 0.8216
vn 0.4325 0.3713 -0.8216
vn -0.6354 -0.0024 0.7722
vn 0.6354 0.0023 0.7722
vn 0.6353 0.0023 -0.7723
vn 0.6354 0.7722 0.0023
vn -0.4326 -0.8216 -0.3713
vn -0.4326 -0.3714 -0.8216
vn -0.4325 -0.3713 0.8216
vn 0.4326 0.3713 0.8216
vn 0.4326 0.3714 -0.8215
vn 0.6353 0.0024 0.7722
vn -0.6354 0.7722 -0.0023
vn -0.4326 -0.8216 -0.3714
vn -0.4326 -0.3714 -0.8215
vn -0.6353 -0.0021 -0.7722
vn -0.6353 -0.0021 0.7722
vn -0.6353 -0.0023 -0.7723
vn -0.6353 -0.0023 0.7722
vn -0.6353 0.7723 -0.0023
vn 0.4326 -0.8216 0.3714
vn -0.4326 -0.3713 0.8216
vn 0.6353 0.7723 0.0023
vn 0.4326 0.8215 0.3714
vn 0.4325 0.3713 0.8216
vn 0.4326 0.3714 -0.8216
vn 0.7588 -0.0000 0.6514
vn 0.6353 0.0021 0.7722
vn 0.6353 0.0021 -0.7722
vn -0.6354 -0.0023 0.7722
vn -0.6353 0.7723 -0.0022
vn -0.6353 -0.7723 -0.0022
vn -0.7588 -0.0000 -0.6514
vn 0.6353 -0.7723 0.0022
vn 0.6353 0.7723 0.0022
vn -0.6353 -0.7723 -0.0023
vn 0.6353 -0.7723 0.0023
vn 0.6354 -0.7722 0.0022
vn 0.6354 0.7722 0.0022
vn -0.0000 0.8088 0.5881
vn -0.0000 -0.5881 0.8088
vn -0.0000 -0.8528 -0.5222
vn -0.0000 0.2338 0.9723
vn -0.0000 -0.5222 0.8528
vn -0.0000 -0.8088 -0.5881
vn -0.0000 0.8529 0.5221
vn -0.0000 -0.5880 0.8088
vn -0.0000 0.5881 -0.8088
vn -0.0000 0.9877 -0.1561
vn -0.0000 -0.1560 -0.9878
vn -0.0000 -0.9878 0.1560
vn -0.0000 0.5221 -0.8529
vn -0.0000 0.9723 -0.2338
vn -0.0000 -0.2338 -0.9723
vn -0.0000 -0.9723 0.2339
vn -0.0000 0.9878 -0.1560
vn -0.0000 0.5222 -0.8528
vn -0.0000 -0.9723 0.2338
vn -0.0000 0.1561 0.9877
vn -0.4999 -0.0042 -0.8661
vn -1.0000 -0.0084 -0.0000
vn -0.4999 -0.0042 0.8660
vn 0.5000 0.0042 0.8660
vn 1.0000 0.0084 -0.0000
vn 0.5000 0.0042 -0.8660
vn -0.5000 -0.0046 -0.8660
vn -1.0000 -0.0092 -0.0000
vn -0.5000 -0.0046 0.8660
vn 0.5000 0.0046 0.8660
vn 1.0000 0.0092 -0.0000
vn 0.4999 0.0046 -0.8661
vn -0.3139 0.9495 -0.0016
vn -1.0000 -0.0000 -0.0050
vn -0.3139 -0.9495 -0.0016
vn 0.3139 -0.9494 0.0016
vn 1.0000 -0.0000 0.0050
vn 0.3139 0.9494 0.0016
vn -0.3139 0.9494 -0.0016
vn -1.0000 -0.0000 -0.0052
vn -0.3139 -0.9494 -0.0016
vn 1.0000 -0.0000 0.0052
vn 0.5881 -0.0000 0.8088
vn -0.8088 -0.0000 0.5880
vn -0.8088 -0.0000 0.5881
vn -0.5881 -0.0000 -0.8088
vn -0.9878 -0.0000 -0.1560
vn 0.8088 -0.0000 -0.5881
vn 0.1560 -0.0000 -0.9878
vn 0.9877 -0.0000 0.1560
vn 0.3548 -0.5070 -0.7855
vn 0.5733 -0.8193 -0.0000
vn 0.3549 -0.5071 0.7854
vn -0.3549 0.5071 0.7854
vn -0.5734 0.8193 -0.0000
vn -0.3548 0.5070 -0.7855
vn 0.0019 -0.7100 -0.7042
vn 0.0027 -1.0000 -0.0000
vn 0.0019 -0.7099 0.7043
vn -0.0019 0.7099 0.7043
vn -0.0027 1.0000 -0.0000
vn -0.0019 0.7100 -0.7042
vn 0.0020 -0.7100 -0.7042
vn 0.0028 -1.0000 -0.0000
vn 0.0020 -0.7099 0.7043
vn -0.0020 0.7099 0.7043
vn -0.0028 1.0000 -0.0000
vn -0.0020 0.7100 -0.7042
vn -0.7043 -0.7099 -0.0020
vn -0.0000 -1.0000 -0.0028
vn 0.7042 -0.7100 -0.0020
vn 0.7042 0.7100 0.0020
vn -0.0000 1.0000 0.0028
vn -0.7043 0.7099 0.0020
vn -0.7043 -0.7099 -0.0019
vn -0.0000 -1.0000 -0.0027
vn 0.7043 -0.7099 -0.0019
vn 0.7042 0.7100 0.0019
vn -0.0000 1.0000 0.0027
vn -0.7043 0.7099 0.0019
vn -0.5733 0.8193 -0.0000
vn -0.7855 -0.5068 -0.3551
vn -0.0000 -0.8190 -0.5738
vn 0.7856 -0.5068 -0.3550
vn 0.7855 0.5068 0.3550
vn -0.0000 0.8190 0.5738
vn -0.7855 0.5069 0.3551
vn -0.7856 -0.5068 -0.3550
vn 0.7855 -0.5068 -0.3551
vn 0.7855 0.5068 0.3551
vn -0.7855 0.5068 0.3551
vn -0.2338 -0.0000 -0.9723
vn -0.1561 -0.0000 0.9877
vn -0.8528 -0.0000 -0.5222
vn 0.5222 -0.0000 -0.8528
vn 0.8528 -0.0000 0.5222
vn -0.5222 -0.0000 0.8528
vn -0.9877 -0.0000 -0.1561
vn -0.9723 -0.0000 0.2338
vn 0.9723 -0.0000 -0.2338
vn 0.2338 -0.0000 0.9723
vn 0.1561 -0.0000 -0.9877
vn 0.9877 -0.0000 0.1561
vn 0.3601 -0.5008 -0.7871
vn 0.5833 -0.8123 -0.0000
vn 0.3596 -0.5015 0.7869
vn -0.3602 0.5008 0.7870
vn -0.5833 0.8123 -0.0000
vn -0.3595 0.5015 -0.7869
vn -0.0021 -0.7100 -0.7042
vn 0.0026 -1.0000 -0.0000
vn 0.0058 -0.7099 0.7043
vn 0.0021 0.7100 0.7042
vn -0.0026 1.0000 -0.0000
vn -0.0058 0.7099 -0.7042
vn -0.0000 -1.0000 -0.0026
vn 0.7042 -0.7100 -0.0019
vn 0.7042 0.7099 0.0019
vn -0.0000 1.0000 0.0026
vn 0.7043 0.7099 0.0019
vn 0.3602 -0.5008 -0.7871
vn 0.3595 -0.5015 0.7869
vn -0.3602 0.5008 0.7871
vn -0.3596 0.5016 -0.7869
vn 0.5734 -0.8193 -0.0000
vn -0.7856 0.5068 0.3550
vn 0.3602 -0.5008 -0.7870
vn -0.3596 0.5016 -0.7868
vn -0.7855 -0.5068 -0.3550
vn -0.7855 0.5068 0.3550
vn 0.0021 0.7099 0.7043
vn -0.0058 0.7099 -0.7043
vn 0.9723 -0.0000 -0.2339
vn 0.3549 -0.5071 0.7855
vn -0.7042 -0.7100 -0.0020
vn 0.7043 0.7099 0.0020
vn -0.7042 0.7100 0.0019
vn 0.0058 -0.7099 0.7042
vn 0.7043 -0.7099 -0.0020
vn -0.7042 0.7100 0.0020
vn -0.0021 -0.7099 -0.7043
vn -0.7042 -0.7099 -0.0020
vn -0.3549 0.5070 -0.7855
vn -0.3596 0.5015 -0.7869
vn 0.3596 -0.5016 0.7868
vn -0.0019 0.7100 0.7042
vn 0.0020 -0.7100 0.7042
vn -0.0020 0.7099 -0.7043
vn -0.7042 -0.7100 -0.0019
vn -0.7855 -0.5069 -0.3551
vn 0.7856 -0.5068 -0.3551
vn -1.0000 -0.0000 -0.0000
vn 1.0000 -0.0000 -0.0000
vn -0.0000 -1.0000 -0.0000
vn -0.0090 -0.9999 0.0065
vn 0.0520 -0.0000 -0.9986
vn 0.9996 -0.0113 -0.0249
vn -0.0001 -1.0000 -0.0088
vn -0.9986 -0.0000 -0.0520
vn -0.9995 -0.0310 0.0097
vn -0.9995 0.0307 0.0095
vn 0.0077 -0.0361 0.9993
vn 0.0095 0.0307 0.9995
vn 0.9995 0.0307 -0.0095
vn -0.0093 -0.0310 -0.9995
vn -0.0095 0.0307 -0.9995
vn 0.9986 -0.0000 0.0520
vn 0.0064 -0.9999 -0.0086
vn -0.0457 0.0027 0.9990
vn -0.0086 -1.0000 -0.0000
vn -0.1560 -0.0000 0.9878
vn -0.8965 0.0055 0.4429
vn 0.8974 0.0057 0.4412
vn 0.8974 0.0057 -0.4411
vn -0.8965 0.0055 -0.4430
vn -0.0000 0.9258 0.3781
vn -0.0000 -0.9258 0.3781
vn -0.0000 -0.9258 -0.3780
vn -0.0000 0.9258 -0.3781
vn 0.8965 0.0055 0.4429
vn -0.8974 0.0057 0.4412
vn -0.8974 0.0057 -0.4411
vn 0.8965 0.0055 -0.4430
vn -0.5000 -0.0011 -0.8660
vn -1.0000 -0.0022 -0.0000
vn -0.4997 -0.0011 0.8662
vn 0.4997 0.0011 0.8662
vn 1.0000 0.0022 -0.0000
vn 0.5000 0.0011 -0.8660
vn -0.4996 -0.0011 0.8662
vn 0.4999 0.0011 0.8661
vn 0.4997 0.0011 -0.8662
vn -0.4997 -0.0011 -0.8662
vn -0.5000 -0.0011 0.8660
vn -0.4999 -0.0011 -0.8661
vn 0.5001 0.0011 -0.8660
vt 0.375000 0.625000
vt 0.375000 0.375000
vt 0.625000 0.125000
vt 0.375000 0.875000
vt 0.875000 0.875000
s 1
usemtl Glow
f 109/2/35 237/2/35 369/2/35 340/2/35
f 110/2/35 239/2/35 368/2/35 339/2/35
f 90/2/35 203/2/35 383/2/35 354/2/35
f 340/2/35 369/2/35 367/2/35 338/2/35
f 349/2/35 378/2/35 377/2/35 348/2/35
f 339/2/35 368/2/35 366/2/35 337/2/35
f 102/2/35 223/2/35 376/2/35 104/2/35
f 354/2/35 383/2/35 382/2/35 92/2/35
f 338/2/35 367/2/35 365/2/35 336/2/35
f 337/2/35 366/2/35 364/2/35 116/2/35
f 348/2/35 377/2/35 375/2/35 346/2/35
f 92/2/35 382/2/35 380/2/35 93/2/35
f 336/2/35 365/2/35 362/2/35 333/2/35
f 104/2/35 376/2/35 374/2/35 106/2/35
f 116/2/35 364/2/35 255/2/35 118/2/35
f 89/2/35 201/2/35 203/2/35 90/2/35
f 98/2/35 217/2/35 378/2/35 349/2/35
f 108/2/35 235/2/35 239/2/35 110/2/35
f 88/2/35 199/2/35 201/2/35 89/2/35
f 107/2/35 233/2/35 237/2/35 109/2/35
f 87/2/35 197/2/35 199/2/35 88/2/35
f 86/2/35 195/2/35 197/2/35 87/2/35
f 106/2/35 374/2/35 235/2/35 108/2/35
f 85/2/35 193/2/35 195/2/35 86/2/35
f 346/2/35 375/2/35 233/2/35 107/2/35
f 333/2/35 362/2/35 257/2/35 119/2/35
f 84/2/35 192/2/35 193/2/35 85/2/35
f 93/2/35 380/2/35 211/2/35 95/2/35
f 171/2/35 222/2/35 218/2/35 169/2/35
f 173/2/35 226/2/35 222/2/35 171/2/35
f 175/2/35 230/2/35 226/2/35 173/2/35
f 177/2/35 234/2/35 230/2/35 175/2/35
f 179/2/35 238/2/35 234/2/35 177/2/35
f 181/2/35 242/2/35 238/2/35 179/2/35
f 183/2/35 246/2/35 242/2/35 181/2/35
f 185/2/35 250/2/35 246/2/35 183/2/35
f 187/2/35 254/2/35 250/2/35 185/2/35
f 189/2/35 258/2/35 254/2/35 187/2/35
f 174/2/35 228/2/35 224/2/35 172/2/35
f 176/2/35 232/2/35 228/2/35 174/2/35
f 178/2/35 236/2/35 232/2/35 176/2/35
f 180/2/35 240/2/35 236/2/35 178/2/35
f 182/2/35 244/2/35 240/2/35 180/2/35
f 184/2/35 248/2/35 244/2/35 182/2/35
f 186/2/35 252/2/35 248/2/35 184/2/35
f 188/2/35 256/2/35 252/2/35 186/2/35
f 157/2/35 194/2/35 191/2/35 122/2/35
f 158/2/35 196/2/35 194/2/35 157/2/35
f 159/2/35 198/2/35 196/2/35 158/2/35
f 160/2/35 200/2/35 198/2/35 159/2/35
f 161/2/35 202/2/35 200/2/35 160/2/35
f 162/2/35 204/2/35 202/2/35 161/2/35
f 163/2/35 206/2/35 204/2/35 162/2/35
f 164/2/35 208/2/35 206/2/35 163/2/35
f 165/2/35 210/2/35 208/2/35 164/2/35
f 166/2/35 212/2/35 210/2/35 165/2/35
usemtl Material.013
f 264/1/1 266/1/1 94/1/2 16/1/2
f 7/1/3 43/1/3 67/1/3 20/1/3
f 360/1/4 69/1/4 68/1/5 361/1/5
f 8/1/3 44/1/3 43/1/3 7/1/3
f 359/1/6 70/1/6 69/1/4 360/1/4
f 9/1/3 45/1/3 44/1/3 8/1/3
f 2/1/3 27/1/3 26/1/3 1/1/3
f 358/1/7 71/1/7 70/1/6 359/1/6
f 10/1/3 46/1/3 45/1/3 9/1/3
f 3/1/3 28/1/3 27/1/3 2/1/3
f 357/1/8 72/1/8 71/1/7 358/1/7
f 11/1/3 47/1/3 46/1/3 10/1/3
f 4/1/3 29/1/3 28/1/3 3/1/3
f 356/1/9 73/1/9 72/1/8 357/1/8
f 1/1/3 26/1/3 47/1/3 11/1/3
f 5/1/3 30/1/3 29/1/3 4/1/3
f 355/1/10 74/1/10 73/1/9 356/1/9
f 6/1/3 31/1/3 30/1/3 5/1/3
f 91/1/11 75/1/11 74/1/10 355/1/10
f 353/1/12 76/1/12 75/1/11 91/1/11
f 351/1/13 77/1/13 76/1/12 353/1/12
f 352/1/14 78/1/14 77/1/13 351/1/13
f 266/1/1 265/1/1 52/1/2 94/1/2
f 97/1/15 79/1/15 78/1/14 352/1/14
f 350/1/16 54/1/16 53/1/17 96/1/18
f 263/1/19 262/1/19 79/1/15 97/1/15
f 101/1/20 55/1/20 54/1/16 350/1/16
f 330/1/21 33/1/21 32/1/22 99/1/22
f 103/1/23 56/1/23 55/1/20 101/1/20
f 347/1/24 34/1/24 33/1/21 330/1/21
f 105/1/25 57/1/25 56/1/23 103/1/23
f 345/1/26 35/1/26 34/1/24 347/1/24
f 344/1/27 58/1/27 57/1/25 105/1/25
f 343/1/28 36/1/28 35/1/26 345/1/26
f 342/1/29 59/1/29 58/1/27 344/1/27
f 341/1/4 37/1/4 36/1/28 343/1/28
f 18/1/3 65/1/3 31/1/3 6/1/3
f 111/1/24 60/1/24 59/1/29 342/1/29
f 112/1/6 38/1/6 37/1/4 341/1/4
f 113/1/26 61/1/26 60/1/24 111/1/24
f 114/1/7 39/1/7 38/1/6 112/1/6
f 115/1/28 62/1/28 61/1/26 113/1/26
f 335/1/8 40/1/8 39/1/7 114/1/7
f 117/1/4 63/1/4 62/1/28 115/1/28
f 331/1/30 41/1/30 40/1/8 335/1/8
f 334/1/31 64/1/31 63/1/4 117/1/4
f 120/1/32 42/1/32 41/1/30 331/1/30
f 361/1/5 68/1/5 42/1/33 120/1/33
f 99/1/34 32/1/34 64/1/31 334/1/31
f 99/1/35 219/1/35 329/1/35 330/1/35
f 25/1/3 19/1/3 66/1/3 83/1/3
f 24/1/3 25/1/3 83/1/3 82/1/3
f 23/1/3 24/1/3 82/1/3 81/1/3
f 22/1/3 23/1/3 81/1/3 80/1/3 100/1/3
f 15/1/3 16/1/3 94/1/3 52/1/3 51/1/3
f 14/1/3 15/1/3 51/1/3 50/1/3
f 13/1/3 14/1/3 50/1/3 49/1/3
f 48/1/3 12/1/3 13/1/3 49/1/3
f 66/1/3 19/1/3 20/1/3 67/1/3
f 18/1/3 12/1/3 48/1/3 65/1/3
f 133/1/36 190/1/36 270/1/37 132/1/37
f 121/1/38 297/1/38 190/1/39 133/1/39
f 124/1/40 170/1/40 268/1/41 145/1/41
f 145/1/41 268/1/41 267/1/42 144/1/42
f 132/1/37 270/1/37 269/1/43 131/1/43
f 144/1/42 267/1/42 271/1/28 143/1/28
f 131/1/43 269/1/43 272/1/7 130/1/7
f 143/1/28 271/1/28 273/1/26 142/1/26
f 130/1/7 272/1/7 274/1/6 129/1/6
f 142/1/26 273/1/26 275/1/24 141/1/24
f 129/1/6 274/1/6 276/1/4 128/1/4
f 141/1/24 275/1/24 277/1/29 140/1/29
f 128/1/4 276/1/4 278/1/28 127/1/28
f 140/1/29 277/1/29 279/1/27 139/1/27
f 127/1/28 278/1/28 280/1/26 126/1/26
f 139/1/27 279/1/27 281/1/25 138/1/25
f 126/1/26 280/1/26 282/1/44 125/1/44
f 138/1/25 281/1/25 283/1/45 137/1/45
f 125/1/44 282/1/44 284/1/46 123/1/46
f 137/1/45 283/1/45 285/1/47 136/1/47
f 123/1/46 284/1/46 170/1/48 124/1/48
f 136/1/47 285/1/47 286/1/49 134/1/49
f 134/1/49 286/1/49 167/1/50 135/1/50
f 156/1/51 168/1/51 288/1/52 155/1/52
f 155/1/52 288/1/52 287/1/53 154/1/53
f 154/1/53 287/1/53 289/1/54 153/1/54
f 153/1/54 289/1/54 290/1/11 152/1/11
f 152/1/11 290/1/11 291/1/10 151/1/10
f 151/1/10 291/1/10 292/1/9 150/1/9
f 150/1/9 292/1/9 293/1/8 149/1/8
f 149/1/8 293/1/8 294/1/7 148/1/7
f 148/1/7 294/1/7 295/1/6 147/1/6
f 147/1/6 295/1/6 296/1/55 146/1/55
f 146/1/55 296/1/55 297/1/38 121/1/38
f 260/1/56 259/1/56 332/1/57 301/1/58
f 328/1/59 390/1/59 259/1/60 260/1/60
f 220/1/61 219/1/61 363/1/62 299/1/62
f 299/1/62 363/1/62 253/1/63 298/1/63
f 301/1/58 332/1/57 251/1/64 300/1/64
f 298/1/63 253/1/63 249/1/28 302/1/28
f 300/1/64 251/1/64 247/1/7 303/1/7
f 302/1/28 249/1/28 245/1/26 304/1/26
f 303/1/7 247/1/7 243/1/6 305/1/6
f 304/1/26 245/1/26 241/1/24 306/1/24
f 305/1/6 243/1/6 370/1/4 307/1/4
f 306/1/24 241/1/24 371/1/29 308/1/29
f 307/1/4 370/1/4 372/1/28 309/1/28
f 308/1/29 371/1/29 373/1/27 310/1/27
f 309/1/28 372/1/28 231/1/26 311/1/26
f 310/1/27 373/1/27 229/1/25 312/1/25
f 311/1/26 231/1/26 227/1/65 313/1/65
f 312/1/25 229/1/25 225/1/66 314/1/66
f 313/1/65 227/1/65 329/1/67 315/1/67
f 314/1/66 225/1/66 221/1/68 316/1/68
f 315/1/67 329/1/67 219/1/69 220/1/69
f 316/1/68 221/1/68 379/1/70 317/1/70
f 317/1/70 379/1/70 213/1/71 214/1/71
f 216/1/72 215/1/72 381/1/73 319/1/73
f 319/1/73 381/1/73 209/1/74 318/1/74
f 318/1/74 209/1/74 207/1/75 320/1/75
f 320/1/75 207/1/75 205/1/11 321/1/11
f 321/1/11 205/1/11 384/1/10 322/1/10
f 322/1/10 384/1/10 385/1/9 323/1/9
f 323/1/9 385/1/9 386/1/8 324/1/8
f 324/1/8 386/1/8 387/1/7 325/1/7
f 325/1/7 387/1/7 388/1/6 326/1/6
f 326/1/6 388/1/6 389/1/76 327/1/76
f 327/1/76 389/1/76 390/1/59 328/1/59
f 334/1/35 363/1/35 219/1/35 99/1/35
f 96/1/35 213/1/35 379/1/35 350/1/35
f 120/1/35 259/1/35 390/1/35 361/1/35
f 352/1/35 381/1/35 215/1/35 97/1/35
f 331/1/35 332/1/35 259/1/35 120/1/35
f 286/1/35 317/1/35 214/1/35 167/1/35
f 170/1/35 220/1/35 299/1/35 268/1/35
f 284/1/35 315/1/35 220/1/35 170/1/35
f 190/1/35 260/1/35 301/1/35 270/1/35
f 297/1/35 328/1/35 260/1/35 190/1/35
f 168/1/35 216/1/35 319/1/35 288/1/35
f 261/1/19 263/1/19 97/1/77 21/1/77
f 27/1/35 28/1/35 29/1/35 30/1/35 31/1/35 65/1/35 48/1/35 49/1/35 50/1/35 51/1/35 52/1/35 265/1/35 53/1/35 54/1/35 55/1/35 56/1/35 57/1/35 58/1/35 59/1/35 60/1/35 61/1/35 62/1/35 63/1/35 64/1/35 32/1/35 33/1/35 34/1/35 35/1/35 36/1/35 37/1/35 38/1/35 39/1/35 40/1/35 41/1/35 42/1/35 68/1/35 69/1/35 70/1/35 71/1/35 72/1/35 73/1/35 74/1/35 75/1/35 76/1/35 77/1/35 78/1/35 79/1/35 262/1/35 80/1/35 81/1/35 82/1/35 83/1/35 66/1/35 67/1/35 43/1/35 44/1/35 45/1/35 46/1/35 47/1/35 26/1/35
f 22/1/78 100/1/78 263/1/19 261/1/19
f 100/1/78 80/1/78 262/1/19 263/1/19
f 96/1/18 53/1/17 265/1/1 266/1/1
f 17/1/79 96/1/80 266/1/1 264/1/1
f 187/1/35 267/1/35 268/1/35 189/1/35
f 186/1/35 269/1/35 270/1/35 188/1/35
f 185/1/35 271/1/35 267/1/35 187/1/35
f 184/1/35 272/1/35 269/1/35 186/1/35
f 183/1/35 273/1/35 271/1/35 185/1/35
f 182/1/35 274/1/35 272/1/35 184/1/35
f 181/1/35 275/1/35 273/1/35 183/1/35
f 180/1/35 276/1/35 274/1/35 182/1/35
f 179/1/35 277/1/35 275/1/35 181/1/35
f 178/1/35 278/1/35 276/1/35 180/1/35
f 177/1/35 279/1/35 277/1/35 179/1/35
f 176/1/35 280/1/35 278/1/35 178/1/35
f 175/1/35 281/1/35 279/1/35 177/1/35
f 174/1/35 282/1/35 280/1/35 176/1/35
f 173/1/35 283/1/35 281/1/35 175/1/35
f 172/1/35 284/1/35 282/1/35 174/1/35
f 171/1/35 285/1/35 283/1/35 173/1/35
f 169/1/35 286/1/35 285/1/35 171/1/35
f 165/1/35 287/1/35 288/1/35 166/1/35
f 164/1/35 289/1/35 287/1/35 165/1/35
f 163/1/35 290/1/35 289/1/35 164/1/35
f 162/1/35 291/1/35 290/1/35 163/1/35
f 161/1/35 292/1/35 291/1/35 162/1/35
f 160/1/35 293/1/35 292/1/35 161/1/35
f 159/1/35 294/1/35 293/1/35 160/1/35
f 158/1/35 295/1/35 294/1/35 159/1/35
f 157/1/35 296/1/35 295/1/35 158/1/35
f 122/1/35 297/1/35 296/1/35 157/1/35
f 258/1/35 299/1/35 298/1/35 254/1/35
f 256/1/35 301/1/35 300/1/35 252/1/35
f 254/1/35 298/1/35 302/1/35 250/1/35
f 252/1/35 300/1/35 303/1/35 248/1/35
f 250/1/35 302/1/35 304/1/35 246/1/35
f 248/1/35 303/1/35 305/1/35 244/1/35
f 246/1/35 304/1/35 306/1/35 242/1/35
f 244/1/35 305/1/35 307/1/35 240/1/35
f 242/1/35 306/1/35 308/1/35 238/1/35
f 240/1/35 307/1/35 309/1/35 236/1/35
f 238/1/35 308/1/35 310/1/35 234/1/35
f 236/1/35 309/1/35 311/1/35 232/1/35
f 234/1/35 310/1/35 312/1/35 230/1/35
f 232/1/35 311/1/35 313/1/35 228/1/35
f 230/1/35 312/1/35 314/1/35 226/1/35
f 228/1/35 313/1/35 315/1/35 224/1/35
f 226/1/35 314/1/35 316/1/35 222/1/35
f 222/1/35 316/1/35 317/1/35 218/1/35
f 212/1/35 319/1/35 318/1/35 210/1/35
f 210/1/35 318/1/35 320/1/35 208/1/35
f 208/1/35 320/1/35 321/1/35 206/1/35
f 206/1/35 321/1/35 322/1/35 204/1/35
f 204/1/35 322/1/35 323/1/35 202/1/35
f 202/1/35 323/1/35 324/1/35 200/1/35
f 200/1/35 324/1/35 325/1/35 198/1/35
f 198/1/35 325/1/35 326/1/35 196/1/35
f 196/1/35 326/1/35 327/1/35 194/1/35
f 194/1/35 327/1/35 328/1/35 191/1/35
f 218/1/35 317/1/35 286/1/35 169/1/35
f 189/1/35 268/1/35 299/1/35 258/1/35
f 224/1/35 315/1/35 284/1/35 172/1/35
f 188/1/35 270/1/35 301/1/35 256/1/35
f 191/1/35 328/1/35 297/1/35 122/1/35
f 166/1/35 288/1/35 319/1/35 212/1/35
f 102/1/35 330/1/35 329/1/35 223/1/35
f 255/1/35 332/1/35 331/1/35 118/1/35
f 119/1/35 334/1/35 117/1/35 333/1/35
f 118/1/35 331/1/35 335/1/35 116/1/35
f 333/1/35 117/1/35 115/1/35 336/1/35
f 116/1/35 335/1/35 114/1/35 337/1/35
f 336/1/35 115/1/35 113/1/35 338/1/35
f 337/1/35 114/1/35 112/1/35 339/1/35
f 338/1/35 113/1/35 111/1/35 340/1/35
f 339/1/35 112/1/35 341/1/35 110/1/35
f 340/1/35 111/1/35 342/1/35 109/1/35
f 110/1/35 341/1/35 343/1/35 108/1/35
f 109/1/35 342/1/35 344/1/35 107/1/35
f 108/1/35 343/1/35 345/1/35 106/1/35
f 107/1/35 344/1/35 105/1/35 346/1/35
f 106/1/35 345/1/35 347/1/35 104/1/35
f 346/1/35 105/1/35 103/1/35 348/1/35
f 104/1/35 347/1/35 330/1/35 102/1/35
f 348/1/35 103/1/35 101/1/35 349/1/35
f 349/1/35 101/1/35 350/1/35 98/1/35
f 95/1/35 352/1/35 351/1/35 93/1/35
f 93/1/35 351/1/35 353/1/35 92/1/35
f 92/1/35 353/1/35 91/1/35 354/1/35
f 354/1/35 91/1/35 355/1/35 90/1/35
f 90/1/35 355/1/35 356/1/35 89/1/35
f 89/1/35 356/1/35 357/1/35 88/1/35
f 88/1/35 357/1/35 358/1/35 87/1/35
f 87/1/35 358/1/35 359/1/35 86/1/35
f 86/1/35 359/1/35 360/1/35 85/1/35
f 85/1/35 360/1/35 361/1/35 84/1/35
f 362/1/35 253/1/35 363/1/35 257/1/35
f 364/1/35 251/1/35 332/1/35 255/1/35
f 365/1/35 249/1/35 253/1/35 362/1/35
f 366/1/35 247/1/35 251/1/35 364/1/35
f 367/1/35 245/1/35 249/1/35 365/1/35
f 368/1/35 243/1/35 247/1/35 366/1/35
f 369/1/35 241/1/35 245/1/35 367/1/35
f 239/1/35 370/1/35 243/1/35 368/1/35
f 237/1/35 371/1/35 241/1/35 369/1/35
f 235/1/35 372/1/35 370/1/35 239/1/35
f 233/1/35 373/1/35 371/1/35 237/1/35
f 374/1/35 231/1/35 372/1/35 235/1/35
f 375/1/35 229/1/35 373/1/35 233/1/35
f 376/1/35 227/1/35 231/1/35 374/1/35
f 377/1/35 225/1/35 229/1/35 375/1/35
f 223/1/35 329/1/35 227/1/35 376/1/35
f 378/1/35 221/1/35 225/1/35 377/1/35
f 217/1/35 379/1/35 221/1/35 378/1/35
f 380/1/35 209/1/35 381/1/35 211/1/35
f 382/1/35 207/1/35 209/1/35 380/1/35
f 383/1/35 205/1/35 207/1/35 382/1/35
f 203/1/35 384/1/35 205/1/35 383/1/35
f 201/1/35 385/1/35 384/1/35 203/1/35
f 199/1/35 386/1/35 385/1/35 201/1/35
f 197/1/35 387/1/35 386/1/35 199/1/35
f 195/1/35 388/1/35 387/1/35 197/1/35
f 193/1/35 389/1/35 388/1/35 195/1/35
f 192/1/35 390/1/35 389/1/35 193/1/35
f 98/1/35 350/1/35 379/1/35 217/1/35
f 257/1/35 363/1/35 334/1/35 119/1/35
f 84/1/35 361/1/35 390/1/35 192/1/35
f 211/1/35 381/1/35 352/1/35 95/1/35
usemtl BlackStruss
f 5488/4/310 5489/4/310 5490/4/310 5487/4/310
f 5487/4/3 5490/4/3 5492/4/3 5491/4/3
f 5491/4/311 5492/4/311 5494/4/311 5493/4/311
f 5493/4/4 5494/4/4 5489/4/4 5488/4/4
f 5481/4/312 5479/4/312 5488/4/312 5487/4/312
f 5480/4/35 5482/4/35 5490/4/35 5489/4/35
f 5485/4/312 5481/4/312 5487/4/312 5491/4/312
f 5482/4/35 5486/4/35 5492/4/35 5490/4/35
f 5483/4/312 5485/4/312 5491/4/312 5493/4/312
f 5486/4/35 5484/4/35 5494/4/35 5492/4/35
f 5479/4/312 5483/4/312 5493/4/312 5488/4/312
f 5484/4/35 5480/4/35 5489/4/35 5494/4/35
f 5483/4/310 5484/4/310 5486/4/310 5485/4/310
f 5485/4/4 5486/4/4 5482/4/4 5481/4/4
f 5481/4/311 5482/4/311 5480/4/311 5479/4/311
f 5479/4/3 5480/4/3 5484/4/3 5483/4/3
f 5520/4/4 5528/4/4 5529/4/4 5519/4/4
f 5521/4/313 5527/4/313 5528/4/313 5520/4/313
f 5521/4/314 5522/4/314 5534/4/314 5527/4/314
f 5519/4/35 5529/4/35 5534/4/35 5522/4/35
f 5497/4/312 5495/4/312 5504/4/312 5503/4/312
f 5496/4/35 5498/4/35 5506/4/35 5505/4/35
f 5501/4/312 5497/4/312 5503/4/312 5507/4/312
f 5498/4/35 5502/4/35 5508/4/35 5506/4/35
f 5499/4/312 5501/4/312 5507/4/312 5509/4/312
f 5502/4/35 5500/4/35 5510/4/35 5508/4/35
f 5495/4/312 5499/4/312 5509/4/312 5504/4/312
f 5500/4/35 5496/4/35 5505/4/35 5510/4/35
f 5516/4/315 5530/4/315 5531/4/315 5515/4/315
f 5517/4/316 5528/4/316 5530/4/316 5516/4/316
f 5517/4/317 5518/4/317 5529/4/317 5528/4/317
f 5515/4/35 5531/4/35 5529/4/35 5518/4/35
f 5504/4/310 5505/4/310 5512/4/310 5511/4/310
f 5505/4/310 5506/4/310 5513/4/310 5512/4/310
f 5506/4/310 5503/4/310 5514/4/310 5513/4/310
f 5503/4/310 5504/4/310 5511/4/310 5514/4/310
f 5503/4/3 5506/4/3 5516/4/3 5515/4/3
f 5506/4/3 5508/4/3 5517/4/3 5516/4/3
f 5508/4/3 5507/4/3 5518/4/3 5517/4/3
f 5507/4/3 5503/4/3 5515/4/3 5518/4/3
f 5507/4/311 5508/4/311 5520/4/311 5519/4/311
f 5508/4/311 5510/4/311 5521/4/311 5520/4/311
f 5510/4/311 5509/4/311 5522/4/311 5521/4/311
f 5509/4/311 5507/4/311 5519/4/311 5522/4/311
f 5509/4/4 5510/4/4 5524/4/4 5523/4/4
f 5510/4/4 5505/4/4 5525/4/4 5524/4/4
f 5505/4/4 5504/4/4 5526/4/4 5525/4/4
f 5504/4/4 5509/4/4 5523/4/4 5526/4/4
f 5500/4/318 5502/4/318 5528/4/318 5527/4/318
f 5501/4/319 5499/4/319 5534/4/319 5529/4/319
f 5502/4/320 5498/4/320 5530/4/320 5528/4/320
f 5497/4/321 5501/4/321 5529/4/321 5531/4/321
f 5498/4/311 5496/4/311 5533/4/311 5530/4/311
f 5495/4/322 5497/4/322 5531/4/322 5532/4/322
f 5496/4/323 5500/4/323 5527/4/323 5533/4/323
f 5499/4/324 5495/4/324 5532/4/324 5534/4/324
f 5523/4/35 5534/4/35 5532/4/35 5526/4/35
f 5525/4/325 5526/4/325 5532/4/325 5533/4/325
f 5525/4/326 5533/4/326 5527/4/326 5524/4/326
f 5524/4/310 5527/4/310 5534/4/310 5523/4/310
f 5511/4/35 5532/4/35 5531/4/35 5514/4/35
f 5513/4/327 5514/4/327 5531/4/327 5530/4/327
f 5513/4/328 5530/4/328 5533/4/328 5512/4/328
f 5512/4/3 5533/4/3 5532/4/3 5511/4/3
f 5544/4/310 5545/4/310 5546/4/310 5543/4/310
f 5543/4/3 5546/4/3 5548/4/3 5547/4/3
f 5547/4/311 5548/4/311 5550/4/311 5549/4/311
f 5549/4/4 5550/4/4 5545/4/4 5544/4/4
f 5537/4/312 5535/4/312 5544/4/312 5543/4/312
f 5536/4/35 5538/4/35 5546/4/35 5545/4/35
f 5541/4/312 5537/4/312 5543/4/312 5547/4/312
f 5538/4/35 5542/4/35 5548/4/35 5546/4/35
f 5539/4/312 5541/4/312 5547/4/312 5549/4/312
f 5542/4/35 5540/4/35 5550/4/35 5548/4/35
f 5535/4/312 5539/4/312 5549/4/312 5544/4/312
f 5540/4/35 5536/4/35 5545/4/35 5550/4/35
f 5539/4/310 5540/4/310 5542/4/310 5541/4/310
f 5541/4/4 5542/4/4 5538/4/4 5537/4/4
f 5537/4/311 5538/4/311 5536/4/311 5535/4/311
f 5535/4/3 5536/4/3 5540/4/3 5539/4/3
f 5576/4/4 5584/4/4 5585/4/4 5575/4/4
f 5577/4/313 5583/4/313 5584/4/313 5576/4/313
f 5577/4/314 5578/4/314 5590/4/314 5583/4/314
f 5575/4/35 5585/4/35 5590/4/35 5578/4/35
f 5553/4/312 5551/4/312 5560/4/312 5559/4/312
f 5552/4/35 5554/4/35 5562/4/35 5561/4/35
f 5557/4/312 5553/4/312 5559/4/312 5563/4/312
f 5554/4/35 5558/4/35 5564/4/35 5562/4/35
f 5555/4/312 5557/4/312 5563/4/312 5565/4/312
f 5558/4/35 5556/4/35 5566/4/35 5564/4/35
f 5551/4/312 5555/4/312 5565/4/312 5560/4/312
f 5556/4/35 5552/4/35 5561/4/35 5566/4/35
f 5572/4/315 5586/4/315 5587/4/315 5571/4/315
f 5573/4/316 5584/4/316 5586/4/316 5572/4/316
f 5573/4/317 5574/4/317 5585/4/317 5584/4/317
f 5571/4/35 5587/4/35 5585/4/35 5574/4/35
f 5560/4/310 5561/4/310 5568/4/310 5567/4/310
f 5561/4/310 5562/4/310 5569/4/310 5568/4/310
f 5562/4/310 5559/4/310 5570/4/310 5569/4/310
f 5559/4/310 5560/4/310 5567/4/310 5570/4/310
f 5559/4/3 5562/4/3 5572/4/3 5571/4/3
f 5562/4/3 5564/4/3 5573/4/3 5572/4/3
f 5564/4/3 5563/4/3 5574/4/3 5573/4/3
f 5563/4/3 5559/4/3 5571/4/3 5574/4/3
f 5563/4/311 5564/4/311 5576/4/311 5575/4/311
f 5564/4/311 5566/4/311 5577/4/311 5576/4/311
f 5566/4/311 5565/4/311 5578/4/311 5577/4/311
f 5565/4/311 5563/4/311 5575/4/311 5578/4/311
f 5565/4/4 5566/4/4 5580/4/4 5579/4/4
f 5566/4/4 5561/4/4 5581/4/4 5580/4/4
f 5561/4/4 5560/4/4 5582/4/4 5581/4/4
f 5560/4/4 5565/4/4 5579/4/4 5582/4/4
f 5556/4/318 5558/4/318 5584/4/318 5583/4/318
f 5557/4/319 5555/4/319 5590/4/319 5585/4/319
f 5558/4/320 5554/4/320 5586/4/320 5584/4/320
f 5553/4/321 5557/4/321 5585/4/321 5587/4/321
f 5554/4/311 5552/4/311 5589/4/311 5586/4/311
f 5551/4/322 5553/4/322 5587/4/322 5588/4/322
f 5552/4/323 5556/4/323 5583/4/323 5589/4/323
f 5555/4/324 5551/4/324 5588/4/324 5590/4/324
f 5579/4/35 5590/4/35 5588/4/35 5582/4/35
f 5581/4/325 5582/4/325 5588/4/325 5589/4/325
f 5581/4/326 5589/4/326 5583/4/326 5580/4/326
f 5580/4/310 5583/4/310 5590/4/310 5579/4/310
f 5567/4/35 5588/4/35 5587/4/35 5570/4/35
f 5569/4/327 5570/4/327 5587/4/327 5586/4/327
f 5569/4/328 5586/4/328 5589/4/328 5568/4/328
f 5568/4/3 5589/4/3 5588/4/3 5567/4/3
f 5591/4/310 5592/4/310 5594/4/310 5593/4/310
f 5593/4/3 5594/4/3 5598/4/3 5597/4/3
f 5597/4/311 5598/4/311 5596/4/311 5595/4/311
f 5595/4/4 5596/4/4 5592/4/4 5591/4/4
f 5593/4/312 5597/4/312 5595/4/312 5591/4/312
f 5598/4/35 5594/4/35 5592/4/35 5596/4/35
f 5599/4/310 5600/4/310 5602/4/310 5601/4/310
f 5601/4/3 5602/4/3 5606/4/3 5605/4/3
f 5605/4/311 5606/4/311 5604/4/311 5603/4/311
f 5603/4/4 5604/4/4 5600/4/4 5599/4/4
f 5601/4/312 5605/4/312 5603/4/312 5599/4/312
f 5606/4/35 5602/4/35 5600/4/35 5604/4/35
f 5607/4/310 5608/4/310 5610/4/310 5609/4/310
f 5609/4/3 5610/4/3 5614/4/3 5613/4/3
f 5613/4/311 5614/4/311 5612/4/311 5611/4/311
f 5611/4/4 5612/4/4 5608/4/4 5607/4/4
f 5609/4/312 5613/4/312 5611/4/312 5607/4/312
f 5614/4/35 5610/4/35 5608/4/35 5612/4/35
usemtl Metal
f 391/3/81 393/3/81 394/3/81 392/3/81
f 393/3/82 395/3/82 396/3/82 394/3/82
f 395/3/83 397/3/83 398/3/83 396/3/83
f 397/3/84 399/3/84 400/3/84 398/3/84
f 399/3/85 401/3/85 402/3/85 400/3/85
f 401/3/86 391/3/86 392/3/86 402/3/86
f 403/3/87 404/3/87 406/3/87 405/3/87
f 405/3/88 406/3/88 408/3/88 407/3/88
f 407/3/89 408/3/89 410/3/89 409/3/89
f 409/3/90 410/3/90 412/3/90 411/3/90
f 411/3/91 412/3/91 414/3/91 413/3/91
f 413/3/92 414/3/92 404/3/92 403/3/92
f 415/3/93 416/3/93 418/3/93 417/3/93
f 417/3/94 418/3/94 420/3/94 419/3/94
f 419/3/95 420/3/95 422/3/95 421/3/95
f 421/3/96 422/3/96 424/3/96 423/3/96
f 423/3/97 424/3/97 426/3/97 425/3/97
f 425/3/98 426/3/98 416/3/98 415/3/98
f 427/3/99 428/3/99 430/3/99 429/3/99
f 429/3/100 430/3/100 432/3/100 431/3/100
f 431/3/101 432/3/101 434/3/101 433/3/101
f 433/3/102 434/3/102 436/3/102 435/3/102
f 435/3/103 436/3/103 438/3/103 437/3/103
f 437/3/104 438/3/104 428/3/104 427/3/104
f 439/3/105 440/3/105 442/3/105 441/3/105
f 441/3/106 442/3/106 444/3/106 443/3/106
f 443/3/107 444/3/107 446/3/107 445/3/107
f 445/3/108 446/3/108 448/3/108 447/3/108
f 447/3/109 448/3/109 450/3/109 449/3/109
f 449/3/110 450/3/110 440/3/110 439/3/110
f 451/3/81 453/3/81 454/3/81 452/3/81
f 453/3/82 455/3/82 456/3/82 454/3/82
f 455/3/83 457/3/83 458/3/83 456/3/83
f 457/3/84 459/3/84 460/3/84 458/3/84
f 459/3/85 461/3/85 462/3/85 460/3/85
f 461/3/86 451/3/86 452/3/86 462/3/86
f 463/3/111 464/3/111 466/3/111 465/3/111
f 465/3/112 466/3/112 468/3/112 467/3/112
f 467/3/113 468/3/113 470/3/113 469/3/113
f 469/3/114 470/3/114 472/3/114 471/3/114
f 471/3/115 472/3/115 474/3/115 473/3/115
f 473/3/116 474/3/116 464/3/116 463/3/116
f 475/3/117 476/3/117 478/3/117 477/3/117
f 477/3/112 478/3/112 480/3/112 479/3/112
f 479/3/113 480/3/113 482/3/113 481/3/113
f 481/3/118 482/3/118 484/3/118 483/3/118
f 483/3/115 484/3/115 486/3/115 485/3/115
f 485/3/119 486/3/119 476/3/119 475/3/119
f 487/3/120 489/3/120 490/3/120 488/3/120
f 489/3/82 491/3/82 492/3/82 490/3/82
f 491/3/121 493/3/121 494/3/121 492/3/121
f 493/3/84 495/3/84 496/3/84 494/3/84
f 495/3/85 497/3/85 498/3/85 496/3/85
f 497/3/86 487/3/86 488/3/86 498/3/86
f 499/3/87 500/3/87 502/3/87 501/3/87
f 501/3/88 502/3/88 504/3/88 503/3/88
f 503/3/89 504/3/89 506/3/89 505/3/89
f 505/3/90 506/3/90 508/3/90 507/3/90
f 507/3/91 508/3/91 510/3/91 509/3/91
f 509/3/92 510/3/92 500/3/92 499/3/92
f 511/3/93 512/3/93 514/3/93 513/3/93
f 513/3/94 514/3/94 516/3/94 515/3/94
f 515/3/122 516/3/122 518/3/122 517/3/122
f 517/3/123 518/3/123 520/3/123 519/3/123
f 519/3/97 520/3/97 522/3/97 521/3/97
f 521/3/124 522/3/124 512/3/124 511/3/124
f 523/3/99 524/3/99 526/3/99 525/3/99
f 525/3/100 526/3/100 528/3/100 527/3/100
f 527/3/101 528/3/101 530/3/101 529/3/101
f 529/3/102 530/3/102 532/3/102 531/3/102
f 531/3/103 532/3/103 534/3/103 533/3/103
f 533/3/104 534/3/104 524/3/104 523/3/104
f 535/3/105 536/3/105 538/3/105 537/3/105
f 537/3/106 538/3/106 540/3/106 539/3/106
f 539/3/107 540/3/107 542/3/107 541/3/107
f 541/3/108 542/3/108 544/3/108 543/3/108
f 543/3/109 544/3/109 546/3/109 545/3/109
f 545/3/125 546/3/125 536/3/125 535/3/125
f 547/3/120 549/3/120 550/3/120 548/3/120
f 549/3/82 551/3/82 552/3/82 550/3/82
f 551/3/83 553/3/83 554/3/83 552/3/83
f 553/3/84 555/3/84 556/3/84 554/3/84
f 555/3/85 557/3/85 558/3/85 556/3/85
f 557/3/86 547/3/86 548/3/86 558/3/86
f 559/3/111 560/3/111 562/3/111 561/3/111
f 561/3/112 562/3/112 564/3/112 563/3/112
f 563/3/126 564/3/126 566/3/126 565/3/126
f 565/3/118 566/3/118 568/3/118 567/3/118
f 567/3/115 568/3/115 570/3/115 569/3/115
f 569/3/119 570/3/119 560/3/119 559/3/119
f 571/3/111 572/3/111 574/3/111 573/3/111
f 573/3/112 574/3/112 576/3/112 575/3/112
f 575/3/126 576/3/126 578/3/126 577/3/126
f 577/3/118 578/3/118 580/3/118 579/3/118
f 579/3/115 580/3/115 582/3/115 581/3/115
f 581/3/119 582/3/119 572/3/119 571/3/119
f 583/3/81 585/3/81 586/3/81 584/3/81
f 585/3/82 587/3/82 588/3/82 586/3/82
f 587/3/83 589/3/83 590/3/83 588/3/83
f 589/3/84 591/3/84 592/3/84 590/3/84
f 591/3/85 593/3/85 594/3/85 592/3/85
f 593/3/86 583/3/86 584/3/86 594/3/86
f 595/3/87 596/3/87 598/3/87 597/3/87
f 597/3/88 598/3/88 600/3/88 599/3/88
f 599/3/89 600/3/89 602/3/89 601/3/89
f 601/3/90 602/3/90 604/3/90 603/3/90
f 603/3/91 604/3/91 606/3/91 605/3/91
f 605/3/92 606/3/92 596/3/92 595/3/92
f 607/3/93 608/3/93 610/3/93 609/3/93
f 609/3/94 610/3/94 612/3/94 611/3/94
f 611/3/122 612/3/122 614/3/122 613/3/122
f 613/3/96 614/3/96 616/3/96 615/3/96
f 615/3/97 616/3/97 618/3/97 617/3/97
f 617/3/98 618/3/98 608/3/98 607/3/98
f 619/3/99 620/3/99 622/3/99 621/3/99
f 621/3/100 622/3/100 624/3/100 623/3/100
f 623/3/101 624/3/101 626/3/101 625/3/101
f 625/3/102 626/3/102 628/3/102 627/3/102
f 627/3/103 628/3/103 630/3/103 629/3/103
f 629/3/104 630/3/104 620/3/104 619/3/104
f 631/3/105 632/3/105 634/3/105 633/3/105
f 633/3/106 634/3/106 636/3/106 635/3/106
f 635/3/107 636/3/107 638/3/107 637/3/107
f 637/3/108 638/3/108 640/3/108 639/3/108
f 639/3/109 640/3/109 642/3/109 641/3/109
f 641/3/110 642/3/110 632/3/110 631/3/110
f 643/3/81 645/3/81 646/3/81 644/3/81
f 645/3/82 647/3/82 648/3/82 646/3/82
f 647/3/83 649/3/83 650/3/83 648/3/83
f 649/3/84 651/3/84 652/3/84 650/3/84
f 651/3/85 653/3/85 654/3/85 652/3/85
f 653/3/86 643/3/86 644/3/86 654/3/86
f 655/3/111 656/3/111 658/3/111 657/3/111
f 657/3/112 658/3/112 660/3/112 659/3/112
f 659/3/113 660/3/113 662/3/113 661/3/113
f 661/3/118 662/3/118 664/3/118 663/3/118
f 663/3/115 664/3/115 666/3/115 665/3/115
f 665/3/116 666/3/116 656/3/116 655/3/116
f 667/3/111 668/3/111 670/3/111 669/3/111
f 669/3/112 670/3/112 672/3/112 671/3/112
f 671/3/126 672/3/126 674/3/126 673/3/126
f 673/3/118 674/3/118 676/3/118 675/3/118
f 675/3/115 676/3/115 678/3/115 677/3/115
f 677/3/119 678/3/119 668/3/119 667/3/119
f 679/3/127 680/3/127 682/3/127 681/3/127
f 681/3/85 682/3/85 684/3/85 683/3/85
f 683/3/128 684/3/128 686/3/128 685/3/128
f 685/3/129 686/3/129 688/3/129 687/3/129
f 687/3/82 688/3/82 690/3/82 689/3/82
f 689/3/130 690/3/130 680/3/130 679/3/130
f 691/3/87 692/3/87 694/3/87 693/3/87
f 693/3/88 694/3/88 696/3/88 695/3/88
f 695/3/89 696/3/89 698/3/89 697/3/89
f 697/3/90 698/3/90 700/3/90 699/3/90
f 699/3/91 700/3/91 702/3/91 701/3/91
f 701/3/92 702/3/92 692/3/92 691/3/92
f 703/3/93 704/3/93 706/3/93 705/3/93
f 705/3/94 706/3/94 708/3/94 707/3/94
f 707/3/122 708/3/122 710/3/122 709/3/122
f 709/3/131 710/3/131 712/3/131 711/3/131
f 711/3/97 712/3/97 714/3/97 713/3/97
f 713/3/124 714/3/124 704/3/124 703/3/124
f 715/3/99 716/3/99 718/3/99 717/3/99
f 717/3/100 718/3/100 720/3/100 719/3/100
f 719/3/101 720/3/101 722/3/101 721/3/101
f 721/3/102 722/3/102 724/3/102 723/3/102
f 723/3/103 724/3/103 726/3/103 725/3/103
f 725/3/104 726/3/104 716/3/104 715/3/104
f 727/3/132 728/3/132 730/3/132 729/3/132
f 729/3/106 730/3/106 732/3/106 731/3/106
f 731/3/107 732/3/107 734/3/107 733/3/107
f 733/3/108 734/3/108 736/3/108 735/3/108
f 735/3/109 736/3/109 738/3/109 737/3/109
f 737/3/110 738/3/110 728/3/110 727/3/110
f 739/3/127 740/3/127 742/3/127 741/3/127
f 741/3/85 742/3/85 744/3/85 743/3/85
f 743/3/128 744/3/128 746/3/128 745/3/128
f 745/3/129 746/3/129 748/3/129 747/3/129
f 747/3/82 748/3/82 750/3/82 749/3/82
f 749/3/130 750/3/130 740/3/130 739/3/130
f 751/3/111 752/3/111 754/3/111 753/3/111
f 753/3/112 754/3/112 756/3/112 755/3/112
f 755/3/133 756/3/133 758/3/133 757/3/133
f 757/3/118 758/3/118 760/3/118 759/3/118
f 759/3/115 760/3/115 762/3/115 761/3/115
f 761/3/119 762/3/119 752/3/119 751/3/119
f 763/3/111 764/3/111 766/3/111 765/3/111
f 765/3/112 766/3/112 768/3/112 767/3/112
f 767/3/126 768/3/126 770/3/126 769/3/126
f 769/3/118 770/3/118 772/3/118 771/3/118
f 771/3/115 772/3/115 774/3/115 773/3/115
f 773/3/119 774/3/119 764/3/119 763/3/119
f 775/3/127 776/3/127 778/3/127 777/3/127
f 777/3/85 778/3/85 780/3/85 779/3/85
f 779/3/128 780/3/128 782/3/128 781/3/128
f 781/3/129 782/3/129 784/3/129 783/3/129
f 783/3/82 784/3/82 786/3/82 785/3/82
f 785/3/130 786/3/130 776/3/130 775/3/130
f 787/3/87 788/3/87 790/3/87 789/3/87
f 789/3/88 790/3/88 792/3/88 791/3/88
f 791/3/89 792/3/89 794/3/89 793/3/89
f 793/3/90 794/3/90 796/3/90 795/3/90
f 795/3/91 796/3/91 798/3/91 797/3/91
f 797/3/92 798/3/92 788/3/92 787/3/92
f 799/3/93 800/3/93 802/3/93 801/3/93
f 801/3/94 802/3/94 804/3/94 803/3/94
f 803/3/122 804/3/122 806/3/122 805/3/122
f 805/3/131 806/3/131 808/3/131 807/3/131
f 807/3/97 808/3/97 810/3/97 809/3/97
f 809/3/98 810/3/98 800/3/98 799/3/98
f 811/3/99 812/3/99 814/3/99 813/3/99
f 813/3/100 814/3/100 816/3/100 815/3/100
f 815/3/101 816/3/101 818/3/101 817/3/101
f 817/3/102 818/3/102 820/3/102 819/3/102
f 819/3/103 820/3/103 822/3/103 821/3/103
f 821/3/104 822/3/104 812/3/104 811/3/104
f 823/3/105 824/3/105 826/3/105 825/3/105
f 825/3/106 826/3/106 828/3/106 827/3/106
f 827/3/107 828/3/107 830/3/107 829/3/107
f 829/3/108 830/3/108 832/3/108 831/3/108
f 831/3/109 832/3/109 834/3/109 833/3/109
f 833/3/110 834/3/110 824/3/110 823/3/110
f 835/3/127 836/3/127 838/3/127 837/3/127
f 837/3/85 838/3/85 840/3/85 839/3/85
f 839/3/128 840/3/128 842/3/128 841/3/128
f 841/3/129 842/3/129 844/3/129 843/3/129
f 843/3/82 844/3/82 846/3/82 845/3/82
f 845/3/130 846/3/130 836/3/130 835/3/130
f 847/3/111 848/3/111 850/3/111 849/3/111
f 849/3/112 850/3/112 852/3/112 851/3/112
f 851/3/126 852/3/126 854/3/126 853/3/126
f 853/3/114 854/3/114 856/3/114 855/3/114
f 855/3/115 856/3/115 858/3/115 857/3/115
f 857/3/119 858/3/119 848/3/119 847/3/119
f 859/3/111 860/3/111 862/3/111 861/3/111
f 861/3/112 862/3/112 864/3/112 863/3/112
f 863/3/126 864/3/126 866/3/126 865/3/126
f 865/3/118 866/3/118 868/3/118 867/3/118
f 867/3/115 868/3/115 870/3/115 869/3/115
f 869/3/119 870/3/119 860/3/119 859/3/119
f 871/3/134 872/3/134 874/3/134 873/3/134
f 873/3/85 874/3/85 876/3/85 875/3/85
f 875/3/128 876/3/128 878/3/128 877/3/128
f 877/3/129 878/3/129 880/3/129 879/3/129
f 879/3/82 880/3/82 882/3/82 881/3/82
f 881/3/130 882/3/130 872/3/130 871/3/130
f 883/3/135 884/3/135 886/3/135 885/3/135
f 885/3/88 886/3/88 888/3/88 887/3/88
f 887/3/136 888/3/136 890/3/136 889/3/136
f 889/3/90 890/3/90 892/3/90 891/3/90
f 891/3/91 892/3/91 894/3/91 893/3/91
f 893/3/92 894/3/92 884/3/92 883/3/92
f 895/3/137 896/3/137 898/3/137 897/3/137
f 897/3/94 898/3/94 900/3/94 899/3/94
f 899/3/138 900/3/138 902/3/138 901/3/138
f 901/3/96 902/3/96 904/3/96 903/3/96
f 903/3/97 904/3/97 906/3/97 905/3/97
f 905/3/124 906/3/124 896/3/124 895/3/124
f 907/3/99 908/3/99 910/3/99 909/3/99
f 909/3/100 910/3/100 912/3/100 911/3/100
f 911/3/101 912/3/101 914/3/101 913/3/101
f 913/3/102 914/3/102 916/3/102 915/3/102
f 915/3/103 916/3/103 918/3/103 917/3/103
f 917/3/104 918/3/104 908/3/104 907/3/104
f 919/3/139 920/3/139 922/3/139 921/3/139
f 921/3/106 922/3/106 924/3/106 923/3/106
f 923/3/107 924/3/107 926/3/107 925/3/107
f 925/3/108 926/3/108 928/3/108 927/3/108
f 927/3/109 928/3/109 930/3/109 929/3/109
f 929/3/110 930/3/110 920/3/110 919/3/110
f 931/3/134 932/3/134 934/3/134 933/3/134
f 933/3/85 934/3/85 936/3/85 935/3/85
f 935/3/128 936/3/128 938/3/128 937/3/128
f 937/3/129 938/3/129 940/3/129 939/3/129
f 939/3/82 940/3/82 942/3/82 941/3/82
f 941/3/130 942/3/130 932/3/130 931/3/130
f 943/3/111 944/3/111 946/3/111 945/3/111
f 945/3/112 946/3/112 948/3/112 947/3/112
f 947/3/126 948/3/126 950/3/126 949/3/126
f 949/3/114 950/3/114 952/3/114 951/3/114
f 951/3/115 952/3/115 954/3/115 953/3/115
f 953/3/119 954/3/119 944/3/119 943/3/119
f 955/3/111 956/3/111 958/3/111 957/3/111
f 957/3/112 958/3/112 960/3/112 959/3/112
f 959/3/126 960/3/126 962/3/126 961/3/126
f 961/3/140 962/3/140 964/3/140 963/3/140
f 963/3/115 964/3/115 966/3/115 965/3/115
f 965/3/119 966/3/119 956/3/119 955/3/119
f 967/3/134 968/3/134 970/3/134 969/3/134
f 969/3/85 970/3/85 972/3/85 971/3/85
f 971/3/141 972/3/141 974/3/141 973/3/141
f 973/3/129 974/3/129 976/3/129 975/3/129
f 975/3/82 976/3/82 978/3/82 977/3/82
f 977/3/130 978/3/130 968/3/130 967/3/130
f 979/3/87 980/3/87 982/3/87 981/3/87
f 981/3/88 982/3/88 984/3/88 983/3/88
f 983/3/89 984/3/89 986/3/89 985/3/89
f 985/3/90 986/3/90 988/3/90 987/3/90
f 987/3/91 988/3/91 990/3/91 989/3/91
f 989/3/92 990/3/92 980/3/92 979/3/92
f 991/3/93 992/3/93 994/3/93 993/3/93
f 993/3/94 994/3/94 996/3/94 995/3/94
f 995/3/122 996/3/122 998/3/122 997/3/122
f 997/3/131 998/3/131 1000/3/131 999/3/131
f 999/3/97 1000/3/97 1002/3/97 1001/3/97
f 1001/3/98 1002/3/98 992/3/98 991/3/98
f 1003/3/99 1004/3/99 1006/3/99 1005/3/99
f 1005/3/100 1006/3/100 1008/3/100 1007/3/100
f 1007/3/101 1008/3/101 1010/3/101 1009/3/101
f 1009/3/102 1010/3/102 1012/3/102 1011/3/102
f 1011/3/103 1012/3/103 1014/3/103 1013/3/103
f 1013/3/104 1014/3/104 1004/3/104 1003/3/104
f 1015/3/139 1016/3/139 1018/3/139 1017/3/139
f 1017/3/106 1018/3/106 1020/3/106 1019/3/106
f 1019/3/107 1020/3/107 1022/3/107 1021/3/107
f 1021/3/108 1022/3/108 1024/3/108 1023/3/108
f 1023/3/109 1024/3/109 1026/3/109 1025/3/109
f 1025/3/142 1026/3/142 1016/3/142 1015/3/142
f 1027/3/134 1028/3/134 1030/3/134 1029/3/134
f 1029/3/85 1030/3/85 1032/3/85 1031/3/85
f 1031/3/141 1032/3/141 1034/3/141 1033/3/141
f 1033/3/129 1034/3/129 1036/3/129 1035/3/129
f 1035/3/82 1036/3/82 1038/3/82 1037/3/82
f 1037/3/130 1038/3/130 1028/3/130 1027/3/130
f 1039/3/111 1040/3/111 1042/3/111 1041/3/111
f 1041/3/112 1042/3/112 1044/3/112 1043/3/112
f 1043/3/133 1044/3/133 1046/3/133 1045/3/133
f 1045/3/140 1046/3/140 1048/3/140 1047/3/140
f 1047/3/115 1048/3/115 1050/3/115 1049/3/115
f 1049/3/143 1050/3/143 1040/3/143 1039/3/143
f 1051/3/111 1052/3/111 1054/3/111 1053/3/111
f 1053/3/112 1054/3/112 1056/3/112 1055/3/112
f 1055/3/133 1056/3/133 1058/3/133 1057/3/133
f 1057/3/140 1058/3/140 1060/3/140 1059/3/140
f 1059/3/115 1060/3/115 1062/3/115 1061/3/115
f 1061/3/119 1062/3/119 1052/3/119 1051/3/119
f 1063/3/127 1064/3/127 1066/3/127 1065/3/127
f 1065/3/85 1066/3/85 1068/3/85 1067/3/85
f 1067/3/141 1068/3/141 1070/3/141 1069/3/141
f 1069/3/129 1070/3/129 1072/3/129 1071/3/129
f 1071/3/82 1072/3/82 1074/3/82 1073/3/82
f 1073/3/130 1074/3/130 1064/3/130 1063/3/130
f 1075/3/87 1076/3/87 1078/3/87 1077/3/87
f 1077/3/88 1078/3/88 1080/3/88 1079/3/88
f 1079/3/89 1080/3/89 1082/3/89 1081/3/89
f 1081/3/90 1082/3/90 1084/3/90 1083/3/90
f 1083/3/91 1084/3/91 1086/3/91 1085/3/91
f 1085/3/92 1086/3/92 1076/3/92 1075/3/92
f 1087/3/93 1088/3/93 1090/3/93 1089/3/93
f 1089/3/94 1090/3/94 1092/3/94 1091/3/94
f 1091/3/122 1092/3/122 1094/3/122 1093/3/122
f 1093/3/96 1094/3/96 1096/3/96 1095/3/96
f 1095/3/97 1096/3/97 1098/3/97 1097/3/97
f 1097/3/98 1098/3/98 1088/3/98 1087/3/98
f 1099/3/99 1100/3/99 1102/3/99 1101/3/99
f 1101/3/100 1102/3/100 1104/3/100 1103/3/100
f 1103/3/101 1104/3/101 1106/3/101 1105/3/101
f 1105/3/102 1106/3/102 1108/3/102 1107/3/102
f 1107/3/103 1108/3/103 1110/3/103 1109/3/103
f 1109/3/104 1110/3/104 1100/3/104 1099/3/104
f 1111/3/139 1112/3/139 1114/3/139 1113/3/139
f 1113/3/106 1114/3/106 1116/3/106 1115/3/106
f 1115/3/107 1116/3/107 1118/3/107 1117/3/107
f 1117/3/108 1118/3/108 1120/3/108 1119/3/108
f 1119/3/109 1120/3/109 1122/3/109 1121/3/109
f 1121/3/110 1122/3/110 1112/3/110 1111/3/110
f 1123/3/134 1124/3/134 1126/3/134 1125/3/134
f 1125/3/85 1126/3/85 1128/3/85 1127/3/85
f 1127/3/141 1128/3/141 1130/3/141 1129/3/141
f 1129/3/129 1130/3/129 1132/3/129 1131/3/129
f 1131/3/82 1132/3/82 1134/3/82 1133/3/82
f 1133/3/130 1134/3/130 1124/3/130 1123/3/130
f 1135/3/111 1136/3/111 1138/3/111 1137/3/111
f 1137/3/112 1138/3/112 1140/3/112 1139/3/112
f 1139/3/133 1140/3/133 1142/3/133 1141/3/133
f 1141/3/140 1142/3/140 1144/3/140 1143/3/140
f 1143/3/115 1144/3/115 1146/3/115 1145/3/115
f 1145/3/116 1146/3/116 1136/3/116 1135/3/116
f 1147/3/111 1148/3/111 1150/3/111 1149/3/111
f 1149/3/112 1150/3/112 1152/3/112 1151/3/112
f 1151/3/133 1152/3/133 1154/3/133 1153/3/133
f 1153/3/140 1154/3/140 1156/3/140 1155/3/140
f 1155/3/115 1156/3/115 1158/3/115 1157/3/115
f 1157/3/119 1158/3/119 1148/3/119 1147/3/119
f 1159/3/134 1160/3/134 1162/3/134 1161/3/134
f 1161/3/85 1162/3/85 1164/3/85 1163/3/85
f 1163/3/141 1164/3/141 1166/3/141 1165/3/141
f 1165/3/144 1166/3/144 1168/3/144 1167/3/144
f 1167/3/82 1168/3/82 1170/3/82 1169/3/82
f 1169/3/145 1170/3/145 1160/3/145 1159/3/145
f 1171/3/87 1172/3/87 1174/3/87 1173/3/87
f 1173/3/88 1174/3/88 1176/3/88 1175/3/88
f 1175/3/89 1176/3/89 1178/3/89 1177/3/89
f 1177/3/90 1178/3/90 1180/3/90 1179/3/90
f 1179/3/91 1180/3/91 1182/3/91 1181/3/91
f 1181/3/92 1182/3/92 1172/3/92 1171/3/92
f 1183/3/93 1184/3/93 1186/3/93 1185/3/93
f 1185/3/94 1186/3/94 1188/3/94 1187/3/94
f 1187/3/122 1188/3/122 1190/3/122 1189/3/122
f 1189/3/96 1190/3/96 1192/3/96 1191/3/96
f 1191/3/97 1192/3/97 1194/3/97 1193/3/97
f 1193/3/98 1194/3/98 1184/3/98 1183/3/98
f 1195/3/99 1196/3/99 1198/3/99 1197/3/99
f 1197/3/100 1198/3/100 1200/3/100 1199/3/100
f 1199/3/101 1200/3/101 1202/3/101 1201/3/101
f 1201/3/102 1202/3/102 1204/3/102 1203/3/102
f 1203/3/103 1204/3/103 1206/3/103 1205/3/103
f 1205/3/104 1206/3/104 1196/3/104 1195/3/104
f 1207/3/139 1208/3/139 1210/3/139 1209/3/139
f 1209/3/106 1210/3/106 1212/3/106 1211/3/106
f 1211/3/107 1212/3/107 1214/3/107 1213/3/107
f 1213/3/108 1214/3/108 1216/3/108 1215/3/108
f 1215/3/109 1216/3/109 1218/3/109 1217/3/109
f 1217/3/110 1218/3/110 1208/3/110 1207/3/110
f 1219/3/134 1220/3/134 1222/3/134 1221/3/134
f 1221/3/85 1222/3/85 1224/3/85 1223/3/85
f 1223/3/141 1224/3/141 1226/3/141 1225/3/141
f 1225/3/144 1226/3/144 1228/3/144 1227/3/144
f 1227/3/82 1228/3/82 1230/3/82 1229/3/82
f 1229/3/130 1230/3/130 1220/3/130 1219/3/130
f 1231/3/117 1232/3/117 1234/3/117 1233/3/117
f 1233/3/112 1234/3/112 1236/3/112 1235/3/112
f 1235/3/133 1236/3/133 1238/3/133 1237/3/133
f 1237/3/118 1238/3/118 1240/3/118 1239/3/118
f 1239/3/115 1240/3/115 1242/3/115 1241/3/115
f 1241/3/143 1242/3/143 1232/3/143 1231/3/143
f 1243/3/111 1244/3/111 1246/3/111 1245/3/111
f 1245/3/112 1246/3/112 1248/3/112 1247/3/112
f 1247/3/133 1248/3/133 1250/3/133 1249/3/133
f 1249/3/140 1250/3/140 1252/3/140 1251/3/140
f 1251/3/115 1252/3/115 1254/3/115 1253/3/115
f 1253/3/119 1254/3/119 1244/3/119 1243/3/119
f 1255/3/127 1256/3/127 1258/3/127 1257/3/127
f 1257/3/85 1258/3/85 1260/3/85 1259/3/85
f 1259/3/141 1260/3/141 1262/3/141 1261/3/141
f 1261/3/144 1262/3/144 1264/3/144 1263/3/144
f 1263/3/82 1264/3/82 1266/3/82 1265/3/82
f 1265/3/145 1266/3/145 1256/3/145 1255/3/145
f 1267/3/87 1268/3/87 1270/3/87 1269/3/87
f 1269/3/88 1270/3/88 1272/3/88 1271/3/88
f 1271/3/89 1272/3/89 1274/3/89 1273/3/89
f 1273/3/90 1274/3/90 1276/3/90 1275/3/90
f 1275/3/91 1276/3/91 1278/3/91 1277/3/91
f 1277/3/92 1278/3/92 1268/3/92 1267/3/92
f 1279/3/93 1280/3/93 1282/3/93 1281/3/93
f 1281/3/94 1282/3/94 1284/3/94 1283/3/94
f 1283/3/122 1284/3/122 1286/3/122 1285/3/122
f 1285/3/96 1286/3/96 1288/3/96 1287/3/96
f 1287/3/97 1288/3/97 1290/3/97 1289/3/97
f 1289/3/98 1290/3/98 1280/3/98 1279/3/98
f 1291/3/99 1292/3/99 1294/3/99 1293/3/99
f 1293/3/100 1294/3/100 1296/3/100 1295/3/100
f 1295/3/101 1296/3/101 1298/3/101 1297/3/101
f 1297/3/102 1298/3/102 1300/3/102 1299/3/102
f 1299/3/103 1300/3/103 1302/3/103 1301/3/103
f 1301/3/104 1302/3/104 1292/3/104 1291/3/104
f 1303/3/105 1304/3/105 1306/3/105 1305/3/105
f 1305/3/106 1306/3/106 1308/3/106 1307/3/106
f 1307/3/107 1308/3/107 1310/3/107 1309/3/107
f 1309/3/108 1310/3/108 1312/3/108 1311/3/108
f 1311/3/109 1312/3/109 1314/3/109 1313/3/109
f 1313/3/142 1314/3/142 1304/3/142 1303/3/142
f 1315/3/134 1316/3/134 1318/3/134 1317/3/134
f 1317/3/85 1318/3/85 1320/3/85 1319/3/85
f 1319/3/141 1320/3/141 1322/3/141 1321/3/141
f 1321/3/144 1322/3/144 1324/3/144 1323/3/144
f 1323/3/82 1324/3/82 1326/3/82 1325/3/82
f 1325/3/130 1326/3/130 1316/3/130 1315/3/130
f 1327/3/117 1328/3/117 1330/3/117 1329/3/117
f 1329/3/112 1330/3/112 1332/3/112 1331/3/112
f 1331/3/133 1332/3/133 1334/3/133 1333/3/133
f 1333/3/140 1334/3/140 1336/3/140 1335/3/140
f 1335/3/115 1336/3/115 1338/3/115 1337/3/115
f 1337/3/116 1338/3/116 1328/3/116 1327/3/116
f 1339/3/111 1340/3/111 1342/3/111 1341/3/111
f 1341/3/112 1342/3/112 1344/3/112 1343/3/112
f 1343/3/133 1344/3/133 1346/3/133 1345/3/133
f 1345/3/140 1346/3/140 1348/3/140 1347/3/140
f 1347/3/115 1348/3/115 1350/3/115 1349/3/115
f 1349/3/119 1350/3/119 1340/3/119 1339/3/119
f 1351/3/127 1352/3/127 1354/3/127 1353/3/127
f 1353/3/85 1354/3/85 1356/3/85 1355/3/85
f 1355/3/141 1356/3/141 1358/3/141 1357/3/141
f 1357/3/144 1358/3/144 1360/3/144 1359/3/144
f 1359/3/82 1360/3/82 1362/3/82 1361/3/82
f 1361/3/145 1362/3/145 1352/3/145 1351/3/145
f 1363/3/87 1364/3/87 1366/3/87 1365/3/87
f 1365/3/88 1366/3/88 1368/3/88 1367/3/88
f 1367/3/89 1368/3/89 1370/3/89 1369/3/89
f 1369/3/90 1370/3/90 1372/3/90 1371/3/90
f 1371/3/91 1372/3/91 1374/3/91 1373/3/91
f 1373/3/92 1374/3/92 1364/3/92 1363/3/92
f 1375/3/93 1376/3/93 1378/3/93 1377/3/93
f 1377/3/94 1378/3/94 1380/3/94 1379/3/94
f 1379/3/122 1380/3/122 1382/3/122 1381/3/122
f 1381/3/96 1382/3/96 1384/3/96 1383/3/96
f 1383/3/97 1384/3/97 1386/3/97 1385/3/97
f 1385/3/98 1386/3/98 1376/3/98 1375/3/98
f 1387/3/99 1388/3/99 1390/3/99 1389/3/99
f 1389/3/100 1390/3/100 1392/3/100 1391/3/100
f 1391/3/101 1392/3/101 1394/3/101 1393/3/101
f 1393/3/102 1394/3/102 1396/3/102 1395/3/102
f 1395/3/103 1396/3/103 1398/3/103 1397/3/103
f 1397/3/104 1398/3/104 1388/3/104 1387/3/104
f 1399/3/105 1400/3/105 1402/3/105 1401/3/105
f 1401/3/106 1402/3/106 1404/3/106 1403/3/106
f 1403/3/107 1404/3/107 1406/3/107 1405/3/107
f 1405/3/108 1406/3/108 1408/3/108 1407/3/108
f 1407/3/109 1408/3/109 1410/3/109 1409/3/109
f 1409/3/110 1410/3/110 1400/3/110 1399/3/110
f 1411/3/134 1412/3/134 1414/3/134 1413/3/134
f 1413/3/85 1414/3/85 1416/3/85 1415/3/85
f 1415/3/141 1416/3/141 1418/3/141 1417/3/141
f 1417/3/144 1418/3/144 1420/3/144 1419/3/144
f 1419/3/82 1420/3/82 1422/3/82 1421/3/82
f 1421/3/130 1422/3/130 1412/3/130 1411/3/130
f 1423/3/117 1424/3/117 1426/3/117 1425/3/117
f 1425/3/112 1426/3/112 1428/3/112 1427/3/112
f 1427/3/133 1428/3/133 1430/3/133 1429/3/133
f 1429/3/140 1430/3/140 1432/3/140 1431/3/140
f 1431/3/115 1432/3/115 1434/3/115 1433/3/115
f 1433/3/143 1434/3/143 1424/3/143 1423/3/143
f 1435/3/111 1436/3/111 1438/3/111 1437/3/111
f 1437/3/112 1438/3/112 1440/3/112 1439/3/112
f 1439/3/133 1440/3/133 1442/3/133 1441/3/133
f 1441/3/140 1442/3/140 1444/3/140 1443/3/140
f 1443/3/115 1444/3/115 1446/3/115 1445/3/115
f 1445/3/119 1446/3/119 1436/3/119 1435/3/119
f 1447/3/127 1448/3/127 1450/3/127 1449/3/127
f 1449/3/85 1450/3/85 1452/3/85 1451/3/85
f 1451/3/141 1452/3/141 1454/3/141 1453/3/141
f 1453/3/144 1454/3/144 1456/3/144 1455/3/144
f 1455/3/82 1456/3/82 1458/3/82 1457/3/82
f 1457/3/145 1458/3/145 1448/3/145 1447/3/145
f 1459/3/87 1460/3/87 1462/3/87 1461/3/87
f 1461/3/88 1462/3/88 1464/3/88 1463/3/88
f 1463/3/89 1464/3/89 1466/3/89 1465/3/89
f 1465/3/90 1466/3/90 1468/3/90 1467/3/90
f 1467/3/91 1468/3/91 1470/3/91 1469/3/91
f 1469/3/92 1470/3/92 1460/3/92 1459/3/92
f 1471/3/93 1472/3/93 1474/3/93 1473/3/93
f 1473/3/94 1474/3/94 1476/3/94 1475/3/94
f 1475/3/122 1476/3/122 1478/3/122 1477/3/122
f 1477/3/96 1478/3/96 1480/3/96 1479/3/96
f 1479/3/97 1480/3/97 1482/3/97 1481/3/97
f 1481/3/98 1482/3/98 1472/3/98 1471/3/98
f 1483/3/99 1484/3/99 1486/3/99 1485/3/99
f 1485/3/100 1486/3/100 1488/3/100 1487/3/100
f 1487/3/101 1488/3/101 1490/3/101 1489/3/101
f 1489/3/102 1490/3/102 1492/3/102 1491/3/102
f 1491/3/103 1492/3/103 1494/3/103 1493/3/103
f 1493/3/104 1494/3/104 1484/3/104 1483/3/104
f 1495/3/105 1496/3/105 1498/3/105 1497/3/105
f 1497/3/106 1498/3/106 1500/3/106 1499/3/106
f 1499/3/107 1500/3/107 1502/3/107 1501/3/107
f 1501/3/108 1502/3/108 1504/3/108 1503/3/108
f 1503/3/109 1504/3/109 1506/3/109 1505/3/109
f 1505/3/110 1506/3/110 1496/3/110 1495/3/110
f 1507/3/134 1508/3/134 1510/3/134 1509/3/134
f 1509/3/85 1510/3/85 1512/3/85 1511/3/85
f 1511/3/141 1512/3/141 1514/3/141 1513/3/141
f 1513/3/144 1514/3/144 1516/3/144 1515/3/144
f 1515/3/82 1516/3/82 1518/3/82 1517/3/82
f 1517/3/130 1518/3/130 1508/3/130 1507/3/130
f 1519/3/111 1520/3/111 1522/3/111 1521/3/111
f 1521/3/112 1522/3/112 1524/3/112 1523/3/112
f 1523/3/133 1524/3/133 1526/3/133 1525/3/133
f 1525/3/140 1526/3/140 1528/3/140 1527/3/140
f 1527/3/115 1528/3/115 1530/3/115 1529/3/115
f 1529/3/119 1530/3/119 1520/3/119 1519/3/119
f 1531/3/111 1532/3/111 1534/3/111 1533/3/111
f 1533/3/112 1534/3/112 1536/3/112 1535/3/112
f 1535/3/126 1536/3/126 1538/3/126 1537/3/126
f 1537/3/118 1538/3/118 1540/3/118 1539/3/118
f 1539/3/115 1540/3/115 1542/3/115 1541/3/115
f 1541/3/119 1542/3/119 1532/3/119 1531/3/119
f 1543/3/134 1544/3/134 1546/3/134 1545/3/134
f 1545/3/85 1546/3/85 1548/3/85 1547/3/85
f 1547/3/141 1548/3/141 1550/3/141 1549/3/141
f 1549/3/144 1550/3/144 1552/3/144 1551/3/144
f 1551/3/82 1552/3/82 1554/3/82 1553/3/82
f 1553/3/145 1554/3/145 1544/3/145 1543/3/145
f 1555/3/87 1556/3/87 1558/3/87 1557/3/87
f 1557/3/88 1558/3/88 1560/3/88 1559/3/88
f 1559/3/89 1560/3/89 1562/3/89 1561/3/89
f 1561/3/90 1562/3/90 1564/3/90 1563/3/90
f 1563/3/91 1564/3/91 1566/3/91 1565/3/91
f 1565/3/92 1566/3/92 1556/3/92 1555/3/92
f 1567/3/93 1568/3/93 1570/3/93 1569/3/93
f 1569/3/94 1570/3/94 1572/3/94 1571/3/94
f 1571/3/122 1572/3/122 1574/3/122 1573/3/122
f 1573/3/96 1574/3/96 1576/3/96 1575/3/96
f 1575/3/97 1576/3/97 1578/3/97 1577/3/97
f 1577/3/98 1578/3/98 1568/3/98 1567/3/98
f 1579/3/99 1580/3/99 1582/3/99 1581/3/99
f 1581/3/100 1582/3/100 1584/3/100 1583/3/100
f 1583/3/101 1584/3/101 1586/3/101 1585/3/101
f 1585/3/102 1586/3/102 1588/3/102 1587/3/102
f 1587/3/103 1588/3/103 1590/3/103 1589/3/103
f 1589/3/104 1590/3/104 1580/3/104 1579/3/104
f 1591/3/105 1592/3/105 1594/3/105 1593/3/105
f 1593/3/106 1594/3/106 1596/3/106 1595/3/106
f 1595/3/107 1596/3/107 1598/3/107 1597/3/107
f 1597/3/108 1598/3/108 1600/3/108 1599/3/108
f 1599/3/109 1600/3/109 1602/3/109 1601/3/109
f 1601/3/110 1602/3/110 1592/3/110 1591/3/110
f 1603/3/134 1604/3/134 1606/3/134 1605/3/134
f 1605/3/85 1606/3/85 1608/3/85 1607/3/85
f 1607/3/141 1608/3/141 1610/3/141 1609/3/141
f 1609/3/144 1610/3/144 1612/3/144 1611/3/144
f 1611/3/82 1612/3/82 1614/3/82 1613/3/82
f 1613/3/130 1614/3/130 1604/3/130 1603/3/130
f 1615/3/117 1616/3/117 1618/3/117 1617/3/117
f 1617/3/112 1618/3/112 1620/3/112 1619/3/112
f 1619/3/126 1620/3/126 1622/3/126 1621/3/126
f 1621/3/118 1622/3/118 1624/3/118 1623/3/118
f 1623/3/115 1624/3/115 1626/3/115 1625/3/115
f 1625/3/143 1626/3/143 1616/3/143 1615/3/143
f 1627/3/111 1628/3/111 1630/3/111 1629/3/111
f 1629/3/112 1630/3/112 1632/3/112 1631/3/112
f 1631/3/133 1632/3/133 1634/3/133 1633/3/133
f 1633/3/140 1634/3/140 1636/3/140 1635/3/140
f 1635/3/115 1636/3/115 1638/3/115 1637/3/115
f 1637/3/116 1638/3/116 1628/3/116 1627/3/116
f 1639/3/127 1640/3/127 1642/3/127 1641/3/127
f 1641/3/85 1642/3/85 1644/3/85 1643/3/85
f 1643/3/141 1644/3/141 1646/3/141 1645/3/141
f 1645/3/144 1646/3/144 1648/3/144 1647/3/144
f 1647/3/82 1648/3/82 1650/3/82 1649/3/82
f 1649/3/83 1650/3/83 1640/3/83 1639/3/83
f 1651/3/87 1652/3/87 1654/3/87 1653/3/87
f 1653/3/88 1654/3/88 1656/3/88 1655/3/88
f 1655/3/89 1656/3/89 1658/3/89 1657/3/89
f 1657/3/90 1658/3/90 1660/3/90 1659/3/90
f 1659/3/91 1660/3/91 1662/3/91 1661/3/91
f 1661/3/92 1662/3/92 1652/3/92 1651/3/92
f 1663/3/93 1664/3/93 1666/3/93 1665/3/93
f 1665/3/94 1666/3/94 1668/3/94 1667/3/94
f 1667/3/122 1668/3/122 1670/3/122 1669/3/122
f 1669/3/96 1670/3/96 1672/3/96 1671/3/96
f 1671/3/97 1672/3/97 1674/3/97 1673/3/97
f 1673/3/98 1674/3/98 1664/3/98 1663/3/98
f 1675/3/99 1676/3/99 1678/3/99 1677/3/99
f 1677/3/100 1678/3/100 1680/3/100 1679/3/100
f 1679/3/101 1680/3/101 1682/3/101 1681/3/101
f 1681/3/102 1682/3/102 1684/3/102 1683/3/102
f 1683/3/103 1684/3/103 1686/3/103 1685/3/103
f 1685/3/104 1686/3/104 1676/3/104 1675/3/104
f 1687/3/105 1688/3/105 1690/3/105 1689/3/105
f 1689/3/106 1690/3/106 1692/3/106 1691/3/106
f 1691/3/107 1692/3/107 1694/3/107 1693/3/107
f 1693/3/108 1694/3/108 1696/3/108 1695/3/108
f 1695/3/109 1696/3/109 1698/3/109 1697/3/109
f 1697/3/110 1698/3/110 1688/3/110 1687/3/110
f 1699/3/134 1700/3/134 1702/3/134 1701/3/134
f 1701/3/85 1702/3/85 1704/3/85 1703/3/85
f 1703/3/141 1704/3/141 1706/3/141 1705/3/141
f 1705/3/144 1706/3/144 1708/3/144 1707/3/144
f 1707/3/82 1708/3/82 1710/3/82 1709/3/82
f 1709/3/145 1710/3/145 1700/3/145 1699/3/145
f 1711/3/117 1712/3/117 1714/3/117 1713/3/117
f 1713/3/112 1714/3/112 1716/3/112 1715/3/112
f 1715/3/133 1716/3/133 1718/3/133 1717/3/133
f 1717/3/140 1718/3/140 1720/3/140 1719/3/140
f 1719/3/115 1720/3/115 1722/3/115 1721/3/115
f 1721/3/119 1722/3/119 1712/3/119 1711/3/119
f 1723/3/117 1724/3/117 1726/3/117 1725/3/117
f 1725/3/112 1726/3/112 1728/3/112 1727/3/112
f 1727/3/133 1728/3/133 1730/3/133 1729/3/133
f 1729/3/140 1730/3/140 1732/3/140 1731/3/140
f 1731/3/115 1732/3/115 1734/3/115 1733/3/115
f 1733/3/119 1734/3/119 1724/3/119 1723/3/119
f 1735/3/127 1736/3/127 1738/3/127 1737/3/127
f 1737/3/85 1738/3/85 1740/3/85 1739/3/85
f 1739/3/141 1740/3/141 1742/3/141 1741/3/141
f 1741/3/144 1742/3/144 1744/3/144 1743/3/144
f 1743/3/82 1744/3/82 1746/3/82 1745/3/82
f 1745/3/145 1746/3/145 1736/3/145 1735/3/145
f 1747/3/87 1748/3/87 1750/3/87 1749/3/87
f 1749/3/88 1750/3/88 1752/3/88 1751/3/88
f 1751/3/89 1752/3/89 1754/3/89 1753/3/89
f 1753/3/90 1754/3/90 1756/3/90 1755/3/90
f 1755/3/91 1756/3/91 1758/3/91 1757/3/91
f 1757/3/92 1758/3/92 1748/3/92 1747/3/92
f 1759/3/93 1760/3/93 1762/3/93 1761/3/93
f 1761/3/94 1762/3/94 1764/3/94 1763/3/94
f 1763/3/122 1764/3/122 1766/3/122 1765/3/122
f 1765/3/96 1766/3/96 1768/3/96 1767/3/96
f 1767/3/97 1768/3/97 1770/3/97 1769/3/97
f 1769/3/124 1770/3/124 1760/3/124 1759/3/124
f 1771/3/99 1772/3/99 1774/3/99 1773/3/99
f 1773/3/100 1774/3/100 1776/3/100 1775/3/100
f 1775/3/101 1776/3/101 1778/3/101 1777/3/101
f 1777/3/102 1778/3/102 1780/3/102 1779/3/102
f 1779/3/103 1780/3/103 1782/3/103 1781/3/103
f 1781/3/104 1782/3/104 1772/3/104 1771/3/104
f 1783/3/139 1784/3/139 1786/3/139 1785/3/139
f 1785/3/106 1786/3/106 1788/3/106 1787/3/106
f 1787/3/107 1788/3/107 1790/3/107 1789/3/107
f 1789/3/108 1790/3/108 1792/3/108 1791/3/108
f 1791/3/109 1792/3/109 1794/3/109 1793/3/109
f 1793/3/142 1794/3/142 1784/3/142 1783/3/142
f 1795/3/134 1796/3/134 1798/3/134 1797/3/134
f 1797/3/85 1798/3/85 1800/3/85 1799/3/85
f 1799/3/141 1800/3/141 1802/3/141 1801/3/141
f 1801/3/144 1802/3/144 1804/3/144 1803/3/144
f 1803/3/82 1804/3/82 1806/3/82 1805/3/82
f 1805/3/130 1806/3/130 1796/3/130 1795/3/130
f 1807/3/111 1808/3/111 1810/3/111 1809/3/111
f 1809/3/112 1810/3/112 1812/3/112 1811/3/112
f 1811/3/133 1812/3/133 1814/3/133 1813/3/133
f 1813/3/140 1814/3/140 1816/3/140 1815/3/140
f 1815/3/115 1816/3/115 1818/3/115 1817/3/115
f 1817/3/119 1818/3/119 1808/3/119 1807/3/119
f 1819/3/111 1820/3/111 1822/3/111 1821/3/111
f 1821/3/112 1822/3/112 1824/3/112 1823/3/112
f 1823/3/133 1824/3/133 1826/3/133 1825/3/133
f 1825/3/140 1826/3/140 1828/3/140 1827/3/140
f 1827/3/146 1828/3/146 1830/3/146 1829/3/146
f 1829/3/119 1830/3/119 1820/3/119 1819/3/119
f 1831/3/127 1832/3/127 1834/3/127 1833/3/127
f 1833/3/85 1834/3/85 1836/3/85 1835/3/85
f 1835/3/141 1836/3/141 1838/3/141 1837/3/141
f 1837/3/144 1838/3/144 1840/3/144 1839/3/144
f 1839/3/82 1840/3/82 1842/3/82 1841/3/82
f 1841/3/145 1842/3/145 1832/3/145 1831/3/145
f 1843/3/87 1844/3/87 1846/3/87 1845/3/87
f 1845/3/88 1846/3/88 1848/3/88 1847/3/88
f 1847/3/89 1848/3/89 1850/3/89 1849/3/89
f 1849/3/147 1850/3/147 1852/3/147 1851/3/147
f 1851/3/91 1852/3/91 1854/3/91 1853/3/91
f 1853/3/148 1854/3/148 1844/3/148 1843/3/148
f 1855/3/137 1856/3/137 1858/3/137 1857/3/137
f 1857/3/94 1858/3/94 1860/3/94 1859/3/94
f 1859/3/149 1860/3/149 1862/3/149 1861/3/149
f 1861/3/131 1862/3/131 1864/3/131 1863/3/131
f 1863/3/97 1864/3/97 1866/3/97 1865/3/97
f 1865/3/98 1866/3/98 1856/3/98 1855/3/98
f 1867/3/150 1868/3/150 1870/3/150 1869/3/150
f 1869/3/100 1870/3/100 1872/3/100 1871/3/100
f 1871/3/151 1872/3/151 1874/3/151 1873/3/151
f 1873/3/102 1874/3/102 1876/3/102 1875/3/102
f 1875/3/103 1876/3/103 1878/3/103 1877/3/103
f 1877/3/104 1878/3/104 1868/3/104 1867/3/104
f 1879/3/105 1880/3/105 1882/3/105 1881/3/105
f 1881/3/106 1882/3/106 1884/3/106 1883/3/106
f 1883/3/107 1884/3/107 1886/3/107 1885/3/107
f 1885/3/108 1886/3/108 1888/3/108 1887/3/108
f 1887/3/109 1888/3/109 1890/3/109 1889/3/109
f 1889/3/142 1890/3/142 1880/3/142 1879/3/142
f 1891/3/134 1892/3/134 1894/3/134 1893/3/134
f 1893/3/85 1894/3/85 1896/3/85 1895/3/85
f 1895/3/141 1896/3/141 1898/3/141 1897/3/141
f 1897/3/144 1898/3/144 1900/3/144 1899/3/144
f 1899/3/82 1900/3/82 1902/3/82 1901/3/82
f 1901/3/130 1902/3/130 1892/3/130 1891/3/130
f 1903/3/117 1904/3/117 1906/3/117 1905/3/117
f 1905/3/112 1906/3/112 1908/3/112 1907/3/112
f 1907/3/126 1908/3/126 1910/3/126 1909/3/126
f 1909/3/114 1910/3/114 1912/3/114 1911/3/114
f 1911/3/115 1912/3/115 1914/3/115 1913/3/115
f 1913/3/143 1914/3/143 1904/3/143 1903/3/143
f 1915/3/111 1916/3/111 1918/3/111 1917/3/111
f 1917/3/152 1918/3/152 1920/3/152 1919/3/152
f 1919/3/133 1920/3/133 1922/3/133 1921/3/133
f 1921/3/114 1922/3/114 1924/3/114 1923/3/114
f 1923/3/115 1924/3/115 1926/3/115 1925/3/115
f 1925/3/119 1926/3/119 1916/3/119 1915/3/119
f 1927/3/127 1928/3/127 1930/3/127 1929/3/127
f 1929/3/85 1930/3/85 1932/3/85 1931/3/85
f 1931/3/141 1932/3/141 1934/3/141 1933/3/141
f 1933/3/129 1934/3/129 1936/3/129 1935/3/129
f 1935/3/82 1936/3/82 1938/3/82 1937/3/82
f 1937/3/130 1938/3/130 1928/3/130 1927/3/130
f 1939/3/135 1940/3/135 1942/3/135 1941/3/135
f 1941/3/88 1942/3/88 1944/3/88 1943/3/88
f 1943/3/89 1944/3/89 1946/3/89 1945/3/89
f 1945/3/90 1946/3/90 1948/3/90 1947/3/90
f 1947/3/91 1948/3/91 1950/3/91 1949/3/91
f 1949/3/92 1950/3/92 1940/3/92 1939/3/92
f 1951/3/93 1952/3/93 1954/3/93 1953/3/93
f 1953/3/94 1954/3/94 1956/3/94 1955/3/94
f 1955/3/95 1956/3/95 1958/3/95 1957/3/95
f 1957/3/123 1958/3/123 1960/3/123 1959/3/123
f 1959/3/97 1960/3/97 1962/3/97 1961/3/97
f 1961/3/124 1962/3/124 1952/3/124 1951/3/124
f 1963/3/99 1964/3/99 1966/3/99 1965/3/99
f 1965/3/100 1966/3/100 1968/3/100 1967/3/100
f 1967/3/101 1968/3/101 1970/3/101 1969/3/101
f 1969/3/153 1970/3/153 1972/3/153 1971/3/153
f 1971/3/103 1972/3/103 1974/3/103 1973/3/103
f 1973/3/154 1974/3/154 1964/3/154 1963/3/154
f 1975/3/139 1976/3/139 1978/3/139 1977/3/139
f 1977/3/106 1978/3/106 1980/3/106 1979/3/106
f 1979/3/155 1980/3/155 1982/3/155 1981/3/155
f 1981/3/108 1982/3/108 1984/3/108 1983/3/108
f 1983/3/109 1984/3/109 1986/3/109 1985/3/109
f 1985/3/110 1986/3/110 1976/3/110 1975/3/110
f 1987/3/134 1988/3/134 1990/3/134 1989/3/134
f 1989/3/85 1990/3/85 1992/3/85 1991/3/85
f 1991/3/128 1992/3/128 1994/3/128 1993/3/128
f 1993/3/129 1994/3/129 1996/3/129 1995/3/129
f 1995/3/82 1996/3/82 1998/3/82 1997/3/82
f 1997/3/130 1998/3/130 1988/3/130 1987/3/130
f 1999/3/117 2000/3/117 2002/3/117 2001/3/117
f 2001/3/112 2002/3/112 2004/3/112 2003/3/112
f 2003/3/126 2004/3/126 2006/3/126 2005/3/126
f 2005/3/118 2006/3/118 2008/3/118 2007/3/118
f 2007/3/115 2008/3/115 2010/3/115 2009/3/115
f 2009/3/143 2010/3/143 2000/3/143 1999/3/143
f 2011/3/111 2012/3/111 2014/3/111 2013/3/111
f 2013/3/112 2014/3/112 2016/3/112 2015/3/112
f 2015/3/133 2016/3/133 2018/3/133 2017/3/133
f 2017/3/140 2018/3/140 2020/3/140 2019/3/140
f 2019/3/115 2020/3/115 2022/3/115 2021/3/115
f 2021/3/119 2022/3/119 2012/3/119 2011/3/119
f 2023/3/127 2024/3/127 2026/3/127 2025/3/127
f 2025/3/85 2026/3/85 2028/3/85 2027/3/85
f 2027/3/141 2028/3/141 2030/3/141 2029/3/141
f 2029/3/129 2030/3/129 2032/3/129 2031/3/129
f 2031/3/82 2032/3/82 2034/3/82 2033/3/82
f 2033/3/145 2034/3/145 2024/3/145 2023/3/145
f 2035/3/87 2036/3/87 2038/3/87 2037/3/87
f 2037/3/88 2038/3/88 2040/3/88 2039/3/88
f 2039/3/89 2040/3/89 2042/3/89 2041/3/89
f 2041/3/147 2042/3/147 2044/3/147 2043/3/147
f 2043/3/91 2044/3/91 2046/3/91 2045/3/91
f 2045/3/148 2046/3/148 2036/3/148 2035/3/148
f 2047/3/137 2048/3/137 2050/3/137 2049/3/137
f 2049/3/94 2050/3/94 2052/3/94 2051/3/94
f 2051/3/149 2052/3/149 2054/3/149 2053/3/149
f 2053/3/131 2054/3/131 2056/3/131 2055/3/131
f 2055/3/97 2056/3/97 2058/3/97 2057/3/97
f 2057/3/98 2058/3/98 2048/3/98 2047/3/98
f 2059/3/150 2060/3/150 2062/3/150 2061/3/150
f 2061/3/100 2062/3/100 2064/3/100 2063/3/100
f 2063/3/151 2064/3/151 2066/3/151 2065/3/151
f 2065/3/102 2066/3/102 2068/3/102 2067/3/102
f 2067/3/103 2068/3/103 2070/3/103 2069/3/103
f 2069/3/104 2070/3/104 2060/3/104 2059/3/104
f 2071/3/105 2072/3/105 2074/3/105 2073/3/105
f 2073/3/106 2074/3/106 2076/3/106 2075/3/106
f 2075/3/107 2076/3/107 2078/3/107 2077/3/107
f 2077/3/156 2078/3/156 2080/3/156 2079/3/156
f 2079/3/109 2080/3/109 2082/3/109 2081/3/109
f 2081/3/142 2082/3/142 2072/3/142 2071/3/142
f 2083/3/134 2084/3/134 2086/3/134 2085/3/134
f 2085/3/85 2086/3/85 2088/3/85 2087/3/85
f 2087/3/128 2088/3/128 2090/3/128 2089/3/128
f 2089/3/129 2090/3/129 2092/3/129 2091/3/129
f 2091/3/82 2092/3/82 2094/3/82 2093/3/82
f 2093/3/130 2094/3/130 2084/3/130 2083/3/130
f 2095/3/117 2096/3/117 2098/3/117 2097/3/117
f 2097/3/112 2098/3/112 2100/3/112 2099/3/112
f 2099/3/133 2100/3/133 2102/3/133 2101/3/133
f 2101/3/140 2102/3/140 2104/3/140 2103/3/140
f 2103/3/115 2104/3/115 2106/3/115 2105/3/115
f 2105/3/116 2106/3/116 2096/3/116 2095/3/116
f 2107/3/111 2108/3/111 2110/3/111 2109/3/111
f 2109/3/112 2110/3/112 2112/3/112 2111/3/112
f 2111/3/126 2112/3/126 2114/3/126 2113/3/126
f 2113/3/118 2114/3/118 2116/3/118 2115/3/118
f 2115/3/115 2116/3/115 2118/3/115 2117/3/115
f 2117/3/119 2118/3/119 2108/3/119 2107/3/119
f 2119/3/127 2120/3/127 2122/3/127 2121/3/127
f 2121/3/85 2122/3/85 2124/3/85 2123/3/85
f 2123/3/141 2124/3/141 2126/3/141 2125/3/141
f 2125/3/129 2126/3/129 2128/3/129 2127/3/129
f 2127/3/82 2128/3/82 2130/3/82 2129/3/82
f 2129/3/130 2130/3/130 2120/3/130 2119/3/130
f 2131/3/135 2132/3/135 2134/3/135 2133/3/135
f 2133/3/88 2134/3/88 2136/3/88 2135/3/88
f 2135/3/136 2136/3/136 2138/3/136 2137/3/136
f 2137/3/90 2138/3/90 2140/3/90 2139/3/90
f 2139/3/91 2140/3/91 2142/3/91 2141/3/91
f 2141/3/92 2142/3/92 2132/3/92 2131/3/92
f 2143/3/93 2144/3/93 2146/3/93 2145/3/93
f 2145/3/94 2146/3/94 2148/3/94 2147/3/94
f 2147/3/95 2148/3/95 2150/3/95 2149/3/95
f 2149/3/123 2150/3/123 2152/3/123 2151/3/123
f 2151/3/97 2152/3/97 2154/3/97 2153/3/97
f 2153/3/124 2154/3/124 2144/3/124 2143/3/124
f 2155/3/99 2156/3/99 2158/3/99 2157/3/99
f 2157/3/100 2158/3/100 2160/3/100 2159/3/100
f 2159/3/101 2160/3/101 2162/3/101 2161/3/101
f 2161/3/153 2162/3/153 2164/3/153 2163/3/153
f 2163/3/103 2164/3/103 2166/3/103 2165/3/103
f 2165/3/154 2166/3/154 2156/3/154 2155/3/154
f 2167/3/139 2168/3/139 2170/3/139 2169/3/139
f 2169/3/106 2170/3/106 2172/3/106 2171/3/106
f 2171/3/155 2172/3/155 2174/3/155 2173/3/155
f 2173/3/108 2174/3/108 2176/3/108 2175/3/108
f 2175/3/109 2176/3/109 2178/3/109 2177/3/109
f 2177/3/110 2178/3/110 2168/3/110 2167/3/110
f 2179/3/134 2180/3/134 2182/3/134 2181/3/134
f 2181/3/85 2182/3/85 2184/3/85 2183/3/85
f 2183/3/141 2184/3/141 2186/3/141 2185/3/141
f 2185/3/129 2186/3/129 2188/3/129 2187/3/129
f 2187/3/82 2188/3/82 2190/3/82 2189/3/82
f 2189/3/130 2190/3/130 2180/3/130 2179/3/130
f 2191/3/111 2192/3/111 2194/3/111 2193/3/111
f 2193/3/112 2194/3/112 2196/3/112 2195/3/112
f 2195/3/126 2196/3/126 2198/3/126 2197/3/126
f 2197/3/118 2198/3/118 2200/3/118 2199/3/118
f 2199/3/115 2200/3/115 2202/3/115 2201/3/115
f 2201/3/119 2202/3/119 2192/3/119 2191/3/119
f 2203/3/111 2204/3/111 2206/3/111 2205/3/111
f 2205/3/112 2206/3/112 2208/3/112 2207/3/112
f 2207/3/126 2208/3/126 2210/3/126 2209/3/126
f 2209/3/118 2210/3/118 2212/3/118 2211/3/118
f 2211/3/115 2212/3/115 2214/3/115 2213/3/115
f 2213/3/119 2214/3/119 2204/3/119 2203/3/119
f 2215/3/134 2216/3/134 2218/3/134 2217/3/134
f 2217/3/85 2218/3/85 2220/3/85 2219/3/85
f 2219/3/141 2220/3/141 2222/3/141 2221/3/141
f 2221/3/129 2222/3/129 2224/3/129 2223/3/129
f 2223/3/82 2224/3/82 2226/3/82 2225/3/82
f 2225/3/130 2226/3/130 2216/3/130 2215/3/130
f 2227/3/87 2228/3/87 2230/3/87 2229/3/87
f 2229/3/88 2230/3/88 2232/3/88 2231/3/88
f 2231/3/89 2232/3/89 2234/3/89 2233/3/89
f 2233/3/147 2234/3/147 2236/3/147 2235/3/147
f 2235/3/91 2236/3/91 2238/3/91 2237/3/91
f 2237/3/148 2238/3/148 2228/3/148 2227/3/148
f 2239/3/137 2240/3/137 2242/3/137 2241/3/137
f 2241/3/94 2242/3/94 2244/3/94 2243/3/94
f 2243/3/149 2244/3/149 2246/3/149 2245/3/149
f 2245/3/131 2246/3/131 2248/3/131 2247/3/131
f 2247/3/97 2248/3/97 2250/3/97 2249/3/97
f 2249/3/98 2250/3/98 2240/3/98 2239/3/98
f 2251/3/150 2252/3/150 2254/3/150 2253/3/150
f 2253/3/100 2254/3/100 2256/3/100 2255/3/100
f 2255/3/151 2256/3/151 2258/3/151 2257/3/151
f 2257/3/102 2258/3/102 2260/3/102 2259/3/102
f 2259/3/103 2260/3/103 2262/3/103 2261/3/103
f 2261/3/104 2262/3/104 2252/3/104 2251/3/104
f 2263/3/105 2264/3/105 2266/3/105 2265/3/105
f 2265/3/106 2266/3/106 2268/3/106 2267/3/106
f 2267/3/107 2268/3/107 2270/3/107 2269/3/107
f 2269/3/156 2270/3/156 2272/3/156 2271/3/156
f 2271/3/109 2272/3/109 2274/3/109 2273/3/109
f 2273/3/142 2274/3/142 2264/3/142 2263/3/142
f 2275/3/134 2276/3/134 2278/3/134 2277/3/134
f 2277/3/85 2278/3/85 2280/3/85 2279/3/85
f 2279/3/141 2280/3/141 2282/3/141 2281/3/141
f 2281/3/129 2282/3/129 2284/3/129 2283/3/129
f 2283/3/82 2284/3/82 2286/3/82 2285/3/82
f 2285/3/130 2286/3/130 2276/3/130 2275/3/130
f 2287/3/111 2288/3/111 2290/3/111 2289/3/111
f 2289/3/112 2290/3/112 2292/3/112 2291/3/112
f 2291/3/126 2292/3/126 2294/3/126 2293/3/126
f 2293/3/118 2294/3/118 2296/3/118 2295/3/118
f 2295/3/115 2296/3/115 2298/3/115 2297/3/115
f 2297/3/119 2298/3/119 2288/3/119 2287/3/119
f 2299/3/111 2300/3/111 2302/3/111 2301/3/111
f 2301/3/112 2302/3/112 2304/3/112 2303/3/112
f 2303/3/126 2304/3/126 2306/3/126 2305/3/126
f 2305/3/118 2306/3/118 2308/3/118 2307/3/118
f 2307/3/115 2308/3/115 2310/3/115 2309/3/115
f 2309/3/119 2310/3/119 2300/3/119 2299/3/119
f 2311/3/127 2312/3/127 2314/3/127 2313/3/127
f 2313/3/85 2314/3/85 2316/3/85 2315/3/85
f 2315/3/141 2316/3/141 2318/3/141 2317/3/141
f 2317/3/129 2318/3/129 2320/3/129 2319/3/129
f 2319/3/82 2320/3/82 2322/3/82 2321/3/82
f 2321/3/130 2322/3/130 2312/3/130 2311/3/130
f 2323/3/135 2324/3/135 2326/3/135 2325/3/135
f 2325/3/88 2326/3/88 2328/3/88 2327/3/88
f 2327/3/136 2328/3/136 2330/3/136 2329/3/136
f 2329/3/90 2330/3/90 2332/3/90 2331/3/90
f 2331/3/91 2332/3/91 2334/3/91 2333/3/91
f 2333/3/92 2334/3/92 2324/3/92 2323/3/92
f 2335/3/93 2336/3/93 2338/3/93 2337/3/93
f 2337/3/94 2338/3/94 2340/3/94 2339/3/94
f 2339/3/95 2340/3/95 2342/3/95 2341/3/95
f 2341/3/123 2342/3/123 2344/3/123 2343/3/123
f 2343/3/97 2344/3/97 2346/3/97 2345/3/97
f 2345/3/124 2346/3/124 2336/3/124 2335/3/124
f 2347/3/99 2348/3/99 2350/3/99 2349/3/99
f 2349/3/100 2350/3/100 2352/3/100 2351/3/100
f 2351/3/101 2352/3/101 2354/3/101 2353/3/101
f 2353/3/153 2354/3/153 2356/3/153 2355/3/153
f 2355/3/103 2356/3/103 2358/3/103 2357/3/103
f 2357/3/154 2358/3/154 2348/3/154 2347/3/154
f 2359/3/139 2360/3/139 2362/3/139 2361/3/139
f 2361/3/106 2362/3/106 2364/3/106 2363/3/106
f 2363/3/155 2364/3/155 2366/3/155 2365/3/155
f 2365/3/108 2366/3/108 2368/3/108 2367/3/108
f 2367/3/109 2368/3/109 2370/3/109 2369/3/109
f 2369/3/110 2370/3/110 2360/3/110 2359/3/110
f 2371/3/134 2372/3/134 2374/3/134 2373/3/134
f 2373/3/85 2374/3/85 2376/3/85 2375/3/85
f 2375/3/141 2376/3/141 2378/3/141 2377/3/141
f 2377/3/129 2378/3/129 2380/3/129 2379/3/129
f 2379/3/82 2380/3/82 2382/3/82 2381/3/82
f 2381/3/130 2382/3/130 2372/3/130 2371/3/130
f 2383/3/111 2384/3/111 2386/3/111 2385/3/111
f 2385/3/112 2386/3/112 2388/3/112 2387/3/112
f 2387/3/126 2388/3/126 2390/3/126 2389/3/126
f 2389/3/118 2390/3/118 2392/3/118 2391/3/118
f 2391/3/115 2392/3/115 2394/3/115 2393/3/115
f 2393/3/119 2394/3/119 2384/3/119 2383/3/119
f 2395/3/111 2396/3/111 2398/3/111 2397/3/111
f 2397/3/112 2398/3/112 2400/3/112 2399/3/112
f 2399/3/126 2400/3/126 2402/3/126 2401/3/126
f 2401/3/118 2402/3/118 2404/3/118 2403/3/118
f 2403/3/115 2404/3/115 2406/3/115 2405/3/115
f 2405/3/119 2406/3/119 2396/3/119 2395/3/119
f 2407/3/127 2408/3/127 2410/3/127 2409/3/127
f 2409/3/85 2410/3/85 2412/3/85 2411/3/85
f 2411/3/141 2412/3/141 2414/3/141 2413/3/141
f 2413/3/129 2414/3/129 2416/3/129 2415/3/129
f 2415/3/82 2416/3/82 2418/3/82 2417/3/82
f 2417/3/130 2418/3/130 2408/3/130 2407/3/130
f 2419/3/87 2420/3/87 2422/3/87 2421/3/87
f 2421/3/88 2422/3/88 2424/3/88 2423/3/88
f 2423/3/89 2424/3/89 2426/3/89 2425/3/89
f 2425/3/147 2426/3/147 2428/3/147 2427/3/147
f 2427/3/91 2428/3/91 2430/3/91 2429/3/91
f 2429/3/148 2430/3/148 2420/3/148 2419/3/148
f 2431/3/137 2432/3/137 2434/3/137 2433/3/137
f 2433/3/94 2434/3/94 2436/3/94 2435/3/94
f 2435/3/149 2436/3/149 2438/3/149 2437/3/149
f 2437/3/131 2438/3/131 2440/3/131 2439/3/131
f 2439/3/97 2440/3/97 2442/3/97 2441/3/97
f 2441/3/124 2442/3/124 2432/3/124 2431/3/124
f 2443/3/150 2444/3/150 2446/3/150 2445/3/150
f 2445/3/100 2446/3/100 2448/3/100 2447/3/100
f 2447/3/151 2448/3/151 2450/3/151 2449/3/151
f 2449/3/157 2450/3/157 2452/3/157 2451/3/157
f 2451/3/103 2452/3/103 2454/3/103 2453/3/103
f 2453/3/158 2454/3/158 2444/3/158 2443/3/158
f 2455/3/105 2456/3/105 2458/3/105 2457/3/105
f 2457/3/106 2458/3/106 2460/3/106 2459/3/106
f 2459/3/107 2460/3/107 2462/3/107 2461/3/107
f 2461/3/156 2462/3/156 2464/3/156 2463/3/156
f 2463/3/109 2464/3/109 2466/3/109 2465/3/109
f 2465/3/142 2466/3/142 2456/3/142 2455/3/142
f 2467/3/134 2468/3/134 2470/3/134 2469/3/134
f 2469/3/85 2470/3/85 2472/3/85 2471/3/85
f 2471/3/141 2472/3/141 2474/3/141 2473/3/141
f 2473/3/129 2474/3/129 2476/3/129 2475/3/129
f 2475/3/82 2476/3/82 2478/3/82 2477/3/82
f 2477/3/130 2478/3/130 2468/3/130 2467/3/130
f 2479/3/111 2480/3/111 2482/3/111 2481/3/111
f 2481/3/112 2482/3/112 2484/3/112 2483/3/112
f 2483/3/126 2484/3/126 2486/3/126 2485/3/126
f 2485/3/118 2486/3/118 2488/3/118 2487/3/118
f 2487/3/115 2488/3/115 2490/3/115 2489/3/115
f 2489/3/119 2490/3/119 2480/3/119 2479/3/119
f 2491/3/111 2492/3/111 2494/3/111 2493/3/111
f 2493/3/112 2494/3/112 2496/3/112 2495/3/112
f 2495/3/126 2496/3/126 2498/3/126 2497/3/126
f 2497/3/118 2498/3/118 2500/3/118 2499/3/118
f 2499/3/115 2500/3/115 2502/3/115 2501/3/115
f 2501/3/119 2502/3/119 2492/3/119 2491/3/119
f 2503/3/127 2504/3/127 2506/3/127 2505/3/127
f 2505/3/85 2506/3/85 2508/3/85 2507/3/85
f 2507/3/141 2508/3/141 2510/3/141 2509/3/141
f 2509/3/129 2510/3/129 2512/3/129 2511/3/129
f 2511/3/82 2512/3/82 2514/3/82 2513/3/82
f 2513/3/130 2514/3/130 2504/3/130 2503/3/130
f 2515/3/135 2516/3/135 2518/3/135 2517/3/135
f 2517/3/88 2518/3/88 2520/3/88 2519/3/88
f 2519/3/136 2520/3/136 2522/3/136 2521/3/136
f 2521/3/90 2522/3/90 2524/3/90 2523/3/90
f 2523/3/91 2524/3/91 2526/3/91 2525/3/91
f 2525/3/92 2526/3/92 2516/3/92 2515/3/92
f 2527/3/93 2528/3/93 2530/3/93 2529/3/93
f 2529/3/94 2530/3/94 2532/3/94 2531/3/94
f 2531/3/95 2532/3/95 2534/3/95 2533/3/95
f 2533/3/96 2534/3/96 2536/3/96 2535/3/96
f 2535/3/97 2536/3/97 2538/3/97 2537/3/97
f 2537/3/98 2538/3/98 2528/3/98 2527/3/98
f 2539/3/99 2540/3/99 2542/3/99 2541/3/99
f 2541/3/100 2542/3/100 2544/3/100 2543/3/100
f 2543/3/101 2544/3/101 2546/3/101 2545/3/101
f 2545/3/153 2546/3/153 2548/3/153 2547/3/153
f 2547/3/103 2548/3/103 2550/3/103 2549/3/103
f 2549/3/154 2550/3/154 2540/3/154 2539/3/154
f 2551/3/139 2552/3/139 2554/3/139 2553/3/139
f 2553/3/106 2554/3/106 2556/3/106 2555/3/106
f 2555/3/155 2556/3/155 2558/3/155 2557/3/155
f 2557/3/108 2558/3/108 2560/3/108 2559/3/108
f 2559/3/109 2560/3/109 2562/3/109 2561/3/109
f 2561/3/110 2562/3/110 2552/3/110 2551/3/110
f 2563/3/134 2564/3/134 2566/3/134 2565/3/134
f 2565/3/85 2566/3/85 2568/3/85 2567/3/85
f 2567/3/141 2568/3/141 2570/3/141 2569/3/141
f 2569/3/129 2570/3/129 2572/3/129 2571/3/129
f 2571/3/82 2572/3/82 2574/3/82 2573/3/82
f 2573/3/130 2574/3/130 2564/3/130 2563/3/130
f 2575/3/111 2576/3/111 2578/3/111 2577/3/111
f 2577/3/112 2578/3/112 2580/3/112 2579/3/112
f 2579/3/126 2580/3/126 2582/3/126 2581/3/126
f 2581/3/118 2582/3/118 2584/3/118 2583/3/118
f 2583/3/115 2584/3/115 2586/3/115 2585/3/115
f 2585/3/119 2586/3/119 2576/3/119 2575/3/119
f 2587/3/111 2588/3/111 2590/3/111 2589/3/111
f 2589/3/112 2590/3/112 2592/3/112 2591/3/112
f 2591/3/126 2592/3/126 2594/3/126 2593/3/126
f 2593/3/118 2594/3/118 2596/3/118 2595/3/118
f 2595/3/115 2596/3/115 2598/3/115 2597/3/115
f 2597/3/119 2598/3/119 2588/3/119 2587/3/119
f 2599/3/134 2600/3/134 2602/3/134 2601/3/134
f 2601/3/85 2602/3/85 2604/3/85 2603/3/85
f 2603/3/141 2604/3/141 2606/3/141 2605/3/141
f 2605/3/129 2606/3/129 2608/3/129 2607/3/129
f 2607/3/82 2608/3/82 2610/3/82 2609/3/82
f 2609/3/130 2610/3/130 2600/3/130 2599/3/130
f 2611/3/87 2612/3/87 2614/3/87 2613/3/87
f 2613/3/88 2614/3/88 2616/3/88 2615/3/88
f 2615/3/89 2616/3/89 2618/3/89 2617/3/89
f 2617/3/147 2618/3/147 2620/3/147 2619/3/147
f 2619/3/91 2620/3/91 2622/3/91 2621/3/91
f 2621/3/148 2622/3/148 2612/3/148 2611/3/148
f 2623/3/137 2624/3/137 2626/3/137 2625/3/137
f 2625/3/94 2626/3/94 2628/3/94 2627/3/94
f 2627/3/149 2628/3/149 2630/3/149 2629/3/149
f 2629/3/131 2630/3/131 2632/3/131 2631/3/131
f 2631/3/97 2632/3/97 2634/3/97 2633/3/97
f 2633/3/98 2634/3/98 2624/3/98 2623/3/98
f 2635/3/150 2636/3/150 2638/3/150 2637/3/150
f 2637/3/100 2638/3/100 2640/3/100 2639/3/100
f 2639/3/151 2640/3/151 2642/3/151 2641/3/151
f 2641/3/102 2642/3/102 2644/3/102 2643/3/102
f 2643/3/103 2644/3/103 2646/3/103 2645/3/103
f 2645/3/104 2646/3/104 2636/3/104 2635/3/104
f 2647/3/139 2648/3/139 2650/3/139 2649/3/139
f 2649/3/106 2650/3/106 2652/3/106 2651/3/106
f 2651/3/155 2652/3/155 2654/3/155 2653/3/155
f 2653/3/156 2654/3/156 2656/3/156 2655/3/156
f 2655/3/109 2656/3/109 2658/3/109 2657/3/109
f 2657/3/142 2658/3/142 2648/3/142 2647/3/142
f 2659/3/134 2660/3/134 2662/3/134 2661/3/134
f 2661/3/85 2662/3/85 2664/3/85 2663/3/85
f 2663/3/141 2664/3/141 2666/3/141 2665/3/141
f 2665/3/129 2666/3/129 2668/3/129 2667/3/129
f 2667/3/82 2668/3/82 2670/3/82 2669/3/82
f 2669/3/130 2670/3/130 2660/3/130 2659/3/130
f 2671/3/111 2672/3/111 2674/3/111 2673/3/111
f 2673/3/112 2674/3/112 2676/3/112 2675/3/112
f 2675/3/126 2676/3/126 2678/3/126 2677/3/126
f 2677/3/118 2678/3/118 2680/3/118 2679/3/118
f 2679/3/115 2680/3/115 2682/3/115 2681/3/115
f 2681/3/119 2682/3/119 2672/3/119 2671/3/119
f 2683/3/111 2684/3/111 2686/3/111 2685/3/111
f 2685/3/112 2686/3/112 2688/3/112 2687/3/112
f 2687/3/126 2688/3/126 2690/3/126 2689/3/126
f 2689/3/118 2690/3/118 2692/3/118 2691/3/118
f 2691/3/115 2692/3/115 2694/3/115 2693/3/115
f 2693/3/119 2694/3/119 2684/3/119 2683/3/119
f 2695/3/134 2696/3/134 2698/3/134 2697/3/134
f 2697/3/85 2698/3/85 2700/3/85 2699/3/85
f 2699/3/141 2700/3/141 2702/3/141 2701/3/141
f 2701/3/129 2702/3/129 2704/3/129 2703/3/129
f 2703/3/82 2704/3/82 2706/3/82 2705/3/82
f 2705/3/130 2706/3/130 2696/3/130 2695/3/130
f 2707/3/135 2708/3/135 2710/3/135 2709/3/135
f 2709/3/88 2710/3/88 2712/3/88 2711/3/88
f 2711/3/136 2712/3/136 2714/3/136 2713/3/136
f 2713/3/90 2714/3/90 2716/3/90 2715/3/90
f 2715/3/91 2716/3/91 2718/3/91 2717/3/91
f 2717/3/92 2718/3/92 2708/3/92 2707/3/92
f 2719/3/93 2720/3/93 2722/3/93 2721/3/93
f 2721/3/94 2722/3/94 2724/3/94 2723/3/94
f 2723/3/95 2724/3/95 2726/3/95 2725/3/95
f 2725/3/123 2726/3/123 2728/3/123 2727/3/123
f 2727/3/97 2728/3/97 2730/3/97 2729/3/97
f 2729/3/124 2730/3/124 2720/3/124 2719/3/124
f 2731/3/99 2732/3/99 2734/3/99 2733/3/99
f 2733/3/100 2734/3/100 2736/3/100 2735/3/100
f 2735/3/101 2736/3/101 2738/3/101 2737/3/101
f 2737/3/153 2738/3/153 2740/3/153 2739/3/153
f 2739/3/103 2740/3/103 2742/3/103 2741/3/103
f 2741/3/154 2742/3/154 2732/3/154 2731/3/154
f 2743/3/105 2744/3/105 2746/3/105 2745/3/105
f 2745/3/106 2746/3/106 2748/3/106 2747/3/106
f 2747/3/107 2748/3/107 2750/3/107 2749/3/107
f 2749/3/156 2750/3/156 2752/3/156 2751/3/156
f 2751/3/109 2752/3/109 2754/3/109 2753/3/109
f 2753/3/142 2754/3/142 2744/3/142 2743/3/142
f 2755/3/134 2756/3/134 2758/3/134 2757/3/134
f 2757/3/85 2758/3/85 2760/3/85 2759/3/85
f 2759/3/141 2760/3/141 2762/3/141 2761/3/141
f 2761/3/129 2762/3/129 2764/3/129 2763/3/129
f 2763/3/82 2764/3/82 2766/3/82 2765/3/82
f 2765/3/130 2766/3/130 2756/3/130 2755/3/130
f 2767/3/111 2768/3/111 2770/3/111 2769/3/111
f 2769/3/112 2770/3/112 2772/3/112 2771/3/112
f 2771/3/126 2772/3/126 2774/3/126 2773/3/126
f 2773/3/118 2774/3/118 2776/3/118 2775/3/118
f 2775/3/115 2776/3/115 2778/3/115 2777/3/115
f 2777/3/119 2778/3/119 2768/3/119 2767/3/119
f 2779/3/111 2780/3/111 2782/3/111 2781/3/111
f 2781/3/112 2782/3/112 2784/3/112 2783/3/112
f 2783/3/126 2784/3/126 2786/3/126 2785/3/126
f 2785/3/118 2786/3/118 2788/3/118 2787/3/118
f 2787/3/115 2788/3/115 2790/3/115 2789/3/115
f 2789/3/119 2790/3/119 2780/3/119 2779/3/119
f 2791/3/127 2792/3/127 2794/3/127 2793/3/127
f 2793/3/85 2794/3/85 2796/3/85 2795/3/85
f 2795/3/141 2796/3/141 2798/3/141 2797/3/141
f 2797/3/129 2798/3/129 2800/3/129 2799/3/129
f 2799/3/82 2800/3/82 2802/3/82 2801/3/82
f 2801/3/130 2802/3/130 2792/3/130 2791/3/130
f 2803/3/134 2804/3/134 2806/3/134 2805/3/134
f 2805/3/85 2806/3/85 2808/3/85 2807/3/85
f 2807/3/141 2808/3/141 2810/3/141 2809/3/141
f 2809/3/129 2810/3/129 2812/3/129 2811/3/129
f 2811/3/82 2812/3/82 2814/3/82 2813/3/82
f 2813/3/130 2814/3/130 2804/3/130 2803/3/130
f 2815/3/111 2816/3/111 2818/3/111 2817/3/111
f 2817/3/112 2818/3/112 2820/3/112 2819/3/112
f 2819/3/126 2820/3/126 2822/3/126 2821/3/126
f 2821/3/118 2822/3/118 2824/3/118 2823/3/118
f 2823/3/115 2824/3/115 2826/3/115 2825/3/115
f 2825/3/119 2826/3/119 2816/3/119 2815/3/119
f 2827/3/111 2828/3/111 2830/3/111 2829/3/111
f 2829/3/112 2830/3/112 2832/3/112 2831/3/112
f 2831/3/126 2832/3/126 2834/3/126 2833/3/126
f 2833/3/118 2834/3/118 2836/3/118 2835/3/118
f 2835/3/115 2836/3/115 2838/3/115 2837/3/115
f 2837/3/119 2838/3/119 2828/3/119 2827/3/119
f 2872/3/159 2871/3/159 2839/3/159 2840/3/159
f 2843/3/160 2844/3/160 2876/3/160 2875/3/160
f 2853/3/161 2854/3/161 2886/3/161 2885/3/161
f 2880/3/162 2848/3/162 2851/3/162 2883/3/162
f 2851/3/163 2852/3/163 2884/3/163 2883/3/163
f 2861/3/164 2862/3/164 2894/3/164 2893/3/164
f 2880/3/165 2879/3/165 2847/3/165 2848/3/165
f 2859/3/166 2860/3/166 2892/3/166 2891/3/166
f 2869/3/161 2870/3/161 2902/3/161 2901/3/161
f 2896/3/162 2864/3/162 2867/3/162 2899/3/162
f 2888/3/159 2887/3/159 2855/3/159 2856/3/159
f 2867/3/163 2868/3/163 2900/3/163 2899/3/163
f 2896/3/165 2895/3/165 2863/3/165 2864/3/165
f 2841/3/167 2842/3/167 2874/3/167 2873/3/167
f 2839/3/168 2871/3/168 2874/3/168 2842/3/168
f 2845/3/164 2846/3/164 2878/3/164 2877/3/164
f 2846/3/169 2841/3/169 2873/3/169 2878/3/169
f 2844/3/170 2845/3/170 2877/3/170 2876/3/170
f 2849/3/171 2850/3/171 2882/3/171 2881/3/171
f 2850/3/172 2847/3/172 2879/3/172 2882/3/172
f 2854/3/173 2849/3/173 2881/3/173 2886/3/173
f 2852/3/174 2853/3/174 2885/3/174 2884/3/174
f 2857/3/167 2858/3/167 2890/3/167 2889/3/167
f 2858/3/175 2855/3/175 2887/3/175 2890/3/175
f 2862/3/169 2857/3/169 2889/3/169 2894/3/169
f 2860/3/170 2861/3/170 2893/3/170 2892/3/170
f 2865/3/176 2866/3/176 2898/3/176 2897/3/176
f 2866/3/172 2863/3/172 2895/3/172 2898/3/172
f 2870/3/173 2865/3/173 2897/3/173 2902/3/173
f 2868/3/177 2869/3/177 2901/3/177 2900/3/177
f 2843/3/178 2875/3/178 2872/3/178 2840/3/178
f 2888/3/178 2856/3/178 2859/3/178 2891/3/178
f 2903/3/179 2904/3/179 2906/3/179 2905/3/179
f 2905/3/180 2906/3/180 2908/3/180 2907/3/180
f 2907/3/181 2908/3/181 2910/3/181 2909/3/181
f 2909/3/182 2910/3/182 2912/3/182 2911/3/182
f 2911/3/183 2912/3/183 2914/3/183 2913/3/183
f 2913/3/184 2914/3/184 2904/3/184 2903/3/184
f 2915/3/185 2916/3/185 2918/3/185 2917/3/185
f 2917/3/186 2918/3/186 2920/3/186 2919/3/186
f 2919/3/187 2920/3/187 2922/3/187 2921/3/187
f 2921/3/188 2922/3/188 2924/3/188 2923/3/188
f 2923/3/189 2924/3/189 2926/3/189 2925/3/189
f 2925/3/190 2926/3/190 2916/3/190 2915/3/190
f 2927/3/191 2928/3/191 2930/3/191 2929/3/191
f 2929/3/192 2930/3/192 2932/3/192 2931/3/192
f 2931/3/193 2932/3/193 2934/3/193 2933/3/193
f 2933/3/194 2934/3/194 2936/3/194 2935/3/194
f 2935/3/195 2936/3/195 2938/3/195 2937/3/195
f 2937/3/196 2938/3/196 2928/3/196 2927/3/196
f 2939/3/197 2940/3/197 2942/3/197 2941/3/197
f 2941/3/198 2942/3/198 2944/3/198 2943/3/198
f 2943/3/199 2944/3/199 2946/3/199 2945/3/199
f 2945/3/194 2946/3/194 2948/3/194 2947/3/194
f 2947/3/200 2948/3/200 2950/3/200 2949/3/200
f 2949/3/196 2950/3/196 2940/3/196 2939/3/196
f 2956/3/201 5228/3/201 5227/3/201 2955/3/201
f 5224/3/202 5223/3/202 2951/3/202 2952/3/202
f 5240/3/203 5239/3/203 2967/3/203 2968/3/203
f 2954/3/204 5226/3/204 5225/3/204 2953/3/204
f 2951/3/205 5223/3/205 5226/3/205 2954/3/205
f 2958/3/206 5230/3/206 5229/3/206 2957/3/206
f 5230/3/207 2958/3/207 2953/3/207 5225/3/207
f 5228/3/208 2956/3/208 2957/3/208 5229/3/208
f 2983/3/209 2984/3/209 2986/3/209 2985/3/209
f 2985/3/210 2986/3/210 2988/3/210 2987/3/210
f 2987/3/211 2988/3/211 2990/3/211 2989/3/211
f 2989/3/212 2990/3/212 2992/3/212 2991/3/212
f 2991/3/213 2992/3/213 2994/3/213 2993/3/213
f 2993/3/214 2994/3/214 2984/3/214 2983/3/214
f 2995/3/215 2996/3/215 2998/3/215 2997/3/215
f 2997/3/216 2998/3/216 3000/3/216 2999/3/216
f 2999/3/217 3000/3/217 3002/3/217 3001/3/217
f 3001/3/218 3002/3/218 3004/3/218 3003/3/218
f 3003/3/219 3004/3/219 3006/3/219 3005/3/219
f 3005/3/220 3006/3/220 2996/3/220 2995/3/220
f 3007/3/221 3008/3/221 3010/3/221 3009/3/221
f 3009/3/222 3010/3/222 3012/3/222 3011/3/222
f 3011/3/223 3012/3/223 3014/3/223 3013/3/223
f 3013/3/224 3014/3/224 3016/3/224 3015/3/224
f 3015/3/225 3016/3/225 3018/3/225 3017/3/225
f 3017/3/226 3018/3/226 3008/3/226 3007/3/226
f 3019/3/227 3020/3/227 3022/3/227 3021/3/227
f 3021/3/228 3022/3/228 3024/3/228 3023/3/228
f 3023/3/229 3024/3/229 3026/3/229 3025/3/229
f 3025/3/230 3026/3/230 3028/3/230 3027/3/230
f 3027/3/231 3028/3/231 3030/3/231 3029/3/231
f 3029/3/232 3030/3/232 3020/3/232 3019/3/232
f 3031/3/233 3032/3/233 3034/3/233 3033/3/233
f 3033/3/234 3034/3/234 3036/3/234 3035/3/234
f 3035/3/235 3036/3/235 3038/3/235 3037/3/235
f 3037/3/236 3038/3/236 3040/3/236 3039/3/236
f 3039/3/237 3040/3/237 3042/3/237 3041/3/237
f 3041/3/238 3042/3/238 3032/3/238 3031/3/238
f 3043/3/209 3044/3/209 3046/3/209 3045/3/209
f 3045/3/210 3046/3/210 3048/3/210 3047/3/210
f 3047/3/211 3048/3/211 3050/3/211 3049/3/211
f 3049/3/212 3050/3/212 3052/3/212 3051/3/212
f 3051/3/239 3052/3/239 3054/3/239 3053/3/239
f 3053/3/214 3054/3/214 3044/3/214 3043/3/214
f 3055/3/240 3056/3/240 3058/3/240 3057/3/240
f 3057/3/241 3058/3/241 3060/3/241 3059/3/241
f 3059/3/242 3060/3/242 3062/3/242 3061/3/242
f 3061/3/243 3062/3/243 3064/3/243 3063/3/243
f 3063/3/244 3064/3/244 3066/3/244 3065/3/244
f 3065/3/245 3066/3/245 3056/3/245 3055/3/245
f 3067/3/246 3068/3/246 3070/3/246 3069/3/246
f 3069/3/241 3070/3/241 3072/3/241 3071/3/241
f 3071/3/247 3072/3/247 3074/3/247 3073/3/247
f 3073/3/248 3074/3/248 3076/3/248 3075/3/248
f 3075/3/244 3076/3/244 3078/3/244 3077/3/244
f 3077/3/249 3078/3/249 3068/3/249 3067/3/249
f 3084/3/201 5356/3/201 5355/3/201 3083/3/201
f 3090/3/250 5362/3/250 5365/3/250 3093/3/250
f 5368/3/251 3096/3/251 3099/3/251 5371/3/251
f 5352/3/203 5351/3/203 3079/3/203 3080/3/203
f 3089/3/252 5361/3/252 5362/3/252 3090/3/252
f 3102/3/206 5374/3/206 5373/3/206 3101/3/206
f 3093/3/253 5365/3/253 5366/3/253 3094/3/253
f 3091/3/254 5363/3/254 5364/3/254 3092/3/254
f 3100/3/201 5372/3/201 5371/3/201 3099/3/201
f 3110/3/206 5382/3/206 5381/3/206 3109/3/206
f 5376/3/251 3104/3/251 3107/3/251 5379/3/251
f 5368/3/203 5367/3/203 3095/3/203 3096/3/203
f 3108/3/201 5380/3/201 5379/3/201 3107/3/201
f 5359/3/255 5360/3/255 3088/3/255 3087/3/255
f 5376/3/203 5375/3/203 3103/3/203 3104/3/203
f 3082/3/204 5354/3/204 5353/3/204 3081/3/204
f 3079/3/256 5351/3/256 5354/3/256 3082/3/256
f 3086/3/206 5358/3/206 5357/3/206 3085/3/206
f 5358/3/207 3086/3/207 3081/3/207 5353/3/207
f 5356/3/208 3084/3/208 3085/3/208 5357/3/208
f 3088/3/257 5360/3/257 5361/3/257 3089/3/257
f 3094/3/258 5366/3/258 5363/3/258 3091/3/258
f 3092/3/259 5364/3/259 5359/3/259 3087/3/259
f 3098/3/204 5370/3/204 5369/3/204 3097/3/204
f 5370/3/256 3098/3/256 3095/3/256 5367/3/256
f 5374/3/207 3102/3/207 3097/3/207 5369/3/207
f 5372/3/208 3100/3/208 3101/3/208 5373/3/208
f 3106/3/204 5378/3/204 5377/3/204 3105/3/204
f 5378/3/256 3106/3/256 3103/3/256 5375/3/256
f 5382/3/260 3110/3/260 3105/3/260 5377/3/260
f 5380/3/261 3108/3/261 3109/3/261 5381/3/261
f 3111/3/262 3112/3/262 3114/3/262 3113/3/262
f 3113/3/263 3114/3/263 3116/3/263 3115/3/263
f 3115/3/264 3116/3/264 3118/3/264 3117/3/264
f 3117/3/265 3118/3/265 3120/3/265 3119/3/265
f 3119/3/266 3120/3/266 3122/3/266 3121/3/266
f 3121/3/267 3122/3/267 3112/3/267 3111/3/267
f 3123/3/268 3124/3/268 3126/3/268 3125/3/268
f 3125/3/269 3126/3/269 3128/3/269 3127/3/269
f 3127/3/270 3128/3/270 3130/3/270 3129/3/270
f 3129/3/271 3130/3/271 3132/3/271 3131/3/271
f 3131/3/272 3132/3/272 3134/3/272 3133/3/272
f 3133/3/273 3134/3/273 3124/3/273 3123/3/273
f 3135/3/221 3136/3/221 3138/3/221 3137/3/221
f 3137/3/222 3138/3/222 3140/3/222 3139/3/222
f 3139/3/223 3140/3/223 3142/3/223 3141/3/223
f 3141/3/224 3142/3/224 3144/3/224 3143/3/224
f 3143/3/225 3144/3/225 3146/3/225 3145/3/225
f 3145/3/226 3146/3/226 3136/3/226 3135/3/226
f 3147/3/233 3148/3/233 3150/3/233 3149/3/233
f 3149/3/274 3150/3/274 3152/3/274 3151/3/274
f 3151/3/275 3152/3/275 3154/3/275 3153/3/275
f 3153/3/276 3154/3/276 3156/3/276 3155/3/276
f 3155/3/277 3156/3/277 3158/3/277 3157/3/277
f 3157/3/238 3158/3/238 3148/3/238 3147/3/238
f 3159/3/233 3160/3/233 3162/3/233 3161/3/233
f 3161/3/234 3162/3/234 3164/3/234 3163/3/234
f 3163/3/235 3164/3/235 3166/3/235 3165/3/235
f 3165/3/278 3166/3/278 3168/3/278 3167/3/278
f 3167/3/237 3168/3/237 3170/3/237 3169/3/237
f 3169/3/238 3170/3/238 3160/3/238 3159/3/238
f 3171/3/279 3172/3/279 3174/3/279 3173/3/279
f 3173/3/263 3174/3/263 3176/3/263 3175/3/263
f 3175/3/280 3176/3/280 3178/3/280 3177/3/280
f 3177/3/281 3178/3/281 3180/3/281 3179/3/281
f 3179/3/266 3180/3/266 3182/3/266 3181/3/266
f 3181/3/282 3182/3/282 3172/3/282 3171/3/282
f 3183/3/246 3184/3/246 3186/3/246 3185/3/246
f 3185/3/241 3186/3/241 3188/3/241 3187/3/241
f 3187/3/242 3188/3/242 3190/3/242 3189/3/242
f 3189/3/248 3190/3/248 3192/3/248 3191/3/248
f 3191/3/244 3192/3/244 3194/3/244 3193/3/244
f 3193/3/249 3194/3/249 3184/3/249 3183/3/249
f 3195/3/240 3196/3/240 3198/3/240 3197/3/240
f 3197/3/241 3198/3/241 3200/3/241 3199/3/241
f 3199/3/247 3200/3/247 3202/3/247 3201/3/247
f 3201/3/248 3202/3/248 3204/3/248 3203/3/248
f 3203/3/244 3204/3/244 3206/3/244 3205/3/244
f 3205/3/249 3206/3/249 3196/3/249 3195/3/249
f 5232/3/257 5233/3/257 2961/3/257 2960/3/257
f 3207/3/209 3208/3/209 3210/3/209 3209/3/209
f 3209/3/283 3210/3/283 3212/3/283 3211/3/283
f 3211/3/211 3212/3/211 3214/3/211 3213/3/211
f 3213/3/212 3214/3/212 3216/3/212 3215/3/212
f 3215/3/239 3216/3/239 3218/3/239 3217/3/239
f 3217/3/214 3218/3/214 3208/3/214 3207/3/214
f 3219/3/215 3220/3/215 3222/3/215 3221/3/215
f 3221/3/216 3222/3/216 3224/3/216 3223/3/216
f 3223/3/217 3224/3/217 3226/3/217 3225/3/217
f 3225/3/218 3226/3/218 3228/3/218 3227/3/218
f 3227/3/219 3228/3/219 3230/3/219 3229/3/219
f 3229/3/220 3230/3/220 3220/3/220 3219/3/220
f 3231/3/221 3232/3/221 3234/3/221 3233/3/221
f 3233/3/222 3234/3/222 3236/3/222 3235/3/222
f 3235/3/223 3236/3/223 3238/3/223 3237/3/223
f 3237/3/224 3238/3/224 3240/3/224 3239/3/224
f 3239/3/225 3240/3/225 3242/3/225 3241/3/225
f 3241/3/226 3242/3/226 3232/3/226 3231/3/226
f 3243/3/227 3244/3/227 3246/3/227 3245/3/227
f 3245/3/228 3246/3/228 3248/3/228 3247/3/228
f 3247/3/229 3248/3/229 3250/3/229 3249/3/229
f 3249/3/230 3250/3/230 3252/3/230 3251/3/230
f 3251/3/231 3252/3/231 3254/3/231 3253/3/231
f 3253/3/232 3254/3/232 3244/3/232 3243/3/232
f 3255/3/233 3256/3/233 3258/3/233 3257/3/233
f 3257/3/234 3258/3/234 3260/3/234 3259/3/234
f 3259/3/275 3260/3/275 3262/3/275 3261/3/275
f 3261/3/236 3262/3/236 3264/3/236 3263/3/236
f 3263/3/237 3264/3/237 3266/3/237 3265/3/237
f 3265/3/238 3266/3/238 3256/3/238 3255/3/238
f 3267/3/209 3268/3/209 3270/3/209 3269/3/209
f 3269/3/210 3270/3/210 3272/3/210 3271/3/210
f 3271/3/211 3272/3/211 3274/3/211 3273/3/211
f 3273/3/212 3274/3/212 3276/3/212 3275/3/212
f 3275/3/239 3276/3/239 3278/3/239 3277/3/239
f 3277/3/214 3278/3/214 3268/3/214 3267/3/214
f 3279/3/240 3280/3/240 3282/3/240 3281/3/240
f 3281/3/241 3282/3/241 3284/3/241 3283/3/241
f 3283/3/242 3284/3/242 3286/3/242 3285/3/242
f 3285/3/243 3286/3/243 3288/3/243 3287/3/243
f 3287/3/244 3288/3/244 3290/3/244 3289/3/244
f 3289/3/245 3290/3/245 3280/3/245 3279/3/245
f 3291/3/246 3292/3/246 3294/3/246 3293/3/246
f 3293/3/241 3294/3/241 3296/3/241 3295/3/241
f 3295/3/247 3296/3/247 3298/3/247 3297/3/247
f 3297/3/248 3298/3/248 3300/3/248 3299/3/248
f 3299/3/244 3300/3/244 3302/3/244 3301/3/244
f 3301/3/284 3302/3/284 3292/3/284 3291/3/284
f 3303/3/262 3304/3/262 3306/3/262 3305/3/262
f 3305/3/263 3306/3/263 3308/3/263 3307/3/263
f 3307/3/264 3308/3/264 3310/3/264 3309/3/264
f 3309/3/265 3310/3/265 3312/3/265 3311/3/265
f 3311/3/266 3312/3/266 3314/3/266 3313/3/266
f 3313/3/267 3314/3/267 3304/3/267 3303/3/267
f 3315/3/268 3316/3/268 3318/3/268 3317/3/268
f 3317/3/269 3318/3/269 3320/3/269 3319/3/269
f 3319/3/270 3320/3/270 3322/3/270 3321/3/270
f 3321/3/271 3322/3/271 3324/3/271 3323/3/271
f 3323/3/272 3324/3/272 3326/3/272 3325/3/272
f 3325/3/273 3326/3/273 3316/3/273 3315/3/273
f 3327/3/221 3328/3/221 3330/3/221 3329/3/221
f 3329/3/222 3330/3/222 3332/3/222 3331/3/222
f 3331/3/223 3332/3/223 3334/3/223 3333/3/223
f 3333/3/224 3334/3/224 3336/3/224 3335/3/224
f 3335/3/225 3336/3/225 3338/3/225 3337/3/225
f 3337/3/226 3338/3/226 3328/3/226 3327/3/226
f 3339/3/233 3340/3/233 3342/3/233 3341/3/233
f 3341/3/274 3342/3/274 3344/3/274 3343/3/274
f 3343/3/275 3344/3/275 3346/3/275 3345/3/275
f 3345/3/276 3346/3/276 3348/3/276 3347/3/276
f 3347/3/277 3348/3/277 3350/3/277 3349/3/277
f 3349/3/238 3350/3/238 3340/3/238 3339/3/238
f 3351/3/233 3352/3/233 3354/3/233 3353/3/233
f 3353/3/234 3354/3/234 3356/3/234 3355/3/234
f 3355/3/235 3356/3/235 3358/3/235 3357/3/235
f 3357/3/278 3358/3/278 3360/3/278 3359/3/278
f 3359/3/237 3360/3/237 3362/3/237 3361/3/237
f 3361/3/238 3362/3/238 3352/3/238 3351/3/238
f 3363/3/285 3364/3/285 3366/3/285 3365/3/285
f 3365/3/263 3366/3/263 3368/3/263 3367/3/263
f 3367/3/280 3368/3/280 3370/3/280 3369/3/280
f 3369/3/281 3370/3/281 3372/3/281 3371/3/281
f 3371/3/266 3372/3/266 3374/3/266 3373/3/266
f 3373/3/286 3374/3/286 3364/3/286 3363/3/286
f 3375/3/287 3376/3/287 3378/3/287 3377/3/287
f 3377/3/241 3378/3/241 3380/3/241 3379/3/241
f 3379/3/242 3380/3/242 3382/3/242 3381/3/242
f 3381/3/248 3382/3/248 3384/3/248 3383/3/248
f 3383/3/244 3384/3/244 3386/3/244 3385/3/244
f 3385/3/249 3386/3/249 3376/3/249 3375/3/249
f 3387/3/240 3388/3/240 3390/3/240 3389/3/240
f 3389/3/241 3390/3/241 3392/3/241 3391/3/241
f 3391/3/247 3392/3/247 3394/3/247 3393/3/247
f 3393/3/248 3394/3/248 3396/3/248 3395/3/248
f 3395/3/244 3396/3/244 3398/3/244 3397/3/244
f 3397/3/249 3398/3/249 3388/3/249 3387/3/249
f 3399/3/209 3400/3/209 3402/3/209 3401/3/209
f 3401/3/210 3402/3/210 3404/3/210 3403/3/210
f 3403/3/211 3404/3/211 3406/3/211 3405/3/211
f 3405/3/212 3406/3/212 3408/3/212 3407/3/212
f 3407/3/213 3408/3/213 3410/3/213 3409/3/213
f 3409/3/214 3410/3/214 3400/3/214 3399/3/214
f 3411/3/215 3412/3/215 3414/3/215 3413/3/215
f 3413/3/216 3414/3/216 3416/3/216 3415/3/216
f 3415/3/217 3416/3/217 3418/3/217 3417/3/217
f 3417/3/218 3418/3/218 3420/3/218 3419/3/218
f 3419/3/219 3420/3/219 3422/3/219 3421/3/219
f 3421/3/220 3422/3/220 3412/3/220 3411/3/220
f 3423/3/221 3424/3/221 3426/3/221 3425/3/221
f 3425/3/222 3426/3/222 3428/3/222 3427/3/222
f 3427/3/223 3428/3/223 3430/3/223 3429/3/223
f 3429/3/224 3430/3/224 3432/3/224 3431/3/224
f 3431/3/225 3432/3/225 3434/3/225 3433/3/225
f 3433/3/226 3434/3/226 3424/3/226 3423/3/226
f 3435/3/227 3436/3/227 3438/3/227 3437/3/227
f 3437/3/228 3438/3/228 3440/3/228 3439/3/228
f 3439/3/229 3440/3/229 3442/3/229 3441/3/229
f 3441/3/230 3442/3/230 3444/3/230 3443/3/230
f 3443/3/231 3444/3/231 3446/3/231 3445/3/231
f 3445/3/232 3446/3/232 3436/3/232 3435/3/232
f 3447/3/233 3448/3/233 3450/3/233 3449/3/233
f 3449/3/234 3450/3/234 3452/3/234 3451/3/234
f 3451/3/275 3452/3/275 3454/3/275 3453/3/275
f 3453/3/236 3454/3/236 3456/3/236 3455/3/236
f 3455/3/237 3456/3/237 3458/3/237 3457/3/237
f 3457/3/238 3458/3/238 3448/3/238 3447/3/238
f 3459/3/209 3460/3/209 3462/3/209 3461/3/209
f 3461/3/210 3462/3/210 3464/3/210 3463/3/210
f 3463/3/211 3464/3/211 3466/3/211 3465/3/211
f 3465/3/212 3466/3/212 3468/3/212 3467/3/212
f 3467/3/239 3468/3/239 3470/3/239 3469/3/239
f 3469/3/214 3470/3/214 3460/3/214 3459/3/214
f 3471/3/240 3472/3/240 3474/3/240 3473/3/240
f 3473/3/241 3474/3/241 3476/3/241 3475/3/241
f 3475/3/242 3476/3/242 3478/3/242 3477/3/242
f 3477/3/243 3478/3/243 3480/3/243 3479/3/243
f 3479/3/244 3480/3/244 3482/3/244 3481/3/244
f 3481/3/245 3482/3/245 3472/3/245 3471/3/245
f 3483/3/246 3484/3/246 3486/3/246 3485/3/246
f 3485/3/241 3486/3/241 3488/3/241 3487/3/241
f 3487/3/247 3488/3/247 3490/3/247 3489/3/247
f 3489/3/248 3490/3/248 3492/3/248 3491/3/248
f 3491/3/244 3492/3/244 3494/3/244 3493/3/244
f 3493/3/288 3494/3/288 3484/3/288 3483/3/288
f 3495/3/262 3496/3/262 3498/3/262 3497/3/262
f 3497/3/263 3498/3/263 3500/3/263 3499/3/263
f 3499/3/264 3500/3/264 3502/3/264 3501/3/264
f 3501/3/265 3502/3/265 3504/3/265 3503/3/265
f 3503/3/266 3504/3/266 3506/3/266 3505/3/266
f 3505/3/267 3506/3/267 3496/3/267 3495/3/267
f 3507/3/268 3508/3/268 3510/3/268 3509/3/268
f 3509/3/269 3510/3/269 3512/3/269 3511/3/269
f 3511/3/270 3512/3/270 3514/3/270 3513/3/270
f 3513/3/271 3514/3/271 3516/3/271 3515/3/271
f 3515/3/272 3516/3/272 3518/3/272 3517/3/272
f 3517/3/273 3518/3/273 3508/3/273 3507/3/273
f 3519/3/221 3520/3/221 3522/3/221 3521/3/221
f 3521/3/222 3522/3/222 3524/3/222 3523/3/222
f 3523/3/223 3524/3/223 3526/3/223 3525/3/223
f 3525/3/224 3526/3/224 3528/3/224 3527/3/224
f 3527/3/225 3528/3/225 3530/3/225 3529/3/225
f 3529/3/226 3530/3/226 3520/3/226 3519/3/226
f 3531/3/233 3532/3/233 3534/3/233 3533/3/233
f 3533/3/274 3534/3/274 3536/3/274 3535/3/274
f 3535/3/275 3536/3/275 3538/3/275 3537/3/275
f 3537/3/276 3538/3/276 3540/3/276 3539/3/276
f 3539/3/277 3540/3/277 3542/3/277 3541/3/277
f 3541/3/238 3542/3/238 3532/3/238 3531/3/238
f 3543/3/233 3544/3/233 3546/3/233 3545/3/233
f 3545/3/234 3546/3/234 3548/3/234 3547/3/234
f 3547/3/235 3548/3/235 3550/3/235 3549/3/235
f 3549/3/278 3550/3/278 3552/3/278 3551/3/278
f 3551/3/237 3552/3/237 3554/3/237 3553/3/237
f 3553/3/238 3554/3/238 3544/3/238 3543/3/238
f 3555/3/285 3556/3/285 3558/3/285 3557/3/285
f 3557/3/263 3558/3/263 3560/3/263 3559/3/263
f 3559/3/280 3560/3/280 3562/3/280 3561/3/280
f 3561/3/281 3562/3/281 3564/3/281 3563/3/281
f 3563/3/266 3564/3/266 3566/3/266 3565/3/266
f 3565/3/282 3566/3/282 3556/3/282 3555/3/282
f 3567/3/287 3568/3/287 3570/3/287 3569/3/287
f 3569/3/241 3570/3/241 3572/3/241 3571/3/241
f 3571/3/242 3572/3/242 3574/3/242 3573/3/242
f 3573/3/248 3574/3/248 3576/3/248 3575/3/248
f 3575/3/244 3576/3/244 3578/3/244 3577/3/244
f 3577/3/249 3578/3/249 3568/3/249 3567/3/249
f 3579/3/240 3580/3/240 3582/3/240 3581/3/240
f 3581/3/241 3582/3/241 3584/3/241 3583/3/241
f 3583/3/247 3584/3/247 3586/3/247 3585/3/247
f 3585/3/248 3586/3/248 3588/3/248 3587/3/248
f 3587/3/244 3588/3/244 3590/3/244 3589/3/244
f 3589/3/249 3590/3/249 3580/3/249 3579/3/249
f 3591/3/209 3592/3/209 3594/3/209 3593/3/209
f 3593/3/283 3594/3/283 3596/3/283 3595/3/283
f 3595/3/211 3596/3/211 3598/3/211 3597/3/211
f 3597/3/212 3598/3/212 3600/3/212 3599/3/212
f 3599/3/213 3600/3/213 3602/3/213 3601/3/213
f 3601/3/214 3602/3/214 3592/3/214 3591/3/214
f 3603/3/215 3604/3/215 3606/3/215 3605/3/215
f 3605/3/216 3606/3/216 3608/3/216 3607/3/216
f 3607/3/217 3608/3/217 3610/3/217 3609/3/217
f 3609/3/218 3610/3/218 3612/3/218 3611/3/218
f 3611/3/219 3612/3/219 3614/3/219 3613/3/219
f 3613/3/220 3614/3/220 3604/3/220 3603/3/220
f 3615/3/221 3616/3/221 3618/3/221 3617/3/221
f 3617/3/222 3618/3/222 3620/3/222 3619/3/222
f 3619/3/223 3620/3/223 3622/3/223 3621/3/223
f 3621/3/224 3622/3/224 3624/3/224 3623/3/224
f 3623/3/225 3624/3/225 3626/3/225 3625/3/225
f 3625/3/226 3626/3/226 3616/3/226 3615/3/226
f 3627/3/227 3628/3/227 3630/3/227 3629/3/227
f 3629/3/228 3630/3/228 3632/3/228 3631/3/228
f 3631/3/229 3632/3/229 3634/3/229 3633/3/229
f 3633/3/230 3634/3/230 3636/3/230 3635/3/230
f 3635/3/231 3636/3/231 3638/3/231 3637/3/231
f 3637/3/232 3638/3/232 3628/3/232 3627/3/232
f 3639/3/233 3640/3/233 3642/3/233 3641/3/233
f 3641/3/234 3642/3/234 3644/3/234 3643/3/234
f 3643/3/275 3644/3/275 3646/3/275 3645/3/275
f 3645/3/278 3646/3/278 3648/3/278 3647/3/278
f 3647/3/237 3648/3/237 3650/3/237 3649/3/237
f 3649/3/238 3650/3/238 3640/3/238 3639/3/238
f 3651/3/209 3652/3/209 3654/3/209 3653/3/209
f 3653/3/210 3654/3/210 3656/3/210 3655/3/210
f 3655/3/211 3656/3/211 3658/3/211 3657/3/211
f 3657/3/212 3658/3/212 3660/3/212 3659/3/212
f 3659/3/239 3660/3/239 3662/3/239 3661/3/239
f 3661/3/214 3662/3/214 3652/3/214 3651/3/214
f 3663/3/240 3664/3/240 3666/3/240 3665/3/240
f 3665/3/241 3666/3/241 3668/3/241 3667/3/241
f 3667/3/242 3668/3/242 3670/3/242 3669/3/242
f 3669/3/243 3670/3/243 3672/3/243 3671/3/243
f 3671/3/244 3672/3/244 3674/3/244 3673/3/244
f 3673/3/245 3674/3/245 3664/3/245 3663/3/245
f 3675/3/246 3676/3/246 3678/3/246 3677/3/246
f 3677/3/241 3678/3/241 3680/3/241 3679/3/241
f 3679/3/247 3680/3/247 3682/3/247 3681/3/247
f 3681/3/248 3682/3/248 3684/3/248 3683/3/248
f 3683/3/244 3684/3/244 3686/3/244 3685/3/244
f 3685/3/284 3686/3/284 3676/3/284 3675/3/284
f 3687/3/262 3688/3/262 3690/3/262 3689/3/262
f 3689/3/263 3690/3/263 3692/3/263 3691/3/263
f 3691/3/264 3692/3/264 3694/3/264 3693/3/264
f 3693/3/265 3694/3/265 3696/3/265 3695/3/265
f 3695/3/266 3696/3/266 3698/3/266 3697/3/266
f 3697/3/267 3698/3/267 3688/3/267 3687/3/267
f 3699/3/268 3700/3/268 3702/3/268 3701/3/268
f 3701/3/269 3702/3/269 3704/3/269 3703/3/269
f 3703/3/270 3704/3/270 3706/3/270 3705/3/270
f 3705/3/289 3706/3/289 3708/3/289 3707/3/289
f 3707/3/272 3708/3/272 3710/3/272 3709/3/272
f 3709/3/290 3710/3/290 3700/3/290 3699/3/290
f 3711/3/221 3712/3/221 3714/3/221 3713/3/221
f 3713/3/222 3714/3/222 3716/3/222 3715/3/222
f 3715/3/223 3716/3/223 3718/3/223 3717/3/223
f 3717/3/224 3718/3/224 3720/3/224 3719/3/224
f 3719/3/225 3720/3/225 3722/3/225 3721/3/225
f 3721/3/226 3722/3/226 3712/3/226 3711/3/226
f 3723/3/233 3724/3/233 3726/3/233 3725/3/233
f 3725/3/274 3726/3/274 3728/3/274 3727/3/274
f 3727/3/275 3728/3/275 3730/3/275 3729/3/275
f 3729/3/276 3730/3/276 3732/3/276 3731/3/276
f 3731/3/277 3732/3/277 3734/3/277 3733/3/277
f 3733/3/238 3734/3/238 3724/3/238 3723/3/238
f 3735/3/233 3736/3/233 3738/3/233 3737/3/233
f 3737/3/234 3738/3/234 3740/3/234 3739/3/234
f 3739/3/235 3740/3/235 3742/3/235 3741/3/235
f 3741/3/278 3742/3/278 3744/3/278 3743/3/278
f 3743/3/237 3744/3/237 3746/3/237 3745/3/237
f 3745/3/238 3746/3/238 3736/3/238 3735/3/238
f 3747/3/285 3748/3/285 3750/3/285 3749/3/285
f 3749/3/263 3750/3/263 3752/3/263 3751/3/263
f 3751/3/280 3752/3/280 3754/3/280 3753/3/280
f 3753/3/281 3754/3/281 3756/3/281 3755/3/281
f 3755/3/266 3756/3/266 3758/3/266 3757/3/266
f 3757/3/282 3758/3/282 3748/3/282 3747/3/282
f 3759/3/240 3760/3/240 3762/3/240 3761/3/240
f 3761/3/241 3762/3/241 3764/3/241 3763/3/241
f 3763/3/242 3764/3/242 3766/3/242 3765/3/242
f 3765/3/248 3766/3/248 3768/3/248 3767/3/248
f 3767/3/244 3768/3/244 3770/3/244 3769/3/244
f 3769/3/249 3770/3/249 3760/3/249 3759/3/249
f 3771/3/240 3772/3/240 3774/3/240 3773/3/240
f 3773/3/241 3774/3/241 3776/3/241 3775/3/241
f 3775/3/247 3776/3/247 3778/3/247 3777/3/247
f 3777/3/248 3778/3/248 3780/3/248 3779/3/248
f 3779/3/244 3780/3/244 3782/3/244 3781/3/244
f 3781/3/249 3782/3/249 3772/3/249 3771/3/249
f 2962/3/252 2961/3/252 5233/3/252 5234/3/252
f 2964/3/254 2963/3/254 5235/3/254 5236/3/254
f 2971/3/201 2972/3/201 5244/3/201 5243/3/201
f 2966/3/253 2965/3/253 5237/3/253 5238/3/253
f 5248/3/257 5249/3/257 2977/3/257 2976/3/257
f 2978/3/252 2977/3/252 5249/3/252 5250/3/252
f 2980/3/254 2979/3/254 5251/3/254 5252/3/254
f 2982/3/253 2981/3/253 5253/3/253 5254/3/253
f 2962/3/250 5234/3/250 5237/3/250 2965/3/250
f 2966/3/291 5238/3/291 5235/3/291 2963/3/291
f 2964/3/259 5236/3/259 5231/3/259 2959/3/259
f 2969/3/204 2970/3/204 5242/3/204 5241/3/204
f 2967/3/256 5239/3/256 5242/3/256 2970/3/256
f 2973/3/206 2974/3/206 5246/3/206 5245/3/206
f 2974/3/207 2969/3/207 5241/3/207 5246/3/207
f 2972/3/208 2973/3/208 5245/3/208 5244/3/208
f 2978/3/250 5250/3/250 5253/3/250 2981/3/250
f 2982/3/258 5254/3/258 5251/3/258 2979/3/258
f 2980/3/259 5252/3/259 5247/3/259 2975/3/259
f 2971/3/251 5243/3/251 5240/3/251 2968/3/251
f 3783/3/209 3784/3/209 3786/3/209 3785/3/209
f 3785/3/283 3786/3/283 3788/3/283 3787/3/283
f 3787/3/211 3788/3/211 3790/3/211 3789/3/211
f 3789/3/212 3790/3/212 3792/3/212 3791/3/212
f 3791/3/213 3792/3/213 3794/3/213 3793/3/213
f 3793/3/214 3794/3/214 3784/3/214 3783/3/214
f 3795/3/215 3796/3/215 3798/3/215 3797/3/215
f 3797/3/216 3798/3/216 3800/3/216 3799/3/216
f 3799/3/217 3800/3/217 3802/3/217 3801/3/217
f 3801/3/218 3802/3/218 3804/3/218 3803/3/218
f 3803/3/219 3804/3/219 3806/3/219 3805/3/219
f 3805/3/220 3806/3/220 3796/3/220 3795/3/220
f 3807/3/221 3808/3/221 3810/3/221 3809/3/221
f 3809/3/222 3810/3/222 3812/3/222 3811/3/222
f 3811/3/223 3812/3/223 3814/3/223 3813/3/223
f 3813/3/224 3814/3/224 3816/3/224 3815/3/224
f 3815/3/225 3816/3/225 3818/3/225 3817/3/225
f 3817/3/226 3818/3/226 3808/3/226 3807/3/226
f 3819/3/227 3820/3/227 3822/3/227 3821/3/227
f 3821/3/228 3822/3/228 3824/3/228 3823/3/228
f 3823/3/229 3824/3/229 3826/3/229 3825/3/229
f 3825/3/230 3826/3/230 3828/3/230 3827/3/230
f 3827/3/231 3828/3/231 3830/3/231 3829/3/231
f 3829/3/232 3830/3/232 3820/3/232 3819/3/232
f 3831/3/233 3832/3/233 3834/3/233 3833/3/233
f 3833/3/234 3834/3/234 3836/3/234 3835/3/234
f 3835/3/275 3836/3/275 3838/3/275 3837/3/275
f 3837/3/236 3838/3/236 3840/3/236 3839/3/236
f 3839/3/237 3840/3/237 3842/3/237 3841/3/237
f 3841/3/238 3842/3/238 3832/3/238 3831/3/238
f 3843/3/209 3844/3/209 3846/3/209 3845/3/209
f 3845/3/210 3846/3/210 3848/3/210 3847/3/210
f 3847/3/211 3848/3/211 3850/3/211 3849/3/211
f 3849/3/212 3850/3/212 3852/3/212 3851/3/212
f 3851/3/239 3852/3/239 3854/3/239 3853/3/239
f 3853/3/214 3854/3/214 3844/3/214 3843/3/214
f 3855/3/240 3856/3/240 3858/3/240 3857/3/240
f 3857/3/241 3858/3/241 3860/3/241 3859/3/241
f 3859/3/242 3860/3/242 3862/3/242 3861/3/242
f 3861/3/243 3862/3/243 3864/3/243 3863/3/243
f 3863/3/244 3864/3/244 3866/3/244 3865/3/244
f 3865/3/245 3866/3/245 3856/3/245 3855/3/245
f 3867/3/246 3868/3/246 3870/3/246 3869/3/246
f 3869/3/241 3870/3/241 3872/3/241 3871/3/241
f 3871/3/247 3872/3/247 3874/3/247 3873/3/247
f 3873/3/248 3874/3/248 3876/3/248 3875/3/248
f 3875/3/244 3876/3/244 3878/3/244 3877/3/244
f 3877/3/288 3878/3/288 3868/3/288 3867/3/288
f 3879/3/262 3880/3/262 3882/3/262 3881/3/262
f 3881/3/263 3882/3/263 3884/3/263 3883/3/263
f 3883/3/264 3884/3/264 3886/3/264 3885/3/264
f 3885/3/265 3886/3/265 3888/3/265 3887/3/265
f 3887/3/266 3888/3/266 3890/3/266 3889/3/266
f 3889/3/267 3890/3/267 3880/3/267 3879/3/267
f 3891/3/268 3892/3/268 3894/3/268 3893/3/268
f 3893/3/269 3894/3/269 3896/3/269 3895/3/269
f 3895/3/270 3896/3/270 3898/3/270 3897/3/270
f 3897/3/289 3898/3/289 3900/3/289 3899/3/289
f 3899/3/272 3900/3/272 3902/3/272 3901/3/272
f 3901/3/290 3902/3/290 3892/3/290 3891/3/290
f 3903/3/221 3904/3/221 3906/3/221 3905/3/221
f 3905/3/222 3906/3/222 3908/3/222 3907/3/222
f 3907/3/223 3908/3/223 3910/3/223 3909/3/223
f 3909/3/224 3910/3/224 3912/3/224 3911/3/224
f 3911/3/225 3912/3/225 3914/3/225 3913/3/225
f 3913/3/226 3914/3/226 3904/3/226 3903/3/226
f 3915/3/233 3916/3/233 3918/3/233 3917/3/233
f 3917/3/274 3918/3/274 3920/3/274 3919/3/274
f 3919/3/235 3920/3/235 3922/3/235 3921/3/235
f 3921/3/278 3922/3/278 3924/3/278 3923/3/278
f 3923/3/277 3924/3/277 3926/3/277 3925/3/277
f 3925/3/238 3926/3/238 3916/3/238 3915/3/238
f 3927/3/233 3928/3/233 3930/3/233 3929/3/233
f 3929/3/234 3930/3/234 3932/3/234 3931/3/234
f 3931/3/235 3932/3/235 3934/3/235 3933/3/235
f 3933/3/278 3934/3/278 3936/3/278 3935/3/278
f 3935/3/237 3936/3/237 3938/3/237 3937/3/237
f 3937/3/238 3938/3/238 3928/3/238 3927/3/238
f 3939/3/285 3940/3/285 3942/3/285 3941/3/285
f 3941/3/263 3942/3/263 3944/3/263 3943/3/263
f 3943/3/280 3944/3/280 3946/3/280 3945/3/280
f 3945/3/281 3946/3/281 3948/3/281 3947/3/281
f 3947/3/266 3948/3/266 3950/3/266 3949/3/266
f 3949/3/282 3950/3/282 3940/3/282 3939/3/282
f 3951/3/287 3952/3/287 3954/3/287 3953/3/287
f 3953/3/241 3954/3/241 3956/3/241 3955/3/241
f 3955/3/242 3956/3/242 3958/3/242 3957/3/242
f 3957/3/248 3958/3/248 3960/3/248 3959/3/248
f 3959/3/244 3960/3/244 3962/3/244 3961/3/244
f 3961/3/249 3962/3/249 3952/3/249 3951/3/249
f 3963/3/240 3964/3/240 3966/3/240 3965/3/240
f 3965/3/241 3966/3/241 3968/3/241 3967/3/241
f 3967/3/247 3968/3/247 3970/3/247 3969/3/247
f 3969/3/248 3970/3/248 3972/3/248 3971/3/248
f 3971/3/244 3972/3/244 3974/3/244 3973/3/244
f 3973/3/249 3974/3/249 3964/3/249 3963/3/249
f 3975/3/209 3976/3/209 3978/3/209 3977/3/209
f 3977/3/283 3978/3/283 3980/3/283 3979/3/283
f 3979/3/211 3980/3/211 3982/3/211 3981/3/211
f 3981/3/212 3982/3/212 3984/3/212 3983/3/212
f 3983/3/213 3984/3/213 3986/3/213 3985/3/213
f 3985/3/214 3986/3/214 3976/3/214 3975/3/214
f 3987/3/215 3988/3/215 3990/3/215 3989/3/215
f 3989/3/216 3990/3/216 3992/3/216 3991/3/216
f 3991/3/217 3992/3/217 3994/3/217 3993/3/217
f 3993/3/218 3994/3/218 3996/3/218 3995/3/218
f 3995/3/219 3996/3/219 3998/3/219 3997/3/219
f 3997/3/220 3998/3/220 3988/3/220 3987/3/220
f 3999/3/221 4000/3/221 4002/3/221 4001/3/221
f 4001/3/222 4002/3/222 4004/3/222 4003/3/222
f 4003/3/223 4004/3/223 4006/3/223 4005/3/223
f 4005/3/224 4006/3/224 4008/3/224 4007/3/224
f 4007/3/225 4008/3/225 4010/3/225 4009/3/225
f 4009/3/226 4010/3/226 4000/3/226 3999/3/226
f 4011/3/227 4012/3/227 4014/3/227 4013/3/227
f 4013/3/228 4014/3/228 4016/3/228 4015/3/228
f 4015/3/229 4016/3/229 4018/3/229 4017/3/229
f 4017/3/230 4018/3/230 4020/3/230 4019/3/230
f 4019/3/231 4020/3/231 4022/3/231 4021/3/231
f 4021/3/232 4022/3/232 4012/3/232 4011/3/232
f 4023/3/233 4024/3/233 4026/3/233 4025/3/233
f 4025/3/234 4026/3/234 4028/3/234 4027/3/234
f 4027/3/275 4028/3/275 4030/3/275 4029/3/275
f 4029/3/236 4030/3/236 4032/3/236 4031/3/236
f 4031/3/237 4032/3/237 4034/3/237 4033/3/237
f 4033/3/238 4034/3/238 4024/3/238 4023/3/238
f 4035/3/209 4036/3/209 4038/3/209 4037/3/209
f 4037/3/283 4038/3/283 4040/3/283 4039/3/283
f 4039/3/292 4040/3/292 4042/3/292 4041/3/292
f 4041/3/212 4042/3/212 4044/3/212 4043/3/212
f 4043/3/213 4044/3/213 4046/3/213 4045/3/213
f 4045/3/214 4046/3/214 4036/3/214 4035/3/214
f 4047/3/240 4048/3/240 4050/3/240 4049/3/240
f 4049/3/241 4050/3/241 4052/3/241 4051/3/241
f 4051/3/242 4052/3/242 4054/3/242 4053/3/242
f 4053/3/243 4054/3/243 4056/3/243 4055/3/243
f 4055/3/244 4056/3/244 4058/3/244 4057/3/244
f 4057/3/245 4058/3/245 4048/3/245 4047/3/245
f 4059/3/246 4060/3/246 4062/3/246 4061/3/246
f 4061/3/241 4062/3/241 4064/3/241 4063/3/241
f 4063/3/247 4064/3/247 4066/3/247 4065/3/247
f 4065/3/248 4066/3/248 4068/3/248 4067/3/248
f 4067/3/244 4068/3/244 4070/3/244 4069/3/244
f 4069/3/284 4070/3/284 4060/3/284 4059/3/284
f 4071/3/262 4072/3/262 4074/3/262 4073/3/262
f 4073/3/263 4074/3/263 4076/3/263 4075/3/263
f 4075/3/264 4076/3/264 4078/3/264 4077/3/264
f 4077/3/265 4078/3/265 4080/3/265 4079/3/265
f 4079/3/266 4080/3/266 4082/3/266 4081/3/266
f 4081/3/267 4082/3/267 4072/3/267 4071/3/267
f 4083/3/268 4084/3/268 4086/3/268 4085/3/268
f 4085/3/269 4086/3/269 4088/3/269 4087/3/269
f 4087/3/270 4088/3/270 4090/3/270 4089/3/270
f 4089/3/289 4090/3/289 4092/3/289 4091/3/289
f 4091/3/272 4092/3/272 4094/3/272 4093/3/272
f 4093/3/290 4094/3/290 4084/3/290 4083/3/290
f 4095/3/221 4096/3/221 4098/3/221 4097/3/221
f 4097/3/222 4098/3/222 4100/3/222 4099/3/222
f 4099/3/223 4100/3/223 4102/3/223 4101/3/223
f 4101/3/224 4102/3/224 4104/3/224 4103/3/224
f 4103/3/225 4104/3/225 4106/3/225 4105/3/225
f 4105/3/226 4106/3/226 4096/3/226 4095/3/226
f 4107/3/233 4108/3/233 4110/3/233 4109/3/233
f 4109/3/274 4110/3/274 4112/3/274 4111/3/274
f 4111/3/235 4112/3/235 4114/3/235 4113/3/235
f 4113/3/278 4114/3/278 4116/3/278 4115/3/278
f 4115/3/277 4116/3/277 4118/3/277 4117/3/277
f 4117/3/238 4118/3/238 4108/3/238 4107/3/238
f 4119/3/233 4120/3/233 4122/3/233 4121/3/233
f 4121/3/234 4122/3/234 4124/3/234 4123/3/234
f 4123/3/235 4124/3/235 4126/3/235 4125/3/235
f 4125/3/278 4126/3/278 4128/3/278 4127/3/278
f 4127/3/237 4128/3/237 4130/3/237 4129/3/237
f 4129/3/238 4130/3/238 4120/3/238 4119/3/238
f 4131/3/285 4132/3/285 4134/3/285 4133/3/285
f 4133/3/263 4134/3/263 4136/3/263 4135/3/263
f 4135/3/280 4136/3/280 4138/3/280 4137/3/280
f 4137/3/281 4138/3/281 4140/3/281 4139/3/281
f 4139/3/266 4140/3/266 4142/3/266 4141/3/266
f 4141/3/282 4142/3/282 4132/3/282 4131/3/282
f 4143/3/287 4144/3/287 4146/3/287 4145/3/287
f 4145/3/241 4146/3/241 4148/3/241 4147/3/241
f 4147/3/242 4148/3/242 4150/3/242 4149/3/242
f 4149/3/248 4150/3/248 4152/3/248 4151/3/248
f 4151/3/244 4152/3/244 4154/3/244 4153/3/244
f 4153/3/249 4154/3/249 4144/3/249 4143/3/249
f 4155/3/240 4156/3/240 4158/3/240 4157/3/240
f 4157/3/241 4158/3/241 4160/3/241 4159/3/241
f 4159/3/247 4160/3/247 4162/3/247 4161/3/247
f 4161/3/248 4162/3/248 4164/3/248 4163/3/248
f 4163/3/244 4164/3/244 4166/3/244 4165/3/244
f 4165/3/249 4166/3/249 4156/3/249 4155/3/249
f 4167/3/209 4168/3/209 4170/3/209 4169/3/209
f 4169/3/283 4170/3/283 4172/3/283 4171/3/283
f 4171/3/211 4172/3/211 4174/3/211 4173/3/211
f 4173/3/212 4174/3/212 4176/3/212 4175/3/212
f 4175/3/213 4176/3/213 4178/3/213 4177/3/213
f 4177/3/214 4178/3/214 4168/3/214 4167/3/214
f 4179/3/215 4180/3/215 4182/3/215 4181/3/215
f 4181/3/216 4182/3/216 4184/3/216 4183/3/216
f 4183/3/217 4184/3/217 4186/3/217 4185/3/217
f 4185/3/218 4186/3/218 4188/3/218 4187/3/218
f 4187/3/219 4188/3/219 4190/3/219 4189/3/219
f 4189/3/220 4190/3/220 4180/3/220 4179/3/220
f 4191/3/221 4192/3/221 4194/3/221 4193/3/221
f 4193/3/222 4194/3/222 4196/3/222 4195/3/222
f 4195/3/223 4196/3/223 4198/3/223 4197/3/223
f 4197/3/224 4198/3/224 4200/3/224 4199/3/224
f 4199/3/225 4200/3/225 4202/3/225 4201/3/225
f 4201/3/226 4202/3/226 4192/3/226 4191/3/226
f 4203/3/293 4204/3/293 4206/3/293 4205/3/293
f 4205/3/228 4206/3/228 4208/3/228 4207/3/228
f 4207/3/229 4208/3/229 4210/3/229 4209/3/229
f 4209/3/294 4210/3/294 4212/3/294 4211/3/294
f 4211/3/231 4212/3/231 4214/3/231 4213/3/231
f 4213/3/232 4214/3/232 4204/3/232 4203/3/232
f 4215/3/233 4216/3/233 4218/3/233 4217/3/233
f 4217/3/234 4218/3/234 4220/3/234 4219/3/234
f 4219/3/235 4220/3/235 4222/3/235 4221/3/235
f 4221/3/236 4222/3/236 4224/3/236 4223/3/236
f 4223/3/237 4224/3/237 4226/3/237 4225/3/237
f 4225/3/238 4226/3/238 4216/3/238 4215/3/238
f 4227/3/209 4228/3/209 4230/3/209 4229/3/209
f 4229/3/210 4230/3/210 4232/3/210 4231/3/210
f 4231/3/211 4232/3/211 4234/3/211 4233/3/211
f 4233/3/212 4234/3/212 4236/3/212 4235/3/212
f 4235/3/213 4236/3/213 4238/3/213 4237/3/213
f 4237/3/214 4238/3/214 4228/3/214 4227/3/214
f 4239/3/240 4240/3/240 4242/3/240 4241/3/240
f 4241/3/241 4242/3/241 4244/3/241 4243/3/241
f 4243/3/242 4244/3/242 4246/3/242 4245/3/242
f 4245/3/243 4246/3/243 4248/3/243 4247/3/243
f 4247/3/244 4248/3/244 4250/3/244 4249/3/244
f 4249/3/245 4250/3/245 4240/3/245 4239/3/245
f 4251/3/246 4252/3/246 4254/3/246 4253/3/246
f 4253/3/241 4254/3/241 4256/3/241 4255/3/241
f 4255/3/247 4256/3/247 4258/3/247 4257/3/247
f 4257/3/248 4258/3/248 4260/3/248 4259/3/248
f 4259/3/244 4260/3/244 4262/3/244 4261/3/244
f 4261/3/284 4262/3/284 4252/3/284 4251/3/284
f 4263/3/262 4264/3/262 4266/3/262 4265/3/262
f 4265/3/263 4266/3/263 4268/3/263 4267/3/263
f 4267/3/264 4268/3/264 4270/3/264 4269/3/264
f 4269/3/265 4270/3/265 4272/3/265 4271/3/265
f 4271/3/266 4272/3/266 4274/3/266 4273/3/266
f 4273/3/267 4274/3/267 4264/3/267 4263/3/267
f 4275/3/268 4276/3/268 4278/3/268 4277/3/268
f 4277/3/269 4278/3/269 4280/3/269 4279/3/269
f 4279/3/270 4280/3/270 4282/3/270 4281/3/270
f 4281/3/289 4282/3/289 4284/3/289 4283/3/289
f 4283/3/272 4284/3/272 4286/3/272 4285/3/272
f 4285/3/290 4286/3/290 4276/3/290 4275/3/290
f 4287/3/221 4288/3/221 4290/3/221 4289/3/221
f 4289/3/222 4290/3/222 4292/3/222 4291/3/222
f 4291/3/223 4292/3/223 4294/3/223 4293/3/223
f 4293/3/224 4294/3/224 4296/3/224 4295/3/224
f 4295/3/225 4296/3/225 4298/3/225 4297/3/225
f 4297/3/226 4298/3/226 4288/3/226 4287/3/226
f 4299/3/233 4300/3/233 4302/3/233 4301/3/233
f 4301/3/274 4302/3/274 4304/3/274 4303/3/274
f 4303/3/275 4304/3/275 4306/3/275 4305/3/275
f 4305/3/278 4306/3/278 4308/3/278 4307/3/278
f 4307/3/277 4308/3/277 4310/3/277 4309/3/277
f 4309/3/238 4310/3/238 4300/3/238 4299/3/238
f 4311/3/233 4312/3/233 4314/3/233 4313/3/233
f 4313/3/234 4314/3/234 4316/3/234 4315/3/234
f 4315/3/235 4316/3/235 4318/3/235 4317/3/235
f 4317/3/236 4318/3/236 4320/3/236 4319/3/236
f 4319/3/237 4320/3/237 4322/3/237 4321/3/237
f 4321/3/295 4322/3/295 4312/3/295 4311/3/295
f 4323/3/285 4324/3/285 4326/3/285 4325/3/285
f 4325/3/263 4326/3/263 4328/3/263 4327/3/263
f 4327/3/280 4328/3/280 4330/3/280 4329/3/280
f 4329/3/281 4330/3/281 4332/3/281 4331/3/281
f 4331/3/266 4332/3/266 4334/3/266 4333/3/266
f 4333/3/282 4334/3/282 4324/3/282 4323/3/282
f 4335/3/287 4336/3/287 4338/3/287 4337/3/287
f 4337/3/241 4338/3/241 4340/3/241 4339/3/241
f 4339/3/242 4340/3/242 4342/3/242 4341/3/242
f 4341/3/248 4342/3/248 4344/3/248 4343/3/248
f 4343/3/244 4344/3/244 4346/3/244 4345/3/244
f 4345/3/249 4346/3/249 4336/3/249 4335/3/249
f 4347/3/240 4348/3/240 4350/3/240 4349/3/240
f 4349/3/241 4350/3/241 4352/3/241 4351/3/241
f 4351/3/247 4352/3/247 4354/3/247 4353/3/247
f 4353/3/248 4354/3/248 4356/3/248 4355/3/248
f 4355/3/244 4356/3/244 4358/3/244 4357/3/244
f 4357/3/249 4358/3/249 4348/3/249 4347/3/249
f 4359/3/209 4360/3/209 4362/3/209 4361/3/209
f 4361/3/283 4362/3/283 4364/3/283 4363/3/283
f 4363/3/211 4364/3/211 4366/3/211 4365/3/211
f 4365/3/212 4366/3/212 4368/3/212 4367/3/212
f 4367/3/213 4368/3/213 4370/3/213 4369/3/213
f 4369/3/214 4370/3/214 4360/3/214 4359/3/214
f 4371/3/215 4372/3/215 4374/3/215 4373/3/215
f 4373/3/216 4374/3/216 4376/3/216 4375/3/216
f 4375/3/217 4376/3/217 4378/3/217 4377/3/217
f 4377/3/218 4378/3/218 4380/3/218 4379/3/218
f 4379/3/219 4380/3/219 4382/3/219 4381/3/219
f 4381/3/220 4382/3/220 4372/3/220 4371/3/220
f 4383/3/221 4384/3/221 4386/3/221 4385/3/221
f 4385/3/222 4386/3/222 4388/3/222 4387/3/222
f 4387/3/223 4388/3/223 4390/3/223 4389/3/223
f 4389/3/224 4390/3/224 4392/3/224 4391/3/224
f 4391/3/225 4392/3/225 4394/3/225 4393/3/225
f 4393/3/226 4394/3/226 4384/3/226 4383/3/226
f 4395/3/293 4396/3/293 4398/3/293 4397/3/293
f 4397/3/228 4398/3/228 4400/3/228 4399/3/228
f 4399/3/229 4400/3/229 4402/3/229 4401/3/229
f 4401/3/230 4402/3/230 4404/3/230 4403/3/230
f 4403/3/231 4404/3/231 4406/3/231 4405/3/231
f 4405/3/232 4406/3/232 4396/3/232 4395/3/232
f 4407/3/233 4408/3/233 4410/3/233 4409/3/233
f 4409/3/234 4410/3/234 4412/3/234 4411/3/234
f 4411/3/275 4412/3/275 4414/3/275 4413/3/275
f 4413/3/236 4414/3/236 4416/3/236 4415/3/236
f 4415/3/237 4416/3/237 4418/3/237 4417/3/237
f 4417/3/238 4418/3/238 4408/3/238 4407/3/238
f 4419/3/209 4420/3/209 4422/3/209 4421/3/209
f 4421/3/283 4422/3/283 4424/3/283 4423/3/283
f 4423/3/211 4424/3/211 4426/3/211 4425/3/211
f 4425/3/212 4426/3/212 4428/3/212 4427/3/212
f 4427/3/239 4428/3/239 4430/3/239 4429/3/239
f 4429/3/214 4430/3/214 4420/3/214 4419/3/214
f 4431/3/240 4432/3/240 4434/3/240 4433/3/240
f 4433/3/241 4434/3/241 4436/3/241 4435/3/241
f 4435/3/242 4436/3/242 4438/3/242 4437/3/242
f 4437/3/243 4438/3/243 4440/3/243 4439/3/243
f 4439/3/244 4440/3/244 4442/3/244 4441/3/244
f 4441/3/245 4442/3/245 4432/3/245 4431/3/245
f 4443/3/246 4444/3/246 4446/3/246 4445/3/246
f 4445/3/241 4446/3/241 4448/3/241 4447/3/241
f 4447/3/247 4448/3/247 4450/3/247 4449/3/247
f 4449/3/248 4450/3/248 4452/3/248 4451/3/248
f 4451/3/244 4452/3/244 4454/3/244 4453/3/244
f 4453/3/284 4454/3/284 4444/3/284 4443/3/284
f 4455/3/262 4456/3/262 4458/3/262 4457/3/262
f 4457/3/263 4458/3/263 4460/3/263 4459/3/263
f 4459/3/264 4460/3/264 4462/3/264 4461/3/264
f 4461/3/265 4462/3/265 4464/3/265 4463/3/265
f 4463/3/266 4464/3/266 4466/3/266 4465/3/266
f 4465/3/267 4466/3/267 4456/3/267 4455/3/267
f 4467/3/268 4468/3/268 4470/3/268 4469/3/268
f 4469/3/269 4470/3/269 4472/3/269 4471/3/269
f 4471/3/296 4472/3/296 4474/3/296 4473/3/296
f 4473/3/271 4474/3/271 4476/3/271 4475/3/271
f 4475/3/272 4476/3/272 4478/3/272 4477/3/272
f 4477/3/273 4478/3/273 4468/3/273 4467/3/273
f 4479/3/221 4480/3/221 4482/3/221 4481/3/221
f 4481/3/222 4482/3/222 4484/3/222 4483/3/222
f 4483/3/223 4484/3/223 4486/3/223 4485/3/223
f 4485/3/224 4486/3/224 4488/3/224 4487/3/224
f 4487/3/225 4488/3/225 4490/3/225 4489/3/225
f 4489/3/226 4490/3/226 4480/3/226 4479/3/226
f 4491/3/233 4492/3/233 4494/3/233 4493/3/233
f 4493/3/274 4494/3/274 4496/3/274 4495/3/274
f 4495/3/275 4496/3/275 4498/3/275 4497/3/275
f 4497/3/236 4498/3/236 4500/3/236 4499/3/236
f 4499/3/277 4500/3/277 4502/3/277 4501/3/277
f 4501/3/238 4502/3/238 4492/3/238 4491/3/238
f 4503/3/233 4504/3/233 4506/3/233 4505/3/233
f 4505/3/234 4506/3/234 4508/3/234 4507/3/234
f 4507/3/235 4508/3/235 4510/3/235 4509/3/235
f 4509/3/278 4510/3/278 4512/3/278 4511/3/278
f 4511/3/237 4512/3/237 4514/3/237 4513/3/237
f 4513/3/238 4514/3/238 4504/3/238 4503/3/238
f 4515/3/279 4516/3/279 4518/3/279 4517/3/279
f 4517/3/263 4518/3/263 4520/3/263 4519/3/263
f 4519/3/280 4520/3/280 4522/3/280 4521/3/280
f 4521/3/281 4522/3/281 4524/3/281 4523/3/281
f 4523/3/266 4524/3/266 4526/3/266 4525/3/266
f 4525/3/282 4526/3/282 4516/3/282 4515/3/282
f 4527/3/287 4528/3/287 4530/3/287 4529/3/287
f 4529/3/241 4530/3/241 4532/3/241 4531/3/241
f 4531/3/242 4532/3/242 4534/3/242 4533/3/242
f 4533/3/248 4534/3/248 4536/3/248 4535/3/248
f 4535/3/244 4536/3/244 4538/3/244 4537/3/244
f 4537/3/249 4538/3/249 4528/3/249 4527/3/249
f 4539/3/240 4540/3/240 4542/3/240 4541/3/240
f 4541/3/241 4542/3/241 4544/3/241 4543/3/241
f 4543/3/247 4544/3/247 4546/3/247 4545/3/247
f 4545/3/248 4546/3/248 4548/3/248 4547/3/248
f 4547/3/244 4548/3/244 4550/3/244 4549/3/244
f 4549/3/249 4550/3/249 4540/3/249 4539/3/249
f 4551/3/209 4552/3/209 4554/3/209 4553/3/209
f 4553/3/283 4554/3/283 4556/3/283 4555/3/283
f 4555/3/211 4556/3/211 4558/3/211 4557/3/211
f 4557/3/212 4558/3/212 4560/3/212 4559/3/212
f 4559/3/213 4560/3/213 4562/3/213 4561/3/213
f 4561/3/214 4562/3/214 4552/3/214 4551/3/214
f 4563/3/215 4564/3/215 4566/3/215 4565/3/215
f 4565/3/216 4566/3/216 4568/3/216 4567/3/216
f 4567/3/217 4568/3/217 4570/3/217 4569/3/217
f 4569/3/218 4570/3/218 4572/3/218 4571/3/218
f 4571/3/219 4572/3/219 4574/3/219 4573/3/219
f 4573/3/220 4574/3/220 4564/3/220 4563/3/220
f 4575/3/221 4576/3/221 4578/3/221 4577/3/221
f 4577/3/222 4578/3/222 4580/3/222 4579/3/222
f 4579/3/223 4580/3/223 4582/3/223 4581/3/223
f 4581/3/224 4582/3/224 4584/3/224 4583/3/224
f 4583/3/225 4584/3/225 4586/3/225 4585/3/225
f 4585/3/226 4586/3/226 4576/3/226 4575/3/226
f 4587/3/227 4588/3/227 4590/3/227 4589/3/227
f 4589/3/228 4590/3/228 4592/3/228 4591/3/228
f 4591/3/297 4592/3/297 4594/3/297 4593/3/297
f 4593/3/230 4594/3/230 4596/3/230 4595/3/230
f 4595/3/231 4596/3/231 4598/3/231 4597/3/231
f 4597/3/298 4598/3/298 4588/3/298 4587/3/298
f 4599/3/233 4600/3/233 4602/3/233 4601/3/233
f 4601/3/234 4602/3/234 4604/3/234 4603/3/234
f 4603/3/275 4604/3/275 4606/3/275 4605/3/275
f 4605/3/236 4606/3/236 4608/3/236 4607/3/236
f 4607/3/237 4608/3/237 4610/3/237 4609/3/237
f 4609/3/238 4610/3/238 4600/3/238 4599/3/238
f 4611/3/209 4612/3/209 4614/3/209 4613/3/209
f 4613/3/210 4614/3/210 4616/3/210 4615/3/210
f 4615/3/211 4616/3/211 4618/3/211 4617/3/211
f 4617/3/212 4618/3/212 4620/3/212 4619/3/212
f 4619/3/213 4620/3/213 4622/3/213 4621/3/213
f 4621/3/214 4622/3/214 4612/3/214 4611/3/214
f 4623/3/240 4624/3/240 4626/3/240 4625/3/240
f 4625/3/241 4626/3/241 4628/3/241 4627/3/241
f 4627/3/242 4628/3/242 4630/3/242 4629/3/242
f 4629/3/243 4630/3/243 4632/3/243 4631/3/243
f 4631/3/244 4632/3/244 4634/3/244 4633/3/244
f 4633/3/245 4634/3/245 4624/3/245 4623/3/245
f 4635/3/246 4636/3/246 4638/3/246 4637/3/246
f 4637/3/241 4638/3/241 4640/3/241 4639/3/241
f 4639/3/247 4640/3/247 4642/3/247 4641/3/247
f 4641/3/248 4642/3/248 4644/3/248 4643/3/248
f 4643/3/244 4644/3/244 4646/3/244 4645/3/244
f 4645/3/284 4646/3/284 4636/3/284 4635/3/284
f 4647/3/262 4648/3/262 4650/3/262 4649/3/262
f 4649/3/263 4650/3/263 4652/3/263 4651/3/263
f 4651/3/264 4652/3/264 4654/3/264 4653/3/264
f 4653/3/265 4654/3/265 4656/3/265 4655/3/265
f 4655/3/266 4656/3/266 4658/3/266 4657/3/266
f 4657/3/267 4658/3/267 4648/3/267 4647/3/267
f 4659/3/299 4660/3/299 4662/3/299 4661/3/299
f 4661/3/269 4662/3/269 4664/3/269 4663/3/269
f 4663/3/270 4664/3/270 4666/3/270 4665/3/270
f 4665/3/271 4666/3/271 4668/3/271 4667/3/271
f 4667/3/272 4668/3/272 4670/3/272 4669/3/272
f 4669/3/273 4670/3/273 4660/3/273 4659/3/273
f 4671/3/221 4672/3/221 4674/3/221 4673/3/221
f 4673/3/222 4674/3/222 4676/3/222 4675/3/222
f 4675/3/223 4676/3/223 4678/3/223 4677/3/223
f 4677/3/224 4678/3/224 4680/3/224 4679/3/224
f 4679/3/225 4680/3/225 4682/3/225 4681/3/225
f 4681/3/226 4682/3/226 4672/3/226 4671/3/226
f 4683/3/233 4684/3/233 4686/3/233 4685/3/233
f 4685/3/274 4686/3/274 4688/3/274 4687/3/274
f 4687/3/235 4688/3/235 4690/3/235 4689/3/235
f 4689/3/236 4690/3/236 4692/3/236 4691/3/236
f 4691/3/277 4692/3/277 4694/3/277 4693/3/277
f 4693/3/295 4694/3/295 4684/3/295 4683/3/295
f 4695/3/233 4696/3/233 4698/3/233 4697/3/233
f 4697/3/234 4698/3/234 4700/3/234 4699/3/234
f 4699/3/235 4700/3/235 4702/3/235 4701/3/235
f 4701/3/278 4702/3/278 4704/3/278 4703/3/278
f 4703/3/237 4704/3/237 4706/3/237 4705/3/237
f 4705/3/238 4706/3/238 4696/3/238 4695/3/238
f 4707/3/285 4708/3/285 4710/3/285 4709/3/285
f 4709/3/263 4710/3/263 4712/3/263 4711/3/263
f 4711/3/280 4712/3/280 4714/3/280 4713/3/280
f 4713/3/281 4714/3/281 4716/3/281 4715/3/281
f 4715/3/266 4716/3/266 4718/3/266 4717/3/266
f 4717/3/282 4718/3/282 4708/3/282 4707/3/282
f 4719/3/287 4720/3/287 4722/3/287 4721/3/287
f 4721/3/241 4722/3/241 4724/3/241 4723/3/241
f 4723/3/242 4724/3/242 4726/3/242 4725/3/242
f 4725/3/248 4726/3/248 4728/3/248 4727/3/248
f 4727/3/244 4728/3/244 4730/3/244 4729/3/244
f 4729/3/249 4730/3/249 4720/3/249 4719/3/249
f 4731/3/240 4732/3/240 4734/3/240 4733/3/240
f 4733/3/241 4734/3/241 4736/3/241 4735/3/241
f 4735/3/247 4736/3/247 4738/3/247 4737/3/247
f 4737/3/248 4738/3/248 4740/3/248 4739/3/248
f 4739/3/244 4740/3/244 4742/3/244 4741/3/244
f 4741/3/249 4742/3/249 4732/3/249 4731/3/249
f 4743/3/209 4744/3/209 4746/3/209 4745/3/209
f 4745/3/283 4746/3/283 4748/3/283 4747/3/283
f 4747/3/211 4748/3/211 4750/3/211 4749/3/211
f 4749/3/212 4750/3/212 4752/3/212 4751/3/212
f 4751/3/213 4752/3/213 4754/3/213 4753/3/213
f 4753/3/214 4754/3/214 4744/3/214 4743/3/214
f 4755/3/215 4756/3/215 4758/3/215 4757/3/215
f 4757/3/216 4758/3/216 4760/3/216 4759/3/216
f 4759/3/217 4760/3/217 4762/3/217 4761/3/217
f 4761/3/218 4762/3/218 4764/3/218 4763/3/218
f 4763/3/219 4764/3/219 4766/3/219 4765/3/219
f 4765/3/220 4766/3/220 4756/3/220 4755/3/220
f 4767/3/221 4768/3/221 4770/3/221 4769/3/221
f 4769/3/222 4770/3/222 4772/3/222 4771/3/222
f 4771/3/223 4772/3/223 4774/3/223 4773/3/223
f 4773/3/224 4774/3/224 4776/3/224 4775/3/224
f 4775/3/225 4776/3/225 4778/3/225 4777/3/225
f 4777/3/226 4778/3/226 4768/3/226 4767/3/226
f 4779/3/300 4780/3/300 4782/3/300 4781/3/300
f 4781/3/228 4782/3/228 4784/3/228 4783/3/228
f 4783/3/229 4784/3/229 4786/3/229 4785/3/229
f 4785/3/230 4786/3/230 4788/3/230 4787/3/230
f 4787/3/231 4788/3/231 4790/3/231 4789/3/231
f 4789/3/232 4790/3/232 4780/3/232 4779/3/232
f 4791/3/233 4792/3/233 4794/3/233 4793/3/233
f 4793/3/234 4794/3/234 4796/3/234 4795/3/234
f 4795/3/235 4796/3/235 4798/3/235 4797/3/235
f 4797/3/236 4798/3/236 4800/3/236 4799/3/236
f 4799/3/237 4800/3/237 4802/3/237 4801/3/237
f 4801/3/238 4802/3/238 4792/3/238 4791/3/238
f 4803/3/209 4804/3/209 4806/3/209 4805/3/209
f 4805/3/283 4806/3/283 4808/3/283 4807/3/283
f 4807/3/211 4808/3/211 4810/3/211 4809/3/211
f 4809/3/212 4810/3/212 4812/3/212 4811/3/212
f 4811/3/213 4812/3/213 4814/3/213 4813/3/213
f 4813/3/214 4814/3/214 4804/3/214 4803/3/214
f 4815/3/240 4816/3/240 4818/3/240 4817/3/240
f 4817/3/241 4818/3/241 4820/3/241 4819/3/241
f 4819/3/242 4820/3/242 4822/3/242 4821/3/242
f 4821/3/243 4822/3/243 4824/3/243 4823/3/243
f 4823/3/244 4824/3/244 4826/3/244 4825/3/244
f 4825/3/245 4826/3/245 4816/3/245 4815/3/245
f 4827/3/246 4828/3/246 4830/3/246 4829/3/246
f 4829/3/241 4830/3/241 4832/3/241 4831/3/241
f 4831/3/247 4832/3/247 4834/3/247 4833/3/247
f 4833/3/248 4834/3/248 4836/3/248 4835/3/248
f 4835/3/244 4836/3/244 4838/3/244 4837/3/244
f 4837/3/284 4838/3/284 4828/3/284 4827/3/284
f 4839/3/262 4840/3/262 4842/3/262 4841/3/262
f 4841/3/263 4842/3/263 4844/3/263 4843/3/263
f 4843/3/264 4844/3/264 4846/3/264 4845/3/264
f 4845/3/265 4846/3/265 4848/3/265 4847/3/265
f 4847/3/266 4848/3/266 4850/3/266 4849/3/266
f 4849/3/267 4850/3/267 4840/3/267 4839/3/267
f 4851/3/268 4852/3/268 4854/3/268 4853/3/268
f 4853/3/269 4854/3/269 4856/3/269 4855/3/269
f 4855/3/296 4856/3/296 4858/3/296 4857/3/296
f 4857/3/289 4858/3/289 4860/3/289 4859/3/289
f 4859/3/272 4860/3/272 4862/3/272 4861/3/272
f 4861/3/290 4862/3/290 4852/3/290 4851/3/290
f 4863/3/221 4864/3/221 4866/3/221 4865/3/221
f 4865/3/222 4866/3/222 4868/3/222 4867/3/222
f 4867/3/223 4868/3/223 4870/3/223 4869/3/223
f 4869/3/224 4870/3/224 4872/3/224 4871/3/224
f 4871/3/225 4872/3/225 4874/3/225 4873/3/225
f 4873/3/226 4874/3/226 4864/3/226 4863/3/226
f 4875/3/233 4876/3/233 4878/3/233 4877/3/233
f 4877/3/274 4878/3/274 4880/3/274 4879/3/274
f 4879/3/275 4880/3/275 4882/3/275 4881/3/275
f 4881/3/278 4882/3/278 4884/3/278 4883/3/278
f 4883/3/277 4884/3/277 4886/3/277 4885/3/277
f 4885/3/238 4886/3/238 4876/3/238 4875/3/238
f 4887/3/233 4888/3/233 4890/3/233 4889/3/233
f 4889/3/234 4890/3/234 4892/3/234 4891/3/234
f 4891/3/235 4892/3/235 4894/3/235 4893/3/235
f 4893/3/278 4894/3/278 4896/3/278 4895/3/278
f 4895/3/237 4896/3/237 4898/3/237 4897/3/237
f 4897/3/238 4898/3/238 4888/3/238 4887/3/238
f 4899/3/279 4900/3/279 4902/3/279 4901/3/279
f 4901/3/263 4902/3/263 4904/3/263 4903/3/263
f 4903/3/280 4904/3/280 4906/3/280 4905/3/280
f 4905/3/281 4906/3/281 4908/3/281 4907/3/281
f 4907/3/266 4908/3/266 4910/3/266 4909/3/266
f 4909/3/282 4910/3/282 4900/3/282 4899/3/282
f 4911/3/287 4912/3/287 4914/3/287 4913/3/287
f 4913/3/241 4914/3/241 4916/3/241 4915/3/241
f 4915/3/242 4916/3/242 4918/3/242 4917/3/242
f 4917/3/248 4918/3/248 4920/3/248 4919/3/248
f 4919/3/244 4920/3/244 4922/3/244 4921/3/244
f 4921/3/249 4922/3/249 4912/3/249 4911/3/249
f 4923/3/240 4924/3/240 4926/3/240 4925/3/240
f 4925/3/241 4926/3/241 4928/3/241 4927/3/241
f 4927/3/247 4928/3/247 4930/3/247 4929/3/247
f 4929/3/248 4930/3/248 4932/3/248 4931/3/248
f 4931/3/244 4932/3/244 4934/3/244 4933/3/244
f 4933/3/249 4934/3/249 4924/3/249 4923/3/249
f 4935/3/209 4936/3/209 4938/3/209 4937/3/209
f 4937/3/283 4938/3/283 4940/3/283 4939/3/283
f 4939/3/211 4940/3/211 4942/3/211 4941/3/211
f 4941/3/212 4942/3/212 4944/3/212 4943/3/212
f 4943/3/213 4944/3/213 4946/3/213 4945/3/213
f 4945/3/214 4946/3/214 4936/3/214 4935/3/214
f 4947/3/215 4948/3/215 4950/3/215 4949/3/215
f 4949/3/216 4950/3/216 4952/3/216 4951/3/216
f 4951/3/217 4952/3/217 4954/3/217 4953/3/217
f 4953/3/218 4954/3/218 4956/3/218 4955/3/218
f 4955/3/219 4956/3/219 4958/3/219 4957/3/219
f 4957/3/220 4958/3/220 4948/3/220 4947/3/220
f 4959/3/221 4960/3/221 4962/3/221 4961/3/221
f 4961/3/222 4962/3/222 4964/3/222 4963/3/222
f 4963/3/223 4964/3/223 4966/3/223 4965/3/223
f 4965/3/224 4966/3/224 4968/3/224 4967/3/224
f 4967/3/225 4968/3/225 4970/3/225 4969/3/225
f 4969/3/226 4970/3/226 4960/3/226 4959/3/226
f 4971/3/227 4972/3/227 4974/3/227 4973/3/227
f 4973/3/228 4974/3/228 4976/3/228 4975/3/228
f 4975/3/229 4976/3/229 4978/3/229 4977/3/229
f 4977/3/230 4978/3/230 4980/3/230 4979/3/230
f 4979/3/231 4980/3/231 4982/3/231 4981/3/231
f 4981/3/232 4982/3/232 4972/3/232 4971/3/232
f 4983/3/233 4984/3/233 4986/3/233 4985/3/233
f 4985/3/234 4986/3/234 4988/3/234 4987/3/234
f 4987/3/275 4988/3/275 4990/3/275 4989/3/275
f 4989/3/278 4990/3/278 4992/3/278 4991/3/278
f 4991/3/237 4992/3/237 4994/3/237 4993/3/237
f 4993/3/238 4994/3/238 4984/3/238 4983/3/238
f 4995/3/209 4996/3/209 4998/3/209 4997/3/209
f 4997/3/283 4998/3/283 5000/3/283 4999/3/283
f 4999/3/211 5000/3/211 5002/3/211 5001/3/211
f 5001/3/212 5002/3/212 5004/3/212 5003/3/212
f 5003/3/239 5004/3/239 5006/3/239 5005/3/239
f 5005/3/301 5006/3/301 4996/3/301 4995/3/301
f 5007/3/240 5008/3/240 5010/3/240 5009/3/240
f 5009/3/241 5010/3/241 5012/3/241 5011/3/241
f 5011/3/242 5012/3/242 5014/3/242 5013/3/242
f 5013/3/243 5014/3/243 5016/3/243 5015/3/243
f 5015/3/244 5016/3/244 5018/3/244 5017/3/244
f 5017/3/245 5018/3/245 5008/3/245 5007/3/245
f 5019/3/246 5020/3/246 5022/3/246 5021/3/246
f 5021/3/241 5022/3/241 5024/3/241 5023/3/241
f 5023/3/247 5024/3/247 5026/3/247 5025/3/247
f 5025/3/248 5026/3/248 5028/3/248 5027/3/248
f 5027/3/244 5028/3/244 5030/3/244 5029/3/244
f 5029/3/284 5030/3/284 5020/3/284 5019/3/284
f 5031/3/281 5033/3/281 5034/3/281 5032/3/281
f 5033/3/266 5035/3/266 5036/3/266 5034/3/266
f 5035/3/302 5037/3/302 5038/3/302 5036/3/302
f 5037/3/285 5039/3/285 5040/3/285 5038/3/285
f 5039/3/263 5041/3/263 5042/3/263 5040/3/263
f 5041/3/264 5031/3/264 5032/3/264 5042/3/264
f 5043/3/268 5044/3/268 5046/3/268 5045/3/268
f 5045/3/269 5046/3/269 5048/3/269 5047/3/269
f 5047/3/270 5048/3/270 5050/3/270 5049/3/270
f 5049/3/289 5050/3/289 5052/3/289 5051/3/289
f 5051/3/272 5052/3/272 5054/3/272 5053/3/272
f 5053/3/290 5054/3/290 5044/3/290 5043/3/290
f 5055/3/221 5056/3/221 5058/3/221 5057/3/221
f 5057/3/222 5058/3/222 5060/3/222 5059/3/222
f 5059/3/223 5060/3/223 5062/3/223 5061/3/223
f 5061/3/224 5062/3/224 5064/3/224 5063/3/224
f 5063/3/225 5064/3/225 5066/3/225 5065/3/225
f 5065/3/226 5066/3/226 5056/3/226 5055/3/226
f 5067/3/233 5068/3/233 5070/3/233 5069/3/233
f 5069/3/274 5070/3/274 5072/3/274 5071/3/274
f 5071/3/235 5072/3/235 5074/3/235 5073/3/235
f 5073/3/236 5074/3/236 5076/3/236 5075/3/236
f 5075/3/277 5076/3/277 5078/3/277 5077/3/277
f 5077/3/238 5078/3/238 5068/3/238 5067/3/238
f 5079/3/233 5080/3/233 5082/3/233 5081/3/233
f 5081/3/234 5082/3/234 5084/3/234 5083/3/234
f 5083/3/235 5084/3/235 5086/3/235 5085/3/235
f 5085/3/278 5086/3/278 5088/3/278 5087/3/278
f 5087/3/237 5088/3/237 5090/3/237 5089/3/237
f 5089/3/238 5090/3/238 5080/3/238 5079/3/238
f 5091/3/265 5093/3/265 5094/3/265 5092/3/265
f 5093/3/266 5095/3/266 5096/3/266 5094/3/266
f 5095/3/267 5097/3/267 5098/3/267 5096/3/267
f 5097/3/279 5099/3/279 5100/3/279 5098/3/279
f 5099/3/263 5101/3/263 5102/3/263 5100/3/263
f 5101/3/303 5091/3/303 5092/3/303 5102/3/303
f 5103/3/287 5104/3/287 5106/3/287 5105/3/287
f 5105/3/241 5106/3/241 5108/3/241 5107/3/241
f 5107/3/242 5108/3/242 5110/3/242 5109/3/242
f 5109/3/248 5110/3/248 5112/3/248 5111/3/248
f 5111/3/244 5112/3/244 5114/3/244 5113/3/244
f 5113/3/249 5114/3/249 5104/3/249 5103/3/249
f 5115/3/240 5116/3/240 5118/3/240 5117/3/240
f 5117/3/241 5118/3/241 5120/3/241 5119/3/241
f 5119/3/247 5120/3/247 5122/3/247 5121/3/247
f 5121/3/248 5122/3/248 5124/3/248 5123/3/248
f 5123/3/244 5124/3/244 5126/3/244 5125/3/244
f 5125/3/249 5126/3/249 5116/3/249 5115/3/249
f 5127/3/215 5128/3/215 5130/3/215 5129/3/215
f 5129/3/216 5130/3/216 5132/3/216 5131/3/216
f 5131/3/217 5132/3/217 5134/3/217 5133/3/217
f 5133/3/218 5134/3/218 5136/3/218 5135/3/218
f 5135/3/219 5136/3/219 5138/3/219 5137/3/219
f 5137/3/220 5138/3/220 5128/3/220 5127/3/220
f 5139/3/221 5140/3/221 5142/3/221 5141/3/221
f 5141/3/222 5142/3/222 5144/3/222 5143/3/222
f 5143/3/223 5144/3/223 5146/3/223 5145/3/223
f 5145/3/224 5146/3/224 5148/3/224 5147/3/224
f 5147/3/225 5148/3/225 5150/3/225 5149/3/225
f 5149/3/226 5150/3/226 5140/3/226 5139/3/226
f 5151/3/227 5152/3/227 5154/3/227 5153/3/227
f 5153/3/228 5154/3/228 5156/3/228 5155/3/228
f 5155/3/229 5156/3/229 5158/3/229 5157/3/229
f 5157/3/230 5158/3/230 5160/3/230 5159/3/230
f 5159/3/231 5160/3/231 5162/3/231 5161/3/231
f 5161/3/232 5162/3/232 5152/3/232 5151/3/232
f 5163/3/233 5164/3/233 5166/3/233 5165/3/233
f 5165/3/234 5166/3/234 5168/3/234 5167/3/234
f 5167/3/235 5168/3/235 5170/3/235 5169/3/235
f 5169/3/236 5170/3/236 5172/3/236 5171/3/236
f 5171/3/237 5172/3/237 5174/3/237 5173/3/237
f 5173/3/238 5174/3/238 5164/3/238 5163/3/238
f 5175/3/268 5176/3/268 5178/3/268 5177/3/268
f 5177/3/269 5178/3/269 5180/3/269 5179/3/269
f 5179/3/296 5180/3/296 5182/3/296 5181/3/296
f 5181/3/271 5182/3/271 5184/3/271 5183/3/271
f 5183/3/272 5184/3/272 5186/3/272 5185/3/272
f 5185/3/273 5186/3/273 5176/3/273 5175/3/273
f 5187/3/221 5188/3/221 5190/3/221 5189/3/221
f 5189/3/222 5190/3/222 5192/3/222 5191/3/222
f 5191/3/223 5192/3/223 5194/3/223 5193/3/223
f 5193/3/224 5194/3/224 5196/3/224 5195/3/224
f 5195/3/225 5196/3/225 5198/3/225 5197/3/225
f 5197/3/226 5198/3/226 5188/3/226 5187/3/226
f 5199/3/233 5200/3/233 5202/3/233 5201/3/233
f 5201/3/274 5202/3/274 5204/3/274 5203/3/274
f 5203/3/275 5204/3/275 5206/3/275 5205/3/275
f 5205/3/278 5206/3/278 5208/3/278 5207/3/278
f 5207/3/277 5208/3/277 5210/3/277 5209/3/277
f 5209/3/238 5210/3/238 5200/3/238 5199/3/238
f 5211/3/233 5212/3/233 5214/3/233 5213/3/233
f 5213/3/234 5214/3/234 5216/3/234 5215/3/234
f 5215/3/235 5216/3/235 5218/3/235 5217/3/235
f 5217/3/278 5218/3/278 5220/3/278 5219/3/278
f 5219/3/237 5220/3/237 5222/3/237 5221/3/237
f 5221/3/238 5222/3/238 5212/3/238 5211/3/238
f 5255/3/209 5256/3/209 5258/3/209 5257/3/209
f 5257/3/283 5258/3/283 5260/3/283 5259/3/283
f 5259/3/211 5260/3/211 5262/3/211 5261/3/211
f 5261/3/212 5262/3/212 5264/3/212 5263/3/212
f 5263/3/213 5264/3/213 5266/3/213 5265/3/213
f 5265/3/214 5266/3/214 5256/3/214 5255/3/214
f 5267/3/215 5268/3/215 5270/3/215 5269/3/215
f 5269/3/216 5270/3/216 5272/3/216 5271/3/216
f 5271/3/217 5272/3/217 5274/3/217 5273/3/217
f 5273/3/304 5274/3/304 5276/3/304 5275/3/304
f 5275/3/219 5276/3/219 5278/3/219 5277/3/219
f 5277/3/220 5278/3/220 5268/3/220 5267/3/220
f 5279/3/221 5280/3/221 5282/3/221 5281/3/221
f 5281/3/222 5282/3/222 5284/3/222 5283/3/222
f 5283/3/305 5284/3/305 5286/3/305 5285/3/305
f 5285/3/224 5286/3/224 5288/3/224 5287/3/224
f 5287/3/225 5288/3/225 5290/3/225 5289/3/225
f 5289/3/306 5290/3/306 5280/3/306 5279/3/306
f 5291/3/227 5292/3/227 5294/3/227 5293/3/227
f 5293/3/228 5294/3/228 5296/3/228 5295/3/228
f 5295/3/229 5296/3/229 5298/3/229 5297/3/229
f 5297/3/230 5298/3/230 5300/3/230 5299/3/230
f 5299/3/231 5300/3/231 5302/3/231 5301/3/231
f 5301/3/232 5302/3/232 5292/3/232 5291/3/232
f 5303/3/307 5304/3/307 5306/3/307 5305/3/307
f 5305/3/234 5306/3/234 5308/3/234 5307/3/234
f 5307/3/275 5308/3/275 5310/3/275 5309/3/275
f 5309/3/278 5310/3/278 5312/3/278 5311/3/278
f 5311/3/237 5312/3/237 5314/3/237 5313/3/237
f 5313/3/238 5314/3/238 5304/3/238 5303/3/238
f 5315/3/209 5316/3/209 5318/3/209 5317/3/209
f 5317/3/210 5318/3/210 5320/3/210 5319/3/210
f 5319/3/211 5320/3/211 5322/3/211 5321/3/211
f 5321/3/212 5322/3/212 5324/3/212 5323/3/212
f 5323/3/239 5324/3/239 5326/3/239 5325/3/239
f 5325/3/214 5326/3/214 5316/3/214 5315/3/214
f 5327/3/308 5328/3/308 5330/3/308 5329/3/308
f 5329/3/241 5330/3/241 5332/3/241 5331/3/241
f 5331/3/242 5332/3/242 5334/3/242 5333/3/242
f 5333/3/248 5334/3/248 5336/3/248 5335/3/248
f 5335/3/244 5336/3/244 5338/3/244 5337/3/244
f 5337/3/245 5338/3/245 5328/3/245 5327/3/245
f 5339/3/246 5340/3/246 5342/3/246 5341/3/246
f 5341/3/241 5342/3/241 5344/3/241 5343/3/241
f 5343/3/247 5344/3/247 5346/3/247 5345/3/247
f 5345/3/248 5346/3/248 5348/3/248 5347/3/248
f 5347/3/244 5348/3/244 5350/3/244 5349/3/244
f 5349/3/249 5350/3/249 5340/3/249 5339/3/249
f 5383/3/281 5385/3/281 5386/3/281 5384/3/281
f 5385/3/266 5387/3/266 5388/3/266 5386/3/266
f 5387/3/302 5389/3/302 5390/3/302 5388/3/302
f 5389/3/285 5391/3/285 5392/3/285 5390/3/285
f 5391/3/263 5393/3/263 5394/3/263 5392/3/263
f 5393/3/264 5383/3/264 5384/3/264 5394/3/264
f 5395/3/268 5396/3/268 5398/3/268 5397/3/268
f 5397/3/269 5398/3/269 5400/3/269 5399/3/269
f 5399/3/296 5400/3/296 5402/3/296 5401/3/296
f 5401/3/271 5402/3/271 5404/3/271 5403/3/271
f 5403/3/272 5404/3/272 5406/3/272 5405/3/272
f 5405/3/273 5406/3/273 5396/3/273 5395/3/273
f 5407/3/221 5408/3/221 5410/3/221 5409/3/221
f 5409/3/222 5410/3/222 5412/3/222 5411/3/222
f 5411/3/223 5412/3/223 5414/3/223 5413/3/223
f 5413/3/224 5414/3/224 5416/3/224 5415/3/224
f 5415/3/225 5416/3/225 5418/3/225 5417/3/225
f 5417/3/226 5418/3/226 5408/3/226 5407/3/226
f 5419/3/233 5420/3/233 5422/3/233 5421/3/233
f 5421/3/274 5422/3/274 5424/3/274 5423/3/274
f 5423/3/235 5424/3/235 5426/3/235 5425/3/235
f 5425/3/236 5426/3/236 5428/3/236 5427/3/236
f 5427/3/277 5428/3/277 5430/3/277 5429/3/277
f 5429/3/238 5430/3/238 5420/3/238 5419/3/238
f 5431/3/307 5432/3/307 5434/3/307 5433/3/307
f 5433/3/234 5434/3/234 5436/3/234 5435/3/234
f 5435/3/275 5436/3/275 5438/3/275 5437/3/275
f 5437/3/278 5438/3/278 5440/3/278 5439/3/278
f 5439/3/237 5440/3/237 5442/3/237 5441/3/237
f 5441/3/238 5442/3/238 5432/3/238 5431/3/238
f 5443/3/265 5445/3/265 5446/3/265 5444/3/265
f 5445/3/266 5447/3/266 5448/3/266 5446/3/266
f 5447/3/267 5449/3/267 5450/3/267 5448/3/267
f 5449/3/279 5451/3/279 5452/3/279 5450/3/279
f 5451/3/263 5453/3/263 5454/3/263 5452/3/263
f 5453/3/303 5443/3/303 5444/3/303 5454/3/303
f 5455/3/240 5456/3/240 5458/3/240 5457/3/240
f 5457/3/241 5458/3/241 5460/3/241 5459/3/241
f 5459/3/309 5460/3/309 5462/3/309 5461/3/309
f 5461/3/248 5462/3/248 5464/3/248 5463/3/248
f 5463/3/244 5464/3/244 5466/3/244 5465/3/244
f 5465/3/249 5466/3/249 5456/3/249 5455/3/249
f 5467/3/240 5468/3/240 5470/3/240 5469/3/240
f 5469/3/241 5470/3/241 5472/3/241 5471/3/241
f 5471/3/247 5472/3/247 5474/3/247 5473/3/247
f 5473/3/248 5474/3/248 5476/3/248 5475/3/248
f 5475/3/244 5476/3/244 5478/3/244 5477/3/244
f 5477/3/249 5478/3/249 5468/3/249 5467/3/249
f 5224/3/329 2952/3/329 2955/3/329 5227/3/329
f 5231/3/255 5232/3/255 2960/3/255 2959/3/255
f 5247/3/255 5248/3/255 2976/3/255 2975/3/255
f 5352/3/251 3080/3/251 3083/3/251 5355/3/251
usemtl MetalStruss
f 5615/5/330 5621/5/330 5626/5/330 5620/5/330
f 5616/5/4 5622/5/4 5621/5/4 5615/5/4
f 5617/5/331 5623/5/331 5622/5/331 5616/5/331
f 5618/5/332 5624/5/332 5623/5/332 5617/5/332
f 5619/5/3 5625/5/3 5624/5/3 5618/5/3
f 5620/5/333 5626/5/333 5625/5/333 5619/5/333
f 5621/5/334 5627/5/334 5632/5/334 5626/5/334
f 5622/5/4 5628/5/4 5627/5/4 5621/5/4
f 5623/5/335 5629/5/335 5628/5/335 5622/5/335
f 5624/5/336 5630/5/336 5629/5/336 5623/5/336
f 5625/5/3 5631/5/3 5630/5/3 5624/5/3
f 5626/5/337 5632/5/337 5631/5/337 5625/5/337
f 5627/5/338 5633/5/338 5638/5/338 5632/5/338
f 5628/5/4 5634/5/4 5633/5/4 5627/5/4
f 5629/5/339 5635/5/339 5634/5/339 5628/5/339
f 5630/5/340 5636/5/340 5635/5/340 5629/5/340
f 5631/5/3 5637/5/3 5636/5/3 5630/5/3
f 5632/5/341 5638/5/341 5637/5/341 5631/5/341
f 5639/5/342 5640/5/342 5642/5/342 5641/5/342
f 5641/5/343 5642/5/343 5644/5/343 5643/5/343
f 5643/5/344 5644/5/344 5646/5/344 5645/5/344
f 5645/5/345 5646/5/345 5648/5/345 5647/5/345
f 5647/5/346 5648/5/346 5650/5/346 5649/5/346
f 5649/5/347 5650/5/347 5640/5/347 5639/5/347
f 5651/5/342 5652/5/342 5654/5/342 5653/5/342
f 5653/5/343 5654/5/343 5656/5/343 5655/5/343
f 5655/5/344 5656/5/344 5658/5/344 5657/5/344
f 5657/5/345 5658/5/345 5660/5/345 5659/5/345
f 5659/5/346 5660/5/346 5662/5/346 5661/5/346
f 5661/5/347 5662/5/347 5652/5/347 5651/5/347
f 5663/5/342 5664/5/342 5666/5/342 5665/5/342
f 5665/5/343 5666/5/343 5668/5/343 5667/5/343
f 5667/5/348 5668/5/348 5670/5/348 5669/5/348
f 5669/5/345 5670/5/345 5672/5/345 5671/5/345
f 5671/5/346 5672/5/346 5674/5/346 5673/5/346
f 5673/5/347 5674/5/347 5664/5/347 5663/5/347
f 5675/5/342 5676/5/342 5678/5/342 5677/5/342
f 5677/5/343 5678/5/343 5680/5/343 5679/5/343
f 5679/5/344 5680/5/344 5682/5/344 5681/5/344
f 5681/5/345 5682/5/345 5684/5/345 5683/5/345
f 5683/5/346 5684/5/346 5686/5/346 5685/5/346
f 5685/5/347 5686/5/347 5676/5/347 5675/5/347
f 5687/5/342 5688/5/342 5690/5/342 5689/5/342
f 5689/5/343 5690/5/343 5692/5/343 5691/5/343
f 5691/5/344 5692/5/344 5694/5/344 5693/5/344
f 5693/5/345 5694/5/345 5696/5/345 5695/5/345
f 5695/5/346 5696/5/346 5698/5/346 5697/5/346
f 5697/5/347 5698/5/347 5688/5/347 5687/5/347
f 5699/5/342 5700/5/342 5702/5/342 5701/5/342
f 5701/5/343 5702/5/343 5704/5/343 5703/5/343
f 5703/5/344 5704/5/344 5706/5/344 5705/5/344
f 5705/5/345 5706/5/345 5708/5/345 5707/5/345
f 5707/5/346 5708/5/346 5710/5/346 5709/5/346
f 5709/5/347 5710/5/347 5700/5/347 5699/5/347
f 5711/5/342 5712/5/342 5714/5/342 5713/5/342
f 5713/5/343 5714/5/343 5716/5/343 5715/5/343
f 5715/5/348 5716/5/348 5718/5/348 5717/5/348
f 5717/5/345 5718/5/345 5720/5/345 5719/5/345
f 5719/5/346 5720/5/346 5722/5/346 5721/5/346
f 5721/5/347 5722/5/347 5712/5/347 5711/5/347
f 5723/5/342 5724/5/342 5726/5/342 5725/5/342
f 5725/5/343 5726/5/343 5728/5/343 5727/5/343
f 5727/5/348 5728/5/348 5730/5/348 5729/5/348
f 5729/5/345 5730/5/345 5732/5/345 5731/5/345
f 5731/5/346 5732/5/346 5734/5/346 5733/5/346
f 5733/5/347 5734/5/347 5724/5/347 5723/5/347
f 5735/5/342 5736/5/342 5738/5/342 5737/5/342
f 5737/5/343 5738/5/343 5740/5/343 5739/5/343
f 5739/5/348 5740/5/348 5742/5/348 5741/5/348
f 5741/5/345 5742/5/345 5744/5/345 5743/5/345
f 5743/5/346 5744/5/346 5746/5/346 5745/5/346
f 5745/5/347 5746/5/347 5736/5/347 5735/5/347
f 5747/5/342 5748/5/342 5750/5/342 5749/5/342
f 5749/5/343 5750/5/343 5752/5/343 5751/5/343
f 5751/5/348 5752/5/348 5754/5/348 5753/5/348
f 5753/5/345 5754/5/345 5756/5/345 5755/5/345
f 5755/5/346 5756/5/346 5758/5/346 5757/5/346
f 5757/5/347 5758/5/347 5748/5/347 5747/5/347
f 5759/5/349 5761/5/349 5762/5/349 5760/5/349
f 5761/5/346 5763/5/346 5764/5/346 5762/5/346
f 5763/5/350 5765/5/350 5766/5/350 5764/5/350
f 5765/5/351 5767/5/351 5768/5/351 5766/5/351
f 5767/5/343 5769/5/343 5770/5/343 5768/5/343
f 5769/5/352 5759/5/352 5760/5/352 5770/5/352
f 5771/5/342 5772/5/342 5774/5/342 5773/5/342
f 5773/5/343 5774/5/343 5776/5/343 5775/5/343
f 5775/5/348 5776/5/348 5778/5/348 5777/5/348
f 5777/5/345 5778/5/345 5780/5/345 5779/5/345
f 5779/5/346 5780/5/346 5782/5/346 5781/5/346
f 5781/5/347 5782/5/347 5772/5/347 5771/5/347
f 5783/5/342 5784/5/342 5786/5/342 5785/5/342
f 5785/5/343 5786/5/343 5788/5/343 5787/5/343
f 5787/5/348 5788/5/348 5790/5/348 5789/5/348
f 5789/5/345 5790/5/345 5792/5/345 5791/5/345
f 5791/5/346 5792/5/346 5794/5/346 5793/5/346
f 5793/5/347 5794/5/347 5784/5/347 5783/5/347
f 5795/5/342 5796/5/342 5798/5/342 5797/5/342
f 5797/5/343 5798/5/343 5800/5/343 5799/5/343
f 5799/5/348 5800/5/348 5802/5/348 5801/5/348
f 5801/5/345 5802/5/345 5804/5/345 5803/5/345
f 5803/5/346 5804/5/346 5806/5/346 5805/5/346
f 5805/5/347 5806/5/347 5796/5/347 5795/5/347
f 5807/5/342 5808/5/342 5810/5/342 5809/5/342
f 5809/5/343 5810/5/343 5812/5/343 5811/5/343
f 5811/5/348 5812/5/348 5814/5/348 5813/5/348
f 5813/5/345 5814/5/345 5816/5/345 5815/5/345
f 5815/5/346 5816/5/346 5818/5/346 5817/5/346
f 5817/5/347 5818/5/347 5808/5/347 5807/5/347
f 5819/5/342 5820/5/342 5822/5/342 5821/5/342
f 5821/5/343 5822/5/343 5824/5/343 5823/5/343
f 5823/5/348 5824/5/348 5826/5/348 5825/5/348
f 5825/5/345 5826/5/345 5828/5/345 5827/5/345
f 5827/5/346 5828/5/346 5830/5/346 5829/5/346
f 5829/5/347 5830/5/347 5820/5/347 5819/5/347
f 5831/5/342 5832/5/342 5834/5/342 5833/5/342
f 5833/5/343 5834/5/343 5836/5/343 5835/5/343
f 5835/5/348 5836/5/348 5838/5/348 5837/5/348
f 5837/5/345 5838/5/345 5840/5/345 5839/5/345
f 5839/5/346 5840/5/346 5842/5/346 5841/5/346
f 5841/5/347 5842/5/347 5832/5/347 5831/5/347
f 5843/5/342 5844/5/342 5846/5/342 5845/5/342
f 5845/5/343 5846/5/343 5848/5/343 5847/5/343
f 5847/5/344 5848/5/344 5850/5/344 5849/5/344
f 5849/5/345 5850/5/345 5852/5/345 5851/5/345
f 5851/5/346 5852/5/346 5854/5/346 5853/5/346
f 5853/5/347 5854/5/347 5844/5/347 5843/5/347
f 5855/5/342 5856/5/342 5858/5/342 5857/5/342
f 5857/5/343 5858/5/343 5860/5/343 5859/5/343
f 5859/5/344 5860/5/344 5862/5/344 5861/5/344
f 5861/5/345 5862/5/345 5864/5/345 5863/5/345
f 5863/5/346 5864/5/346 5866/5/346 5865/5/346
f 5865/5/347 5866/5/347 5856/5/347 5855/5/347
f 5867/5/342 5868/5/342 5870/5/342 5869/5/342
f 5869/5/343 5870/5/343 5872/5/343 5871/5/343
f 5871/5/344 5872/5/344 5874/5/344 5873/5/344
f 5873/5/345 5874/5/345 5876/5/345 5875/5/345
f 5875/5/346 5876/5/346 5878/5/346 5877/5/346
f 5877/5/347 5878/5/347 5868/5/347 5867/5/347
f 5879/5/342 5880/5/342 5882/5/342 5881/5/342
f 5881/5/343 5882/5/343 5884/5/343 5883/5/343
f 5883/5/344 5884/5/344 5886/5/344 5885/5/344
f 5885/5/345 5886/5/345 5888/5/345 5887/5/345
f 5887/5/346 5888/5/346 5890/5/346 5889/5/346
f 5889/5/347 5890/5/347 5880/5/347 5879/5/347
f 5891/5/353 5892/5/353 5894/5/353 5893/5/353
f 5893/5/343 5894/5/343 5896/5/343 5895/5/343
f 5895/5/348 5896/5/348 5898/5/348 5897/5/348
f 5897/5/345 5898/5/345 5900/5/345 5899/5/345
f 5899/5/346 5900/5/346 5902/5/346 5901/5/346
f 5901/5/354 5902/5/354 5892/5/354 5891/5/354
